trajectory_id,generation_mode,random_seed,initial_airspeed,initial_altitude,initial_alpha,trim_throttle,trim_elevator,maximum_alpha,minimum_alpha,minimum_airspeed,maximum_airspeed,maximum_abs_gamma,whether_stall_occurred,time_of_first_stall,whether_validity_envelope_was_exceeded,termination_reason,n_steps,duration_actual_s,n_sanity_issues,sanity_issues
traj_0000,normal,20260817,68.78192774906715,1811.0736227008274,0.008669453031237,0.5565448567760994,0.0027092040722615624,0.008669453031237,-0.033018513860573695,68.78192774906096,102.10131423351632,0.4371642489948522,False,,False,completed_normally,2001,20.0,0,
traj_0001,normal,20260817,60.09848135276853,1486.9395926027835,0.022669830955446106,0.45269034231768496,0.007084322173576908,0.05818283807703739,0.022669830955415735,44.41938237205215,60.09848135276853,0.23916750025745956,False,,False,completed_normally,2001,20.0,0,
traj_0002,stall,20260817,44.47761110909309,1011.0973196788224,0.07094148394118388,0.3331487936448832,0.022169213731619963,0.9931883217908976,-0.2413795250494445,41.62600782317198,53.39710072112198,0.7921232151051892,True,3.73,True,validity_envelope_gamma_exceeded,1127,11.26,0,
traj_0003,boundary,20260817,74.11847633420471,1300.9420861288006,0.0023749303158961932,0.6310018852810406,0.0007421657237175604,0.002580985874142164,0.0021106434155063218,73.82988581908495,74.49241730049555,0.0028078080323023953,False,,False,completed_normally,2001,20.0,0,
traj_0004,stall,20260817,39.33709704997876,677.0389013860776,0.10003022020261379,0.3209647629916184,0.03125944381331681,0.8100002082742612,0.07942625881690124,36.78522429950833,44.073204735152274,0.23993576584013365,True,5.8,False,completed_normally,2001,20.0,0,
traj_0005,normal,20260817,71.07870870735908,1805.6611427600776,0.005788083932050224,0.5876479081998115,0.001808776228765695,0.005788083932050224,-0.030463688673621328,71.07870870735908,87.67214566436515,0.22065376506963397,False,,False,completed_normally,2001,20.0,0,
traj_0006,normal,20260817,65.19454551101617,1143.7764038315283,0.013786785713607214,0.5109237434375699,0.004308370535502254,0.03130273873308517,0.013786785713607214,60.215333279228304,65.1945455110173,0.0764035475676959,False,,False,completed_normally,2001,20.0,0,
traj_0007,normal,20260817,61.87654070082152,1912.5631610215473,0.019323523544268573,0.4720951832718961,0.006038601107583929,0.019916219936990564,0.018975220140728416,61.36284136399594,62.18524830294206,0.004819555542379246,False,,False,completed_normally,2001,20.0,0,
traj_0008,normal,20260817,51.25986996213834,1776.1428923002259,0.04469403324632694,0.3724683215659939,0.013966885389477168,0.04512283810402751,0.04419121576918307,51.0314642342287,51.534491878755304,0.00339073163997586,False,,False,completed_normally,2001,20.0,0,
traj_0009,normal,20260817,33.08577149048512,613.8728272739494,0.15327433423328185,0.33675395606052994,0.04789822944790058,0.20371324574491018,0.13105713292130242,27.785828521147604,37.80452665132314,0.152528430269204,False,,False,completed_normally,2001,20.0,0,
traj_0010,stall,20260817,31.081621997191863,984.725853749238,0.17655598042565598,0.3521304080847833,0.0551737438830175,0.17655598042565598,-0.2513024836255868,31.081621997191455,36.20489294395074,0.7854838079391095,False,,True,validity_envelope_gamma_exceeded,478,4.7700000000000005,0,
traj_0011,normal,20260817,30.22588896800572,1876.44515766011,0.18779760345295946,0.36073765300241883,0.058686751079049825,0.2491432380049467,0.115745825833669,23.223644552557047,35.38533608311508,0.266956246887776,False,,False,completed_normally,2001,20.0,0,
traj_0012,normal,20260817,57.16805841744839,1776.4470838067264,0.028870729481942657,0.4229713217176081,0.00902210296310708,0.03673542625363674,0.008821241534616914,57.16805841744839,60.94854319029761,0.10139202528260402,False,,False,completed_normally,2001,20.0,0,
traj_0013,stall,20260817,67.78051025792149,839.5658610419006,0.010017424019347354,0.5434410898168063,0.003130445006046048,0.9931249150003933,0.0020940544559576724,42.841273310594374,67.78051025792486,0.7891986259180913,True,5.46,True,validity_envelope_gamma_exceeded,944,9.43,0,
traj_0014,boundary,20260817,66.62377488736318,1982.1754133405836,0.011649901026376076,0.5286577902814736,0.0036405940707425234,0.17249679610687363,0.011649901026376076,57.37153227133635,66.62377488736553,0.7866356955955044,False,,True,validity_envelope_gamma_exceeded,433,4.32,0,
traj_0015,boundary,20260817,63.166953996958895,1114.8770049262343,0.017067652791091615,0.48679913194291163,0.0053336414972161295,0.017469044573732388,0.01645632296233129,62.79606755218552,63.737685467519306,0.004736022638200592,False,,False,completed_normally,2001,20.0,0,
traj_0016,stall,20260817,68.64014917159791,708.574928784831,0.008856754813457254,0.5546725905746299,0.002767735879205392,0.986842913215126,0.008856754813339225,21.571798584856175,68.64014917159791,0.7611870677295396,True,4.93,False,completed_normally,2001,20.0,0,
traj_0017,stall,20260817,70.27759909247489,1575.0686879291977,0.0067613914127093305,0.576635098946143,0.002112934816471666,0.34326131979646846,0.006761391412565228,62.41907129092073,70.27759909247489,0.7874770206191894,True,4.89,True,validity_envelope_gamma_exceeded,535,5.34,0,
traj_0018,normal,20260817,47.3586959582544,1865.6125291449466,0.058454251090748977,0.3470702738523232,0.018266953465859055,0.1045603532621644,0.058454251090688886,37.300173949618326,47.3586959582544,0.2127679932171159,False,,False,completed_normally,2001,20.0,0,
traj_0019,normal,20260817,33.357417821865305,723.5947949632405,0.15040031407131768,0.335130822466247,0.04700009814728678,0.1779968234522213,0.09397008435326777,28.532456766952855,40.16734087082087,0.18121301513774368,False,,False,completed_normally,2001,20.0,0,
traj_0020,stall,20260817,45.60764361429129,621.4211178097842,0.06577135101889423,0.3380732252565415,0.020553547193404444,0.0657713510189622,-0.5883664504648616,45.60764361429129,49.524916880401356,0.7885209761224028,True,4.92,True,validity_envelope_gamma_exceeded,580,5.79,0,
traj_0021,boundary,20260817,66.50771130090918,642.144940834304,0.011818364925948965,0.5271955869754813,0.0036932390393590512,0.011818364925948965,0.010786809632370286,66.50771130086531,67.619749238323,0.014594787871769195,False,,False,completed_normally,2001,20.0,0,
traj_0022,stall,20260817,53.131995566475176,601.3220863259492,0.0391168818930286,0.3870109103894149,0.012224025591571439,0.0391168818930286,-0.2684517517627407,53.13199556647378,55.31757956861943,0.7858972879851653,False,,True,validity_envelope_gamma_exceeded,375,3.74,0,
traj_0023,normal,20260817,71.20150800772812,1955.2180872884671,0.0056417572181435335,0.589351414326829,0.001763049130669854,0.031550307934938016,0.0056417572181435335,59.3097722689503,71.20150800774094,0.17122484358627335,False,,False,completed_normally,2001,20.0,0,
traj_0024,normal,20260817,52.543902100543505,812.2341192343889,0.04080612653884823,0.3822890162537807,0.012751914543390072,0.07164361539028202,0.04060461111263514,45.4145141059225,52.76209471793821,0.1446577671071456,False,,False,completed_normally,2001,20.0,0,
traj_0025,normal,20260817,51.11685174218768,1193.122438523684,0.04514488966848754,0.3714170272427607,0.014107778021402355,0.09264404810455433,0.04514488966839333,40.84761470910735,51.11685174218768,0.1667883313235317,False,,False,completed_normally,2001,20.0,0,
traj_0026,normal,20260817,58.50886076122705,971.8799251183062,0.02591959277038658,0.43621034392135666,0.008099872740745806,0.02591959277038658,-0.007787145566790915,58.50886076122652,74.40283064523275,0.24471585982614372,False,,False,completed_normally,2001,20.0,0,
traj_0027,stall,20260817,60.048347864660215,1578.5535649760384,0.022768452856235414,0.45215790422035373,0.007115141517573567,0.02315856404186235,0.022535762687059285,59.73725781999474,60.24147397397258,0.003950655309489764,False,,False,completed_normally,2001,20.0,0,
traj_0028,normal,20260817,58.606702680589365,1716.5131367539623,0.02571201528935656,0.43720041836612666,0.008035004777923925,0.07348598722934677,0.02571201528935656,40.622392992728045,58.606702680593926,0.30317093845956666,False,,False,completed_normally,2001,20.0,0,
traj_0029,stall,20260817,54.968282702017696,811.9758252586835,0.0341802278085378,0.4026222739069158,0.010681321190168062,0.03418022780860337,-0.30627723521720607,54.968282702017696,56.598056658305026,0.7912813769356775,True,5.61,True,validity_envelope_gamma_exceeded,604,6.03,0,
traj_0030,normal,20260817,69.54002851374099,1412.787251028407,0.007687099627452664,0.5666507540558494,0.0024022186335789573,0.02291890967163676,-0.02630908482199726,69.54002851374099,82.5932372675436,0.2558602341736207,False,,False,completed_normally,2001,20.0,0,
traj_0031,stall,20260817,63.9792454216176,1797.5429337674545,0.01571624272190015,0.4963160631670903,0.004911325850593797,1.112824107390982,0.01571624272190015,21.477948819433248,63.97924542162395,0.7218083700561396,True,5.74,False,completed_normally,2001,20.0,0,
traj_0032,normal,20260817,73.91459184165913,500.91115806638794,0.002590885265871168,0.6280174797672341,0.0008096516455847401,0.002590885266062145,-0.012117327512664283,73.91459184165913,86.88365152635829,0.16094074054930396,False,,False,completed_normally,2001,20.0,0,
traj_0033,normal,20260817,36.3495492492489,664.0538340404595,0.1224156792712231,0.3233777862717532,0.03825489977225722,0.12577498288201522,0.11998116451000576,35.5853219365788,36.896783479961634,0.01584572391692477,False,,False,completed_normally,2001,20.0,0,
traj_0034,normal,20260817,30.623701015172127,1075.9726113240363,0.18246026429361772,0.3565701936071144,0.05701883259175554,0.1853307831356021,0.18054391492599306,30.181492297915774,30.902656180461765,0.015940740154641603,False,,False,completed_normally,2001,20.0,0,
traj_0035,normal,20260817,39.52064716692708,1772.1135038117595,0.09880514618528474,0.32107156658104924,0.030876608182901482,0.16325331441497998,0.09880514618521821,30.468134173178207,39.52064716692708,0.18436050601583326,False,,False,completed_normally,2001,20.0,0,
traj_0036,normal,20260817,36.16902005262041,1607.700917767237,0.1239312051383045,0.32379773681942264,0.03872850160572015,0.12843759524916382,0.08766883337856912,34.90233649210154,40.347859377056146,0.1059437399456802,False,,False,completed_normally,2001,20.0,0,
traj_0037,normal,20260817,32.40820244759433,912.3835897250906,0.16071954639988387,0.3412600866820798,0.05022485824996371,0.21342848275315457,0.1461452886700102,29.64730695007145,34.53737913412945,0.11561051393114367,False,,False,completed_normally,2001,20.0,0,
traj_0038,normal,20260817,59.43330518304185,1718.4023563582114,0.023998448833792634,0.4456926876678624,0.007499515260560198,0.04706176036416567,0.023998448833623582,53.27488467173902,59.43330518304185,0.10651444519450645,False,,False,completed_normally,2001,20.0,0,
traj_0039,boundary,20260817,47.3025853372136,1272.8496880948137,0.05867659898899426,0.3467574418903877,0.018336437184060705,0.2447371831748092,0.058676598988963116,34.98960161632677,47.3025853372136,0.7855358785623109,False,,True,validity_envelope_gamma_exceeded,896,8.950000000000001,0,
traj_0040,boundary,20260817,57.238096997305846,1597.0725109376365,0.02871150322963273,0.42364753163427127,0.008972344759260228,0.17917903221482762,0.028711503229516367,43.74601115541937,57.238096997305846,0.7857075694868657,False,,True,validity_envelope_gamma_exceeded,513,5.12,0,
traj_0041,normal,20260817,70.08686722284791,1225.5362888340474,0.0069980038461463865,0.5740388969104161,0.0021868762019207457,0.007123376166080117,0.006954065317888449,69.93495520578992,70.14207753111378,0.0015482184062522546,False,,False,completed_normally,2001,20.0,0,
traj_0042,boundary,20260817,36.52105631823046,1074.0129037700794,0.12099453265329546,0.32301006068381743,0.03781079145415483,0.12099453265329546,-0.06974345368478385,36.521056318226634,51.524726131457015,0.785505950170119,False,,True,validity_envelope_gamma_exceeded,739,7.38,0,
traj_0043,normal,20260817,54.94905141998152,1796.2266304403088,0.0342294257734323,0.4024521455960495,0.010696695554197593,0.03467816572194318,0.033498676656908095,54.65258182081444,55.42183595527998,0.007336708335652258,False,,False,completed_normally,2001,20.0,0,
traj_0044,boundary,20260817,46.340655997645,797.2836451591959,0.06261074221386315,0.3416439054485278,0.019565856941832233,0.26741359501316897,0.06261074221374675,33.837445971488535,46.340655997645,0.7862759147506905,False,,True,validity_envelope_gamma_exceeded,903,9.02,0,
traj_0045,normal,20260817,73.98903048776877,1839.1542270836098,0.002511834644362102,0.629105829408831,0.0007849483263631569,0.002866914102772143,0.0025103584919738534,73.49479347734932,73.99647662489079,0.004641091010355606,False,,False,completed_normally,2001,20.0,0,
traj_0046,normal,20260817,66.10944527904753,1548.5485819173812,0.012403125130212547,0.5222076367327518,0.003875976603191421,0.044615336180095805,0.01240312513004303,47.27230040027768,66.10944527904753,0.2467388591755994,False,,False,completed_normally,2001,20.0,0,
traj_0047,stall,20260817,31.61112506588675,1906.6405472459057,0.17002091301068706,0.3474491909136684,0.05313153531583971,1.218737744114202,0.05902952505548359,31.35310956379696,63.367375885091526,0.7860243798450027,True,2.99,True,validity_envelope_gamma_exceeded,1839,18.38,0,
traj_0048,boundary,20260817,35.201616513773,1296.5311785714964,0.13240921219330917,0.32664536190187055,0.041377878810409115,0.16811051368717958,-0.04679473025082581,25.700082189506144,61.24556700566533,0.7456104620541697,False,,False,completed_normally,2001,20.0,0,
traj_0049,boundary,20260817,50.35213956977439,985.7958581102004,0.04761958343393603,0.36594464583506964,0.01488111982310501,0.17815903028885793,0.04761958343393603,32.648454544472344,50.35213956977546,0.7855667750113847,False,,True,validity_envelope_gamma_exceeded,813,8.120000000000001,0,
traj_0050,normal,20260817,69.21962445027975,1032.4750692110954,0.008098385895328256,0.5623601653333197,0.00253074559229008,0.05109963698021072,-0.022154336535391644,59.50539589822751,73.75599808805373,0.23867026230034288,False,,False,completed_normally,2001,20.0,0,
traj_0051,boundary,20260817,31.410134433685855,1073.473877209973,0.17246630091947307,0.34917059860759714,0.05389571903733533,0.7374011798630267,0.12459737759748371,28.305677994346098,41.807819993174135,0.3840127323818272,True,7.0,False,completed_normally,2001,20.0,0,
traj_0052,stall,20260817,42.81894816163815,1119.2375857677268,0.07925108264711267,0.3272819890745435,0.02476596332722271,0.07925108264712014,-0.5948078868860779,42.81894816163815,47.07720354156034,0.7866489037535672,True,2.23,True,validity_envelope_gamma_exceeded,316,3.15,0,
traj_0053,boundary,20260817,44.74964734706836,782.4988953985054,0.0696624072364439,0.33426807400843944,0.02176950226138872,0.2563943879705123,0.06966240723628367,30.612255665806153,44.74964734706836,0.786334763525723,False,,True,validity_envelope_gamma_exceeded,448,4.47,0,
traj_0054,stall,20260817,32.09164480065074,1444.5168853359178,0.1643402258864603,0.34359911329623766,0.05135632058951885,0.1644424354929392,-0.3220947611033007,32.02941275077139,36.01437463723504,0.7864590020922124,True,3.18,True,validity_envelope_gamma_exceeded,371,3.7,0,
traj_0055,normal,20260817,44.47442588919496,1951.952910310689,0.07095659387867978,0.3331359420711641,0.022173935587087433,0.09487110640437009,0.05828405657399238,41.876537164745315,47.17513615960436,0.07229822730345138,False,,False,completed_normally,2001,20.0,0,
traj_0056,normal,20260817,61.06129992700555,1586.776265495208,0.02082202468019158,0.4630731453450309,0.006506882712559869,0.021059841832974845,0.020232683236991594,60.848962735627936,61.56312738042174,0.008132288314932849,False,,False,completed_normally,2001,20.0,0,
traj_0057,stall,20260817,30.42711603375853,1713.6818154298237,0.18507246866872654,0.3585926194286734,0.05783514645897704,1.3231898193831224,0.18507246866862373,30.302808524381323,48.45901634286034,0.7856029763910061,True,3.83,True,validity_envelope_gamma_exceeded,847,8.46,0,
traj_0058,boundary,20260817,40.61515895010286,982.2744489153473,0.0918185456695845,0.32225793034449013,0.028693295521745158,0.09181854566972543,-0.04525212933585354,40.61515895010286,57.694701012806995,0.7859727872091624,False,,True,validity_envelope_gamma_exceeded,749,7.48,0,
traj_0059,normal,20260817,34.41872925121532,654.4687884661287,0.13973716350831233,0.3297308155016625,0.043667863596347604,0.1407059809383271,0.13880644048201043,34.232165912917225,34.61060145714388,0.006025534738168679,False,,False,completed_normally,2001,20.0,0,
traj_0060,boundary,20260817,63.82681273845817,1302.5873839587216,0.01596596561898102,0.494514951555169,0.00498936425593157,0.01596596561914371,-0.12294606078624504,63.82681273845817,112.3518700623159,0.7031462908147529,False,,False,completed_normally,2001,20.0,0,
traj_0061,boundary,20260817,46.70712805764867,599.9408272607833,0.06108419025663395,0.3435358486405266,0.01908880945519811,0.06108419025663395,-0.12772550519480513,46.70712805764864,78.57964606505271,0.6120792137651009,False,,False,completed_normally,2001,20.0,0,
traj_0062,boundary,20260817,35.17592869164468,1677.5056349540612,0.13264282255049012,0.3267351804874938,0.04145088204702816,0.13300254656002358,-0.09703064498229452,35.008967910063745,44.81924310719876,0.7866508116506862,False,,True,validity_envelope_gamma_exceeded,813,8.120000000000001,0,
traj_0063,normal,20260817,57.66641501373705,1951.5684911352496,0.027750151843891853,0.4278199458641129,0.008671922451216204,0.027750151843988803,0.0053945922342372166,57.66641501373705,64.60017136195196,0.11432784104090411,False,,False,completed_normally,2001,20.0,0,
traj_0064,normal,20260817,58.338028515606524,1968.3577533739754,0.02628449254561707,0.4344894154868168,0.008213903920505335,0.05405524428234003,-0.0012257793845805443,52.28059145900503,62.57495340699871,0.15298326224805778,False,,False,completed_normally,2001,20.0,0,
traj_0065,normal,20260817,63.69784456040991,806.6976574517972,0.016178632247221495,0.49299655330180425,0.005055822577256717,0.03175330790818169,0.016178632247103704,60.56831450358175,63.69784456040991,0.04981672653790523,False,,False,completed_normally,2001,20.0,0,
traj_0066,boundary,20260817,53.16480080303943,1863.3800465548115,0.03902426572265041,0.3872783589230421,0.012195083038328253,0.1933164889709652,0.039024265722568584,40.94952802468268,53.16480080303943,0.7870128555256253,False,,True,validity_envelope_gamma_exceeded,803,8.02,0,
traj_0067,normal,20260817,42.74261831510132,1722.100002347438,0.07965581754133189,0.32705320617526445,0.024892442981666214,0.13162012146651095,0.06304865777278482,33.51668832463531,49.36517089216999,0.20200597065525638,False,,False,completed_normally,2001,20.0,0,
traj_0068,normal,20260817,53.49903318799135,1515.9587673121334,0.038090153147817024,0.39002735376693304,0.01190317285869282,0.038498490335514716,0.037573263603848335,53.244721665898915,53.81021017054054,0.007321706452739051,False,,False,completed_normally,2001,20.0,0,
traj_0069,normal,20260817,46.525474420645864,1998.522856290606,0.06183651800763583,0.34258928885389933,0.019323911877386198,0.12438067167842556,0.06183651800752305,35.3469589269928,46.525474420645864,0.21377128304966236,False,,False,completed_normally,2001,20.0,0,
traj_0070,boundary,20260817,37.1741936082526,1870.3605414087765,0.11574389886445213,0.32188050369954335,0.03616996839514129,0.5196179038160939,0.08153749720847882,23.91338147608579,47.8747709274942,0.34479890502928506,True,4.93,False,completed_normally,2001,20.0,0,
traj_0071,stall,20260817,64.98422226098646,1849.0012467637066,0.014113063819770233,0.5083643775450133,0.004410332443678198,0.9811566540661638,0.012635701430645963,27.83586412046707,64.98422226098799,0.6361427402523425,True,2.71,False,completed_normally,2001,20.0,0,
traj_0072,stall,20260817,30.276602475753165,591.0441640219941,0.18710579371195138,0.3601898248290192,0.058470560534984804,0.19287590570292576,0.1813505793335455,29.49603764922751,31.17637121608186,0.03269276538916901,False,,False,completed_normally,2001,20.0,0,
traj_0073,normal,20260817,72.65041473148847,1832.7499309959924,0.0039703577331514,0.6097571500696413,0.0012407367916098125,0.004233455915526921,0.0035593072112975353,72.29924051600041,73.20545194916187,0.00421391047014911,False,,False,completed_normally,2001,20.0,0,
traj_0074,stall,20260817,36.86082504792166,1659.2232922327833,0.1182316714875622,0.32236968638974306,0.036947397339863186,0.11880425484951339,-0.2492434759999953,36.69719232270603,40.947813297992006,0.7877744632491115,False,,True,validity_envelope_gamma_exceeded,791,7.9,0,
traj_0075,normal,20260817,73.58057323058655,1972.7856446244316,0.0029485295782401043,0.6231517873857702,0.0009214154932000325,0.03982249614172681,0.0029485295782401043,51.944348470450095,73.58057323058888,0.3117718840090974,False,,False,completed_normally,2001,20.0,0,
traj_0076,normal,20260817,58.46004333279991,1811.9694112466882,0.026023545939846956,0.4357175610996378,0.008132358106202175,0.046091503685367595,-0.00781798697396549,57.91183576784053,66.85497396035215,0.22176045276175027,False,,False,completed_normally,2001,20.0,0,
traj_0077,normal,20260817,59.661789490899395,811.5811416094476,0.023537134148466872,0.4480800058846259,0.007355354421395898,0.06357023486351887,0.023537134148466872,46.208771837491774,59.66178949090393,0.23037397408099497,False,,False,completed_normally,2001,20.0,0,
traj_0078,normal,20260817,33.62334330928202,1605.4713902997246,0.14764555028634263,0.33363949070260934,0.04613923446448207,0.2395539612584474,0.11720391626626242,25.708499706449864,40.74101172771624,0.22495170214773672,False,,False,completed_normally,2001,20.0,0,
traj_0079,normal,20260817,30.899029189865924,1990.5808917017298,0.17888094445461974,0.35385606030620775,0.05590029514206867,0.21564201291193108,0.16693816934669012,28.112591448596422,32.985302113511025,0.08529412658097855,False,,False,completed_normally,2001,20.0,0,
traj_0080,stall,20260817,58.20834576494379,590.9403826950193,0.02656361158592014,0.43318961588264465,0.008301128620600045,0.027842779913708725,0.024658287512175976,57.239247093053265,59.66705216209015,0.022652886193042194,False,,False,completed_normally,2001,20.0,0,
traj_0081,boundary,20260817,34.0697373377477,804.5751643066928,0.14314748262780988,0.33134630539498156,0.044733588321190586,0.14314748262786753,-0.08065440307591931,34.0697373377477,45.92230849964773,0.786720113428009,False,,True,validity_envelope_gamma_exceeded,606,6.05,0,
traj_0082,boundary,20260817,63.83358352334094,1111.6288695876535,0.01595483586013699,0.4945948053791678,0.004985886206292809,0.01595483586013699,-0.1395138097773056,63.83358352332748,105.95202086608492,0.6202203358757576,False,,False,completed_normally,2001,20.0,0,
traj_0083,stall,20260817,71.41745000286076,1791.9233069373356,0.005386252784301099,0.5923569003991596,0.0016832039950940936,1.0467379799123693,0.005386252784214935,26.595187215227483,71.41745000286076,0.7038416791785892,True,5.71,False,completed_normally,2001,20.0,0,
traj_0084,normal,20260817,68.33050985932181,1965.253852617836,0.009269833272084627,0.5506031472056164,0.002896822897526446,0.009770658334879872,0.009269833272084627,67.7662214789766,68.33050985933266,0.0068100202403518825,False,,False,completed_normally,2001,20.0,0,
traj_0085,normal,20260817,66.06463645877525,1961.7795334873892,0.012469571543859297,0.5216493133196376,0.00389674110745603,0.012469571543867814,-0.030841960100952193,66.06463645877525,81.16346940310882,0.22073331935715326,False,,False,completed_normally,2001,20.0,0,
traj_0086,normal,20260817,56.27562112718189,986.378411867936,0.030951072225350883,0.4145061087554658,0.009672210070422151,0.07337988682220717,0.009490988269898554,40.43573518202896,59.38186865606946,0.30144627593479867,False,,False,completed_normally,2001,20.0,0,
traj_0087,normal,20260817,59.39118704283938,1908.324307685652,0.024084059543691614,0.44525449271538226,0.007526268607403629,0.024898602354764442,0.023736194805012413,58.75827420285225,59.67585680320271,0.007914813648037276,False,,False,completed_normally,2001,20.0,0,
traj_0088,boundary,20260817,74.96703425625543,519.6459114365467,0.0014948119137636548,0.643539521347562,0.0004671287230511421,0.11198271048899389,0.0014948119137636548,64.32397365913634,74.96703425625822,0.7884452084806656,False,,True,validity_envelope_gamma_exceeded,458,4.57,0,
traj_0089,boundary,20260817,62.683930277652,1623.5774391509046,0.017895970991408865,0.4812350908701671,0.005592490934815271,0.1898451920506966,0.017895970991229644,53.16011569628632,62.683930277652,0.7883624711267406,False,,True,validity_envelope_gamma_exceeded,375,3.74,0,
traj_0090,normal,20260817,31.599478210435993,1621.0608702158745,0.17016147318158584,0.3475471228151894,0.05317546036924558,0.1807848116607598,0.12762786084463995,29.850419822890785,34.29885598814433,0.08536993918131369,False,,False,completed_normally,2001,20.0,0,
traj_0091,boundary,20260817,43.619165962506464,528.2686789905024,0.07512909714595192,0.3299024320279766,0.023477842858109978,0.31609963807604324,0.07495501938444461,31.737351811113943,43.741688752303446,0.787251147402916,True,7.03,True,validity_envelope_gamma_exceeded,781,7.8,0,
traj_0092,normal,20260817,58.23911803815336,1240.8356190222682,0.02649721355678943,0.4334975274307386,0.008280379236496696,0.051510142479937696,0.026133353102391704,48.67134891946329,58.53453175684914,0.15796849958674772,False,,False,completed_normally,2001,20.0,0,
traj_0093,boundary,20260817,42.03238040963233,937.9590550981287,0.08352268697521514,0.32510708618513784,0.026100839679754732,0.08504389711876545,0.08203068724964917,41.53576660742958,42.51720109458232,0.009404608835395999,False,,False,completed_normally,2001,20.0,0,
traj_0094,boundary,20260817,41.1997389993732,1894.3127693715244,0.08829887671573564,0.32326048372762495,0.027593398973667388,0.671133173499209,0.055292237478998,20.004330347529272,54.39167783281529,0.6141660006061428,True,10.41,False,completed_normally,2001,20.0,0,
traj_0095,normal,20260817,52.15647080943009,1048.2095607056651,0.04194968166312983,0.37925431883402694,0.013109275519728073,0.04262479913827937,0.04154342062167913,51.78146755188446,52.39440819436596,0.006543939275968458,False,,False,completed_normally,2001,20.0,0,
traj_0096,normal,20260817,74.75595635075648,830.8038585094398,0.0017109682181455433,0.6404032652769541,0.0005346775681704822,0.03160850881457167,-0.016151220361982396,65.54315127950325,74.75595635075648,0.21435616933981747,False,,False,completed_normally,2001,20.0,0,
traj_0097,normal,20260817,44.00196538999489,839.0018082520827,0.07323276665717413,0.33129568719013586,0.022885239580366912,0.07488209588632116,0.07130817781937877,43.42205461748903,44.72918247175712,0.017357581093153662,False,,False,completed_normally,2001,20.0,0,
traj_0098,boundary,20260817,66.14696411316453,1809.6066760975077,0.012347591604330983,0.5226755733394247,0.003858622376353432,0.012347591604421726,-0.10272480338599888,66.14696411316453,74.60942791761796,0.7882935426405411,False,,True,validity_envelope_gamma_exceeded,741,7.4,0,
traj_0099,normal,20260817,63.72452859839823,1004.5764585157541,0.016134525994980334,0.49331030465010073,0.005042039373431354,0.016591094334668183,0.015951837353180794,63.29607554644747,63.904175845313404,0.005294260050655693,False,,False,completed_normally,2001,20.0,0,
traj_0100,boundary,20260817,57.09838701441004,1545.9511433195476,0.029029693321275876,0.42230035636235197,0.00907177916289871,0.029029693321339,-0.08010797835834549,57.09838701441004,68.38686284251048,0.7861631580012329,False,,True,validity_envelope_gamma_exceeded,842,8.41,0,
traj_0101,stall,20260817,69.18108121862434,540.8971845537742,0.008148243299062923,0.5618459391670606,0.0025463260309571637,0.008148243299062923,-0.2833001224675843,69.18108121862188,69.81843185821074,0.7933693807009842,True,3.18,True,validity_envelope_gamma_exceeded,329,3.2800000000000002,0,
traj_0102,stall,20260817,58.80406570834741,1378.9185416741354,0.025296399519687655,0.4392073515401324,0.007905124849902391,0.02529639951980276,-0.3247187101511373,58.80406570834741,60.086782669318325,0.7894080859959116,True,1.87,True,validity_envelope_gamma_exceeded,231,2.3000000000000003,0,
traj_0103,stall,20260817,62.049783582659764,537.1594499717172,0.019012570725359522,0.4740392924590075,0.00594142835167485,0.3068952547352871,0.018135148727893215,54.61193899823273,62.83354773195822,0.7867391204956501,True,5.32,True,validity_envelope_gamma_exceeded,579,5.78,0,
traj_0104,boundary,20260817,52.12451037864522,731.8414690317027,0.04204513284508196,0.37900670668506775,0.013139104014088113,0.04204513284520931,-0.13328149215873342,52.12451037864522,59.133711915634066,0.7877331338609537,False,,True,validity_envelope_gamma_exceeded,524,5.23,0,
traj_0105,normal,20260817,64.41512753037367,819.4268594624727,0.015011798613502388,0.501504779770021,0.004691187066719496,0.04110216803269985,0.015011798613397975,56.683508792386455,64.41512753037367,0.12223675992058648,False,,False,completed_normally,2001,20.0,0,
traj_0106,stall,20260817,34.89372697817966,1473.8537906734377,0.13523928779965796,0.3277721784552379,0.042262277437393116,1.2595763857724407,-0.27884483552371153,34.053792114496744,54.98504580589347,0.791880937780988,True,1.21,True,validity_envelope_gamma_exceeded,734,7.33,0,
traj_0107,boundary,20260817,51.79282529612057,520.8348905750108,0.04304595174567488,0.37646177797383795,0.0134518599205234,0.04344130401086438,0.042295319575949834,51.57202505148013,52.20835668713721,0.004479737269564886,False,,False,completed_normally,2001,20.0,0,
traj_0108,normal,20260817,67.65281874985317,1273.946601720576,0.010193574488774133,0.541790495684257,0.0031854920277419162,0.02128002669689642,-0.0065786679046659705,66.02517747580711,70.36875167614554,0.08455471144140114,False,,False,completed_normally,2001,20.0,0,
traj_0109,boundary,20260817,74.35453828170878,1705.6070875551186,0.002127088401666235,0.6344708910869642,0.0006647151255206984,0.11985313843993939,0.002127088401666235,64.13529587851346,74.35453828171059,0.7873342922524246,False,,True,validity_envelope_gamma_exceeded,440,4.39,0,
traj_0110,normal,20260817,68.41722150629758,604.9430732023342,0.00915359485720962,0.5517400536421343,0.0028604983928780066,0.04461934483884941,0.009027766208467038,48.96758754760535,68.63285787949135,0.263199859306929,False,,False,completed_normally,2001,20.0,0,
traj_0111,normal,20260817,36.7286599381054,1550.1698020006,0.11929817874742793,0.3226050139297516,0.03728068085857123,0.16546165856017758,0.1076319118032364,30.204132812717223,39.78110718027296,0.17633678410859682,False,,False,completed_normally,2001,20.0,0,
traj_0112,boundary,20260817,72.94017775539632,895.3365583004069,0.00364788200027329,0.6139052894350813,0.001139963125085403,0.003647882000435917,-0.10980006108312068,72.94017775539632,80.69784474997077,0.7855087993237473,False,,True,validity_envelope_gamma_exceeded,860,8.59,0,
traj_0113,stall,20260817,72.88761726539357,1643.1539735381891,0.0037060935736564775,0.6131511990158606,0.001158154241767649,0.22444986478526985,0.003603348854108655,65.71342529096198,73.15717504415586,0.787265302313645,False,,True,validity_envelope_gamma_exceeded,407,4.0600000000000005,0,
traj_0114,normal,20260817,67.86537738709404,1184.1758143224383,0.009900893504594992,0.5445406660059235,0.003094029220185935,0.05488615289639344,-0.009386396533952124,56.99835388565483,67.86537738709404,0.25678474685799024,False,,False,completed_normally,2001,20.0,0,
traj_0115,stall,20260817,34.48262343776952,1882.4167609263143,0.13912261283013547,0.3294514433078608,0.043475816509417335,0.13912261283013547,-0.24991223502891202,34.48262343776583,39.159910783402935,0.788915053912669,False,,True,validity_envelope_gamma_exceeded,673,6.72,0,
traj_0116,normal,20260817,72.83494076696161,561.8907510320835,0.0037645589144337773,0.6123961791831259,0.0011764246607605553,0.0380383088840984,-0.023522073418740436,64.26241710972492,72.83494076696893,0.22742023209046092,False,,False,completed_normally,2001,20.0,0,
traj_0117,normal,20260817,43.840970972114455,1707.6942065013218,0.0740245237054154,0.3306989292925647,0.023132663657942313,0.11040879877032182,0.06629587661336148,38.4516491377138,46.917882823463884,0.11811422075185692,False,,False,completed_normally,2001,20.0,0,
traj_0118,boundary,20260817,31.90334337384129,1622.8416888968925,0.1665391626671067,0.3450640376306895,0.05204348833347084,0.6442075910582948,0.15619400044172924,31.299159417119288,33.522842315998915,0.11622732148012589,True,6.55,False,completed_normally,2001,20.0,0,
traj_0119,normal,20260817,73.28822365246396,1321.017522002345,0.0032655412017676614,0.6189171939623902,0.0010204816255523943,0.003496791309904394,0.0030093561059517486,72.97319981307199,73.64103594329416,0.002129103937780743,False,,False,completed_normally,2001,20.0,0,
traj_0120,normal,20260817,69.91145972560581,1013.1197600462187,0.007217299861738905,0.5716600805060994,0.002255406206793408,0.007217299861738905,-0.028036697156885948,69.91145972560453,84.95147727770332,0.2064159242306557,False,,False,completed_normally,2001,20.0,0,
traj_0121,stall,20260817,47.231391333886116,1886.4782132643802,0.05895982281280833,0.3463627914122417,0.018424944629002602,0.05895982281280833,-0.24532642682483263,47.23139133388408,50.450392489806475,0.7904395751513597,False,,True,validity_envelope_gamma_exceeded,297,2.96,0,
traj_0122,normal,20260817,45.99734441254392,1750.4817597014967,0.06407289428137197,0.33993566637096073,0.02002277946292874,0.11837656225099127,0.05710498789701468,36.09474309017971,48.97269833538895,0.19018532838334523,False,,False,completed_normally,2001,20.0,0,
traj_0123,stall,20260817,54.28825982309132,1677.8517452753415,0.035951181685666175,0.3966907191411534,0.01123474427677068,0.037387071751053304,0.03484997504046901,53.41052846184431,54.99436366712736,0.013662156279518955,False,,False,completed_normally,2001,20.0,0,
traj_0124,normal,20260817,57.197466967606296,1436.7086874374957,0.02880380175771764,0.4232550475514583,0.009001188049286762,0.02880380175771764,-0.005157952186729375,57.19746696757259,62.68415750081992,0.0946090112005296,False,,False,completed_normally,2001,20.0,0,
traj_0125,stall,20260817,71.3950726148862,973.666913374836,0.005412623325658534,0.5920448671189901,0.001691444789268292,0.005412623325706732,-0.19556817279640726,71.3950726148862,74.65449610349731,0.7888117531378476,False,,True,validity_envelope_gamma_exceeded,423,4.22,0,
traj_0126,stall,20260817,49.58402851903588,1627.41723773733,0.05021851748899049,0.36070612465730756,0.015693286715309528,0.050218517489029994,-0.41043526336268876,49.58402851903588,52.161308584290005,0.7898687442621962,True,5.75,True,validity_envelope_gamma_exceeded,633,6.32,0,
traj_0127,stall,20260817,30.51515652195713,1462.3036941762637,0.18389660857472992,0.3576780412585479,0.057467690179603105,0.18389660857478374,-0.259011358159532,30.51515652195713,35.57648933555513,0.7863411690431462,False,,True,validity_envelope_gamma_exceeded,355,3.54,0,
traj_0128,boundary,20260817,54.46230003400604,701.0456569207821,0.03549173098748927,0.39819220890572976,0.011091165933590396,0.19505033267123606,0.03549173098748927,43.133430375393544,54.46230003401277,0.7876715207613194,False,,True,validity_envelope_gamma_exceeded,551,5.5,0,
traj_0129,normal,20260817,41.74160790061089,828.8616695612925,0.08515997229946648,0.3244077184213456,0.026612491343583275,0.1210734236953509,0.04120058497058431,37.90347500894894,49.41722904877422,0.1897218500093658,False,,False,completed_normally,2001,20.0,0,
traj_0130,stall,20260817,71.34370812995736,1594.9547083907173,0.0054732465462431585,0.5913291445085086,0.001710389545700987,0.40318588808057154,0.0054732465462431585,63.32232205572205,71.343708129958,0.7889789291842401,True,1.58,True,validity_envelope_gamma_exceeded,215,2.14,0,
traj_0131,normal,20260817,59.006804847325725,1130.7888818374308,0.02487373336314222,0.44128253085919844,0.007773041675981944,0.02487373336314222,-0.01895361608052898,59.006804847312,77.99466320445754,0.2604388264590567,False,,False,completed_normally,2001,20.0,0,
traj_0132,normal,20260817,62.524148034931734,1313.4084460496056,0.01817415591503205,0.4794102910996398,0.005679423723447516,0.05686144391525383,0.014054849328008434,49.038089552905355,62.524148034931734,0.2635981470243157,False,,False,completed_normally,2001,20.0,0,
traj_0133,normal,20260817,40.29748169923161,1488.3570620502992,0.09379172015664891,0.32181887240625484,0.029309912548952783,0.09545968900417648,0.09196709542915672,39.822948411143436,40.84886672106537,0.014460196100469395,False,,False,completed_normally,2001,20.0,0,
traj_0134,normal,20260817,41.179910200482745,1281.59864054164,0.08841595884357434,0.32322242854769895,0.02762998713861698,0.09940581790900274,0.0388858820122959,37.55389950279782,49.34519996787908,0.16832743626382635,False,,False,completed_normally,2001,20.0,0,
traj_0135,normal,20260817,67.51123646885746,554.3586540927976,0.010390044308401711,0.5399657376742492,0.0032468888463755346,0.01051594041740823,0.010070916788470241,67.37126880944756,67.8637299758024,0.002191808926615768,False,,False,completed_normally,2001,20.0,0,
traj_0136,normal,20260817,47.170073547902106,1319.2588241697124,0.05920475311679134,0.34602493404492873,0.01850148534899729,0.05920475311679134,0.02504752226731234,47.170073547901296,53.34187890416393,0.12767508855761128,False,,False,completed_normally,2001,20.0,0,
traj_0137,boundary,20260817,33.12773769514937,1525.3883005956898,0.15282630000119565,0.33649650958968635,0.04775821875037364,0.2697119046563252,-0.04328231468903143,16.13380061920045,64.14024082079983,0.7839827938880374,False,,False,completed_normally,2001,20.0,0,
traj_0138,normal,20260817,33.29548249424993,1189.4309644650614,0.15105019108057835,0.33549193057393584,0.047203184712680736,0.1537945788493602,0.1493195356294161,32.78190084206781,33.60658024233648,0.01679442900003291,False,,False,completed_normally,2001,20.0,0,
traj_0139,normal,20260817,51.489650138106484,690.672001727159,0.04397733797764389,0.3741754815187388,0.013742918118013715,0.08201337508893172,0.04301632850173309,44.38796758738786,52.030177925839304,0.1392650145042808,False,,False,completed_normally,2001,20.0,0,
traj_0140,normal,20260817,53.93109563169935,596.5765584100036,0.036907766497923794,0.39364551130875963,0.011533677030601186,0.03723713334742726,0.03642571366839354,53.730889635512746,54.22942703967248,0.0037582033588365333,False,,False,completed_normally,2001,20.0,0,
traj_0141,normal,20260817,44.393974528959056,1102.0662845198613,0.07133927088393563,0.3328133024010137,0.022293522151229882,0.07267160855015246,0.07036603507872155,43.91214310535866,44.77867222959564,0.012819448026683925,False,,False,completed_normally,2001,20.0,0,
traj_0142,stall,20260817,49.15306350632943,1457.4764903523012,0.05172895237893312,0.35788336151263067,0.0161652976184166,0.05172895237897999,-0.394785189780148,49.15306350632943,51.521562056084655,0.7917451964005626,True,5.5200000000000005,True,validity_envelope_gamma_exceeded,617,6.16,0,
traj_0143,stall,20260817,62.4353598964479,1902.0740634503932,0.018329650474323615,0.47839968542229483,0.005728015773226129,0.01832965047442613,-0.3993738006197407,62.4353598964479,63.72061791034804,0.7890738251043488,True,2.61,True,validity_envelope_gamma_exceeded,309,3.08,0,
traj_0144,boundary,20260817,59.02117173063057,1010.8309500881119,0.024843944318538966,0.441430106474471,0.007763732599543427,0.024843944318538966,-0.1430750378852091,59.02117173063057,67.49318437909925,0.7854446784866694,False,,True,validity_envelope_gamma_exceeded,700,6.99,0,
traj_0145,stall,20260817,66.72249914931551,1110.630194416109,0.011507288501726286,0.52990459416854,0.0035960276567894643,0.011507288501864821,-0.3942279376411788,66.6472406799685,67.46933607052996,0.7862696172243615,True,5.08,True,validity_envelope_gamma_exceeded,556,5.55,0,
traj_0146,normal,20260817,33.701321105928216,546.5616850927289,0.14684854434477887,0.3332201279731705,0.04589017010774339,0.15394470494651125,0.12399691138257687,32.25617549010619,36.19372316550678,0.06675543509891568,False,,False,completed_normally,2001,20.0,0,
traj_0147,normal,20260817,33.586964064311445,602.1371806325325,0.14801903883008816,0.3338379000407628,0.04625594963440255,0.21548882511902545,0.11814081948591243,27.359696105036516,40.5063226246499,0.21861390110432108,False,,False,completed_normally,2001,20.0,0,
traj_0148,normal,20260817,32.14070146160255,1692.350635935141,0.1637729585252468,0.3432265650016094,0.05117904953913962,0.21729257766593588,0.14848032377877174,28.101232601652,35.11901259711126,0.1276901457623964,False,,False,completed_normally,2001,20.0,0,
traj_0149,boundary,20260817,56.91697878054544,1260.0534824117262,0.029446296244684863,0.42056129351585847,0.009201967576464019,0.029446296244806443,-0.0955406563564215,56.91697878054544,66.4809650374804,0.7859066836420608,False,,True,validity_envelope_gamma_exceeded,532,5.3100000000000005,0,
traj_0150,normal,20260817,33.33957523124774,586.2355768734324,0.15058720935970998,0.3352343135072012,0.047058502924909366,0.22857596843783343,0.1305526619375884,26.52409628011756,37.6789972004222,0.1947196898275228,False,,False,completed_normally,2001,20.0,0,
traj_0151,normal,20260817,46.65375861635783,944.6025894942475,0.06130434149853671,0.343255974949404,0.01915760671829272,0.06201835918186983,0.060134801439479274,46.33125920223869,47.143539932368434,0.01317423713635296,False,,False,completed_normally,2001,20.0,0,
traj_0152,normal,20260817,38.241962998325626,1209.1868790596423,0.10768101881623793,0.3209107986571902,0.03365031838007435,0.14009474084525605,0.06716338716274818,33.962422688025256,46.59707314250166,0.22733076432027208,False,,False,completed_normally,2001,20.0,0,
traj_0153,boundary,20260817,47.232749046334646,1946.3254676011338,0.058954409960309755,0.3463702937802342,0.018423253112596797,0.058954409960309755,-0.08555225873841654,47.232749046334646,58.24410249215079,0.7857881900828595,False,,True,validity_envelope_gamma_exceeded,426,4.25,0,
traj_0154,boundary,20260817,69.79850860795094,571.5176546608169,0.007359379345760248,0.5701327446141371,0.0022998060455500773,0.1129395513952598,0.007359379345644407,57.70597147634881,69.79850860795094,0.7858225335490426,False,,True,validity_envelope_gamma_exceeded,702,7.01,0,
traj_0155,normal,20260817,67.73066545268394,1139.9282434891338,0.010086067682548848,0.5427962264763144,0.003151896150796515,0.05334870214130377,0.010086067682548848,51.75133721879412,67.73066545268621,0.2446165131427448,False,,False,completed_normally,2001,20.0,0,
traj_0156,normal,20260817,49.77120091631899,1993.8662820147495,0.04957439225186735,0.36195835674277765,0.015491997578708545,0.06513243400389439,0.04957439225184811,45.67301878909154,49.77120091631899,0.08494990469052607,False,,False,completed_normally,2001,20.0,0,
traj_0157,boundary,20260817,37.93640203424161,1065.8037038436883,0.10992501798609514,0.3210813787810432,0.034351568120654735,0.11289781222415644,0.10633389578366968,37.216217262618365,38.88483859567288,0.026601541729930154,False,,False,completed_normally,2001,20.0,0,
traj_0158,stall,20260817,59.50996702819218,1780.4758112499449,0.023843083014700974,0.44649177449645755,0.007450963442094055,0.02461879624659634,0.023708605514774987,58.90501267208805,59.630733881884254,0.011159019295004475,False,,False,completed_normally,2001,20.0,0,
traj_0159,stall,20260817,67.66806489552673,1077.6050361757316,0.010172490556578817,0.5419873313980872,0.0031789032989308803,0.01017249055669545,-0.2575955187702035,67.66806489552673,68.95413348664421,0.7890075023620149,False,,True,validity_envelope_gamma_exceeded,486,4.8500000000000005,0,
traj_0160,stall,20260817,52.35321084886451,1736.0731152862395,0.04136587196089109,0.38078773827053874,0.012926834987778465,0.041365871960950894,-0.5691446543501966,52.35321084886451,55.36083478950459,0.7867792947785486,True,2.25,True,validity_envelope_gamma_exceeded,307,3.06,0,
traj_0161,boundary,20260817,33.054552743162546,816.8250102792958,0.1536085941866906,0.3369470732207163,0.04800268568334081,0.15579365257442523,0.15139312701988064,32.65118340397629,33.44816533796242,0.01329456157063954,False,,False,completed_normally,2001,20.0,0,
traj_0162,stall,20260817,55.080591714227744,1173.7335345347803,0.033893925915579715,0.40361855470114,0.010591851848618659,0.033893925915707404,-0.2964841572058654,55.080591714227744,56.717143386797844,0.7918923918910983,True,6.8500000000000005,True,validity_envelope_gamma_exceeded,723,7.22,0,
traj_0163,boundary,20260817,67.50716566340746,1339.5968989031157,0.010395711343200064,0.5399133558251799,0.00324865979475002,0.010395711343200064,0.009542726560557265,67.50716566340603,68.46143490415635,0.01255206876751344,False,,False,completed_normally,2001,20.0,0,
traj_0164,stall,20260817,44.036195526247084,1554.8562885055076,0.07306549580570776,0.33142457175466594,0.022832967439283675,0.07306549580581559,-0.4275692719996419,44.036195526247084,46.71337761207643,0.7873722540777165,True,5.5,True,validity_envelope_gamma_exceeded,624,6.23,0,
traj_0165,normal,20260817,66.63225113954631,1792.637944323583,0.011637632018860582,0.5287647283413681,0.0036367600058939318,0.011637632018860582,-0.0035873133108244165,66.63225113953796,74.45124223057277,0.11317490392412284,False,,False,completed_normally,2001,20.0,0,
traj_0166,normal,20260817,55.05017146492545,1316.1218031564763,0.033971304341514116,0.4033482374420026,0.01061603260672316,0.08387538946572984,0.03397130434134796,39.036881474758516,55.05017146492545,0.30698527868896064,False,,False,completed_normally,2001,20.0,0,
traj_0167,normal,20260817,32.4578987158701,1395.535254802017,0.16015958296891483,0.3409066990191611,0.05004986967778589,0.16304790781993778,0.15710902193950596,31.948371167425197,32.98930702960607,0.017155215646508116,False,,False,completed_normally,2001,20.0,0,
traj_0168,normal,20260817,43.5410459271035,1480.6499716823723,0.07552197416188283,0.32962905187563907,0.02360061692558838,0.07639744381200778,0.07381584747859624,43.23585653228169,44.15977427317228,0.012156281664366298,False,,False,completed_normally,2001,20.0,0,
traj_0169,normal,20260817,35.325774499497534,1446.4474768161235,0.13128644596843106,0.3262218606407416,0.0410270143651347,0.20572884625309945,0.09866929248650706,25.684573668745564,44.13562953755428,0.2615960574267538,False,,False,completed_normally,2001,20.0,0,
traj_0170,stall,20260817,43.07350250265126,1632.3204629570846,0.0779160894602732,0.3280719120622514,0.024348777956335374,0.7896718322358404,0.06770875686827207,36.09014362761198,47.018670805378925,0.2318318884182549,True,3.38,False,completed_normally,2001,20.0,0,
traj_0171,normal,20260817,30.58838253221895,738.3833599925356,0.18292602464975208,0.3569282914816107,0.05716438270304752,0.22413811933272026,0.16649498222872638,27.39100434881289,33.37033229370878,0.10721832769354099,False,,False,completed_normally,2001,20.0,0,
traj_0172,stall,20260817,39.61265834475202,793.5075283846409,0.09819697444288222,0.32113530859882444,0.030686554513400695,0.09819697444288222,-0.24198212792431606,39.612658344751466,43.68518398331984,0.7856716183259261,False,,True,validity_envelope_gamma_exceeded,302,3.0100000000000002,0,
traj_0173,normal,20260817,31.586583155949658,1172.9960766899835,0.17031725981675197,0.34765580948843533,0.05322414369273499,0.1721087446274079,0.16848246117444735,31.308822269121986,31.897929942533857,0.010292315733870202,False,,False,completed_normally,2001,20.0,0,
traj_0174,stall,20260817,42.60483508378237,1898.421710542013,0.08039164663984677,0.32664976034887694,0.025122389574952116,1.059746412231186,0.04077490302819413,38.77119993776439,53.794996173564634,0.32956417990933534,True,3.0500000000000003,False,completed_normally,2001,20.0,0,
traj_0175,normal,20260817,58.10379946590097,1222.5653034529541,0.02678996999722226,0.43214591652320544,0.008371865624131957,0.02678996999722226,-0.0022276916344790773,58.1037994659007,65.2768536563617,0.11921080929760824,False,,False,completed_normally,2001,20.0,0,
traj_0176,boundary,20260817,60.947652944671816,1322.332265781373,0.0210356447365134,0.46183214375161147,0.006573638980160438,0.0210356447365134,-0.09396267422850402,60.947652944671226,71.23574367329194,0.7865605019078185,False,,True,validity_envelope_gamma_exceeded,826,8.25,0,
traj_0177,normal,20260817,49.30360659713634,1786.9680827057623,0.051196948900356795,0.3588597463770197,0.0159990465313615,0.05184115652829098,0.05045823801819106,48.98876865623371,49.66368921659307,0.006603912545370859,False,,False,completed_normally,2001,20.0,0,
traj_0178,stall,20260817,58.224721815442756,1378.8017768061927,0.026528263706601832,0.4333534368301509,0.008290082408313072,0.026528263706748823,-0.4689997982568751,58.224721815442756,60.45807901290507,0.7871609774340028,True,2.24,True,validity_envelope_gamma_exceeded,288,2.87,0,
traj_0179,normal,20260817,43.45318648298866,1354.5994417995332,0.07596625100194504,0.3293260714890156,0.023739453438107825,0.134961111393219,0.07596625100194504,32.15195254745639,43.45318648300354,0.25652790569891964,False,,False,completed_normally,2001,20.0,0,
traj_0180,boundary,20260817,38.31570538856326,1420.452823427487,0.10714682034037032,0.3208820860648023,0.03348338135636573,0.10940174277880041,-0.12123203760589041,37.75405447302263,46.59635742356389,0.7861733162098916,False,,True,validity_envelope_gamma_exceeded,737,7.36,0,
traj_0181,normal,20260817,36.77731397006129,1069.4701149602563,0.11890435875720973,0.32251635842596965,0.03715761211162804,0.15909255264502797,0.10611109218523607,33.54784318973089,40.111344869674745,0.1088283774204483,False,,False,completed_normally,2001,20.0,0,
traj_0182,normal,20260817,36.7710659226543,1161.52455450222,0.11895485343662099,0.32252761104703964,0.037173391698944055,0.1539219693883056,0.1079719843212186,31.782452491063736,39.665974163324435,0.1260597163981199,False,,False,completed_normally,2001,20.0,0,
traj_0183,stall,20260817,68.77808469730643,1463.7567538055694,0.008674514927260249,0.5564940332331041,0.002710785914768828,0.008674514927412093,-0.20209914067130275,68.77808469730643,71.40315995119859,0.7896850883107311,False,,True,validity_envelope_gamma_exceeded,214,2.13,0,
traj_0184,normal,20260817,34.915352989461404,1876.4596083585911,0.1350383451574748,0.3276894211442395,0.04219948286171087,0.1375941884650108,0.13345497472560552,34.38146699216164,35.23092056016184,0.01654276957062382,False,,False,completed_normally,2001,20.0,0,
traj_0185,normal,20260817,33.92491871186218,1302.913714464,0.14458974238763483,0.33206191360824927,0.04518429449613588,0.14760666015668694,0.10812879309017231,33.099256809773955,37.45042273076559,0.09407211558618027,False,,False,completed_normally,2001,20.0,0,
traj_0186,normal,20260817,36.82170527702641,805.4025854582484,0.11854626983455488,0.32243753028125793,0.0370457093232984,0.1198008841206301,0.11696777949536852,36.535518636912016,37.20460254999181,0.011131962491931241,False,,False,completed_normally,2001,20.0,0,
traj_0187,stall,20260817,43.851027273134335,1946.4302068556215,0.07397482334690539,0.3307357482043415,0.023117132295907932,0.9141953260164248,-0.23503208651596186,40.134264454984425,46.40872958237889,0.7893772779690729,True,5.24,True,validity_envelope_gamma_exceeded,1169,11.68,0,
traj_0188,normal,20260817,45.61570826251436,1630.995297654479,0.06573577677024334,0.3381109314429275,0.020542430240701043,0.09971404511525137,0.03489268134453637,40.513561245856714,48.796503518385855,0.11868330361887754,False,,False,completed_normally,2001,20.0,0,
traj_0189,normal,20260817,71.55774245875992,1389.804722758857,0.005221483557416797,0.5943162310556623,0.0016317136116927489,0.005567349964584939,0.005206681555884524,71.11586550114922,71.58353563844773,0.005817800037570116,False,,False,completed_normally,2001,20.0,0,
traj_0190,normal,20260817,59.82164798916935,1535.1965250084402,0.023217469764395173,0.4497604737988521,0.007255459301373492,0.023469779422401582,0.02281415928346971,59.615381562620584,60.14615533537398,0.00429669861605405,False,,False,completed_normally,2001,20.0,0,
traj_0191,normal,20260817,65.92627579050868,1235.8975572317781,0.012675590815217498,0.519928996842968,0.003961122129755469,0.038356013973205066,0.006985438179363063,56.2298658249251,65.92627579051145,0.19244075210725828,False,,False,completed_normally,2001,20.0,0,
traj_0192,normal,20260817,46.27809006717038,1030.4791594487383,0.06287486942991302,0.34132793486269025,0.019648396696847818,0.11378177504903675,0.02787209393728718,39.174791823595434,50.525429931724574,0.2137076456799773,False,,False,completed_normally,2001,20.0,0,
traj_0193,normal,20260817,74.46228392763153,1356.0935853433639,0.00201474154193513,0.6360590884785368,0.0006296067318547282,0.00204069494899883,0.0016890189254451888,74.4195572263299,74.9307833932556,0.00437544872870773,False,,False,completed_normally,2001,20.0,0,
traj_0194,boundary,20260817,59.76901055576529,1620.694640463364,0.02332244814747556,0.4492062137828946,0.007288265046086112,0.18031698876107327,0.02332244814747556,49.293524383930325,59.76901055576529,0.7860931449560712,False,,True,validity_envelope_gamma_exceeded,410,4.09,0,
traj_0195,normal,20260817,50.974427720945414,1887.0957884196575,0.045597561671564105,0.3703787470180758,0.014249238022363782,0.0462310348784845,0.044841018266140044,50.63484833132018,51.37702395988124,0.007112301058028179,False,,False,completed_normally,2001,20.0,0,
traj_0196,normal,20260817,30.699593596862137,1712.8017219054561,0.18146459240128815,0.3558084113223419,0.05670768512540255,0.18308132591954743,0.17990698886978143,30.467138042866146,30.946289923699315,0.00883864533319103,False,,False,completed_normally,2001,20.0,0,
traj_0197,normal,20260817,49.94637910421737,1305.395617327751,0.04897792500181354,0.3631446006757794,0.015305601563066732,0.049520408263945284,0.0479089096108729,49.65805839124384,50.48723650124684,0.010545538799347404,False,,False,completed_normally,2001,20.0,0,
traj_0198,stall,20260817,48.415236292484224,515.3777374485085,0.054406519566668476,0.3532504365349614,0.0170020373645839,0.05440651956679532,-0.30954945393834854,48.415236292484224,50.72643539745907,0.7871484556447828,True,1.71,True,validity_envelope_gamma_exceeded,217,2.16,0,
traj_0199,stall,20260817,56.90209376357151,1725.5257555656822,0.029480653711596257,0.42041911177180563,0.00921270428487383,1.069429928244332,0.027206492050098896,37.30212989621731,57.74625831600661,0.39649011648112575,True,2.57,False,completed_normally,2001,20.0,0,
traj_0200,boundary,20260817,68.16689843729354,773.4155336412562,0.009490353570293913,0.5484637223080209,0.0029657354907168475,0.00949035357040884,-0.13154361133982384,68.16689843729354,74.25456809534151,0.787861137478017,False,,True,validity_envelope_gamma_exceeded,821,8.2,0,
traj_0201,normal,20260817,72.13624291441057,1091.5584075032311,0.004552079376891754,0.6024514462693517,0.001422524805278673,0.00461172588226425,0.004336608463963121,72.05346746232395,72.42074590163608,0.003637448794463996,False,,False,completed_normally,2001,20.0,0,
traj_0202,normal,20260817,64.07575395792023,1134.6887509028356,0.01555904699964598,0.4974599946573365,0.004862202187389369,0.01555904699964598,-0.02381644628447932,64.07575395790393,90.2958506014172,0.3558788855727915,False,,False,completed_normally,2001,20.0,0,
traj_0203,stall,20260817,68.01900844950768,1240.0266810404364,0.009691040224823366,0.5465363446132759,0.003028450070257302,0.3193874268428625,0.009691040224823366,60.097325106711295,68.01900844952202,0.789435387807288,True,6.01,True,validity_envelope_gamma_exceeded,641,6.4,0,
traj_0204,normal,20260817,48.07633475317015,1980.5673162276719,0.05567671878455441,0.3512088506478253,0.01739897462017325,0.05610771715425379,0.05518289453874119,47.87801023678878,48.301135104255486,0.004276485354848733,False,,False,completed_normally,2001,20.0,0,
traj_0205,normal,20260817,43.9756057805282,834.4299140382988,0.07336183175678879,0.33119691466166445,0.022925572423996496,0.0744836592362709,0.07240385090114346,43.56517703260329,44.32263127939965,0.009782715126484006,False,,False,completed_normally,2001,20.0,0,
traj_0206,stall,20260817,50.2003068326484,1057.3806987123417,0.04812410579097927,0.364888371571011,0.015038783059681022,0.9156035931714193,-0.24337086985562006,39.93636167364926,50.200306832648785,0.786488801334031,True,1.37,True,validity_envelope_gamma_exceeded,848,8.47,0,
traj_0207,normal,20260817,38.19847188701284,1064.3442288290876,0.1079974041213704,0.3209299870876947,0.03374918878792826,0.10932473619260484,0.10625278388446904,37.86740528897826,38.659237574117924,0.010669724702212877,False,,False,completed_normally,2001,20.0,0,
traj_0208,normal,20260817,41.79706221257719,972.5560036562669,0.08484522471387645,0.32453664247626685,0.026514132723086392,0.09530492896298134,0.030974389415444642,38.08415256787619,51.25521991131608,0.20519668855388032,False,,False,completed_normally,2001,20.0,0,
traj_0209,boundary,20260817,31.590286045224573,1057.944672554335,0.170272507282638,0.347624571566745,0.05321015852582438,0.1724372068702962,0.16822224453915144,31.25543836942208,31.93867420331782,0.012060121857138404,False,,False,completed_normally,2001,20.0,0,
traj_0210,boundary,20260817,39.49941945403071,1414.783699173504,0.09894601688450194,0.32105782422531604,0.030920630276406857,0.40311553791046234,0.04314581521424746,13.890041513325546,65.43909984958485,0.7096947797022514,True,5.57,False,completed_normally,2001,20.0,0,
traj_0211,boundary,20260817,65.78091744234014,1057.4795606602174,0.012893415441578158,0.5181276640934509,0.004029192325493175,0.01303089819473375,0.01265080908232278,65.63685528358397,66.03137245972417,0.002892357667394983,False,,False,completed_normally,2001,20.0,0,
traj_0212,normal,20260817,35.64181235520268,913.2364711477582,0.12847532894627506,0.32522218419369503,0.04014854029571096,0.13000965954616645,0.12635910230407196,35.32078178108892,36.11857313658414,0.012045352290859936,False,,False,completed_normally,2001,20.0,0,
traj_0213,normal,20260817,31.936988303594497,1411.163443683358,0.16614373762288082,0.34479819643105974,0.051919918007150255,0.16770179528452064,0.16457427126914972,31.670368894776043,32.19087018242729,0.009136762065732605,False,,False,completed_normally,2001,20.0,0,
traj_0214,normal,20260817,56.510730978169875,1243.5441674936746,0.030393596668212786,0.4167088722494041,0.009497998958816496,0.05376755160142316,0.03039359666808245,50.56961195432555,56.510730978169875,0.09961610332442257,False,,False,completed_normally,2001,20.0,0,
traj_0215,stall,20260817,58.56454711043455,777.214473852665,0.025801325212475173,0.43677344562341625,0.008062914128898492,0.025801325212475173,-0.2595245777230466,58.56454711043455,60.43295612015566,0.7916814661355003,False,,True,validity_envelope_gamma_exceeded,362,3.61,0,
traj_0216,stall,20260817,70.63469934235582,754.2405108682565,0.00632348198707395,0.581522578318841,0.0019760881209606096,0.24886398847531854,0.00632348198707395,62.72562161010779,70.63469934235809,0.7906282449964239,False,,True,validity_envelope_gamma_exceeded,321,3.2,0,
traj_0217,normal,20260817,64.30562844378038,987.1358226404648,0.015187433498628066,0.5001959682962941,0.004746072968321271,0.015187433498628066,0.014587980464039453,64.30562844376638,64.89259181130267,0.007557641980420745,False,,False,completed_normally,2001,20.0,0,
traj_0218,normal,20260817,50.588853846500164,971.2714671291452,0.04684183327475307,0.367611567421008,0.014638072898360333,0.047419904627976794,0.046044422951801355,50.292014170099634,51.00752015266848,0.006562521185634356,False,,False,completed_normally,2001,20.0,0,
traj_0219,boundary,20260817,63.93274034488963,1474.995705455811,0.015792242661468305,0.495765828909512,0.004935075831708846,0.13523123455415187,0.015792242661468305,52.05818561577822,63.932740344889986,0.7856770220254532,False,,True,validity_envelope_gamma_exceeded,410,4.09,0,
traj_0220,stall,20260817,43.218131951910394,910.5312378583146,0.07716757810133865,0.3285390134630566,0.024114868156668325,0.9689676566277484,0.058250589661395125,40.23857564729279,48.92455827824478,0.262153746263447,True,3.3200000000000003,False,completed_normally,2001,20.0,0,
traj_0221,boundary,20260817,58.32101980052313,752.7309638076741,0.026320996330983608,0.43431861358661994,0.008225311353432378,0.026320996330983608,-0.09158769782914011,58.32101980049907,68.38491209854959,0.7859829310534222,False,,True,validity_envelope_gamma_exceeded,827,8.26,0,
traj_0222,boundary,20260817,70.11124515160299,1378.6765595607642,0.0069676552252397154,0.5743701693426969,0.0021773922578874113,0.0069676552252397154,-0.1303780066545821,70.11124515159732,76.03264009998087,0.7880061788506619,False,,True,validity_envelope_gamma_exceeded,473,4.72,0,
traj_0223,stall,20260817,68.29678132054826,1281.664520892758,0.009315165318547914,0.5501614897553501,0.002910989162046223,1.0588139305328084,-0.6708947007836853,35.629435919267536,68.29678132054826,0.786300557664774,True,2.0,True,validity_envelope_gamma_exceeded,1123,11.22,0,
traj_0224,stall,20260817,63.41930361526394,1540.5375789150517,0.01664232252810364,0.48973431098311393,0.005200725790032387,0.01664232252810364,-0.27152712166555926,63.41930361523618,64.63095578238168,0.78722803720697,False,,True,validity_envelope_gamma_exceeded,743,7.42,0,
traj_0225,stall,20260817,47.33966517529836,702.0061299211644,0.05852957798988619,0.3469639952119512,0.018290493121839436,0.9970218378536262,0.03851761830393957,42.413799117942716,56.24134872534679,0.32662497306016064,True,5.97,False,completed_normally,2001,20.0,0,
traj_0226,normal,20260817,70.54842577822785,555.0855161044085,0.0064286757839198735,0.5803386050950274,0.00200896118247496,0.04227247500418366,0.0064286757839198735,48.7220665982942,70.54842577822798,0.30006051958853414,False,,False,completed_normally,2001,20.0,0,
traj_0227,boundary,20260817,41.244341164975175,1759.1776750651863,0.08803609722531147,0.3233471078997797,0.027511280382909835,0.08803609722531147,-0.0756590238322139,41.244341164975175,54.29179357114277,0.785646076917814,False,,True,validity_envelope_gamma_exceeded,580,5.79,0,
traj_0228,stall,20260817,43.039483558612574,1027.461210417474,0.07809319509398438,0.3279639600078491,0.02440412346687012,0.07809319509407216,-0.5076531565035931,43.039483558612574,46.71666835149928,0.7890768029243733,True,2.38,True,validity_envelope_gamma_exceeded,322,3.21,0,
traj_0229,normal,20260817,60.59299628787442,1038.974801048697,0.02170992588286141,0.4579858768268288,0.00678435183839419,0.02200850048484948,0.021582544402500892,60.34686914477576,60.70300100046437,0.0033093866748112053,False,,False,completed_normally,2001,20.0,0,
traj_0230,normal,20260817,50.56195853971163,1111.0555531891443,0.04692966425975692,0.367420943227484,0.014665520081174038,0.04808179199928282,0.04620331505708858,49.97441822888195,50.95659334355954,0.011230023443051946,False,,False,completed_normally,2001,20.0,0,
traj_0231,stall,20260817,53.28887925724214,1458.6028086474391,0.038675480386970607,0.38829376049339476,0.012086087620928315,0.038675480386970607,-0.2994288922892089,53.28887925723732,55.25965004326103,0.7901158418041528,True,4.97,True,validity_envelope_gamma_exceeded,533,5.32,0,
traj_0232,stall,20260817,46.888692996135894,982.3618541717772,0.06034066290632746,0.344498991283658,0.018856457158227334,0.06034066290642849,-0.425361725601595,46.888692996135894,49.70997790655383,0.7856761110639446,True,3.8000000000000003,True,validity_envelope_gamma_exceeded,445,4.44,0,
traj_0233,normal,20260817,49.91203128695979,1090.7370041857546,0.04909439422596898,0.36291092812700054,0.015341998195615306,0.0768624805957917,0.049094394225874936,44.307769839950836,49.91203128695979,0.11098330615924022,False,,False,completed_normally,2001,20.0,0,
traj_0234,boundary,20260817,31.255710209911584,1366.9257092768146,0.17437411735218172,0.35053902481644983,0.05449191167255679,0.17437411735222394,-0.059166110223832336,31.255710209911584,44.69728627157419,0.7865134060754144,False,,True,validity_envelope_gamma_exceeded,966,9.65,0,
traj_0235,normal,20260817,50.77967742480545,1429.8681513430543,0.046222574790537624,0.36897305797479674,0.014444554622043007,0.07347023770137583,0.046222574790537624,43.932399636313306,50.77967742480646,0.13273509047792365,False,,False,completed_normally,2001,20.0,0,
traj_0236,stall,20260817,38.015673169934665,677.8012808645976,0.10933810242460495,0.32102907494515404,0.03416815700768905,0.9313688578696697,0.0688711969768781,36.13189908970798,50.79220421198395,0.3923912429033974,True,3.37,False,completed_normally,2001,20.0,0,
traj_0237,stall,20260817,73.17218708319,1779.4046096741965,0.0033924111046390922,0.6172426927245153,0.0010601284701997162,0.21592412327455912,0.0033924111046390922,65.1944223532172,73.17218708319392,0.790527650058885,False,,True,validity_envelope_gamma_exceeded,380,3.79,0,
traj_0238,normal,20260817,30.202734811747707,1981.1288755013393,0.1881146060691478,0.36098940893812465,0.05878581439660869,0.21243840578005074,0.1483768800677561,28.509790035456344,34.14690829569415,0.13771564492358437,False,,False,completed_normally,2001,20.0,0,
traj_0239,stall,20260817,71.10879772719751,850.9280017204821,0.005752160648291585,0.5880649342937384,0.0017975502025911205,0.38431607117327704,0.005752160648291585,63.16605779198529,71.10879772720811,0.790096162134465,True,4.7,True,validity_envelope_gamma_exceeded,519,5.18,0,
traj_0240,stall,20260817,49.90458288679067,808.4117385528741,0.04911968176580486,0.3628603251870253,0.01534990055181402,1.1338590161029036,0.029537119333712947,40.78393771255101,59.518555963785836,0.3904996679884882,True,5.39,False,completed_normally,2001,20.0,0,
traj_0241,normal,20260817,66.97837537973216,1932.6155664883718,0.011140560002899817,0.5331490990939518,0.0034814250009061925,0.0334173647350455,0.011140560002760673,51.80909262719646,66.97837537973216,0.20754484867084547,False,,False,completed_normally,2001,20.0,0,
traj_0242,normal,20260817,31.182972034924347,1188.0562123783923,0.175281688514816,0.3511976113639715,0.054775527660879994,0.18880683653146746,0.13668891124832994,28.926995796534143,34.870701840130145,0.10779577138072413,False,,False,completed_normally,2001,20.0,0,
traj_0243,boundary,20260817,45.383220936563184,1911.0866384405326,0.06676864595190657,0.3370382666040842,0.020865201859970803,0.06676864595202242,-0.13065481758388542,45.383220936563184,53.37062234246419,0.7860240814701511,False,,True,validity_envelope_gamma_exceeded,659,6.58,0,
traj_0244,normal,20260817,64.4285563193891,520.5654465101799,0.0149903199254234,0.5016655362911895,0.004684474976694812,0.01522041587987942,0.014918248279870034,64.20560498623122,64.5020765326876,0.0025989890679602237,False,,False,completed_normally,2001,20.0,0,
traj_0245,stall,20260817,59.246919318274934,663.82755858265,0.02437866777727571,0.443757980271445,0.007618333680398659,0.024378667777296626,-0.35333498439617395,59.246919318274934,60.57739697082692,0.7858582678242423,True,2.57,True,validity_envelope_gamma_exceeded,304,3.0300000000000002,0,
traj_0246,normal,20260817,66.58375129468023,1298.455386475703,0.011707896048146364,0.5281531236950513,0.003658717515045739,0.035914986042967334,0.011707896048146364,56.55128536730666,66.58375129468082,0.15358226483729134,False,,False,completed_normally,2001,20.0,0,
traj_0247,stall,20260817,74.21781781667885,1271.2887929617987,0.0022703459183236697,0.632459963898151,0.0007094830994761467,0.002540871650380276,-0.23906569893927743,73.83759626620743,75.25145283448136,0.787769217168111,False,,True,validity_envelope_gamma_exceeded,724,7.23,0,
traj_0248,normal,20260817,41.08548421189919,1215.816502641151,0.08897570131498639,0.3230450664464428,0.027804906660933246,0.09073111818094083,0.0872921166890721,40.56188377197543,41.61847867410639,0.013675135851432882,False,,False,completed_normally,2001,20.0,0,
traj_0249,stall,20260817,43.26433820996065,1410.818842333363,0.0769299500188288,0.328691011839073,0.024040609380884,0.07692995001896853,-0.23163846752155248,43.26433820996065,47.29311618408879,0.7889150592485453,False,,True,validity_envelope_gamma_exceeded,610,6.09,0,
traj_0250,stall,20260817,37.174892797782896,573.618953452576,0.11573841171012061,0.32187951908580115,0.03616825365941269,0.1169504127458709,-0.2543537279024698,36.83872473615402,40.8965923856122,0.7876642910897288,False,,True,validity_envelope_gamma_exceeded,752,7.51,0,
traj_0251,stall,20260817,34.0467642570482,1559.5295042633986,0.14337519930025558,0.3314580328888588,0.04480474978132987,0.14337519930031237,-0.2412580818580614,34.0467642570482,38.9210570611177,0.7908749616250725,False,,True,validity_envelope_gamma_exceeded,371,3.7,0,
traj_0252,normal,20260817,35.94539721008763,1487.8525359073403,0.12583688262141984,0.32436547676285254,0.0393240258191937,0.18939548295675646,0.1019364363455959,28.571317402304764,42.29497310759548,0.20249427451661192,False,,False,completed_normally,2001,20.0,0,
traj_0253,stall,20260817,53.796197248259055,1179.4144901540549,0.037273932901295076,0.3925080933488707,0.011648104031654711,1.1268156710769517,0.024356470281340692,40.74153183103856,62.71273491386344,0.3906861766736684,True,3.5700000000000003,False,completed_normally,2001,20.0,0,
traj_0254,boundary,20260817,49.79201274788003,783.8459550516221,0.049503208411003335,0.3620985675719858,0.015469752628438542,0.649903059132166,0.031086146174790108,15.699687919110579,55.438942393398065,0.7307168501446473,True,10.07,False,completed_normally,2001,20.0,0,
traj_0255,normal,20260817,71.47275351043542,1043.0947544138787,0.00532118576798427,0.593128638726481,0.0016628705524950845,0.005610034783500099,0.005081426097730257,71.10506957533384,71.78219941227044,0.0020324267105922412,False,,False,completed_normally,2001,20.0,0,
traj_0256,normal,20260817,47.833111592169594,1567.3241300000261,0.05660451227175599,0.34977785462631505,0.017688910084923747,0.05694055538415807,0.0020502706218673283,47.618793679423284,64.18862290442318,0.27341108774928413,False,,False,completed_normally,2001,20.0,0,
traj_0257,normal,20260817,70.97159249435428,1265.602151942302,0.005916337377307797,0.5861652939356166,0.0018488554304086865,0.0059163373773857605,0.005513782340620084,70.97159249435428,71.48236939576582,0.0060270886145007046,False,,False,completed_normally,2001,20.0,0,
traj_0258,boundary,20260817,48.827753989189716,654.7358794885878,0.0528949546697067,0.3558092676979115,0.016529673334283346,0.24484490374586154,0.05289495466955426,37.54684368161821,48.827753989189716,0.7859591466096287,False,,True,validity_envelope_gamma_exceeded,865,8.64,0,
traj_0259,normal,20260817,35.29567027257729,1734.7797667451186,0.13155771666738852,0.3263229349884529,0.04111178645855892,0.1850964044906131,0.10829194492594288,28.49594547455544,41.20353107729939,0.18122648912795805,False,,False,completed_normally,2001,20.0,0,
traj_0260,boundary,20260817,42.46574165137463,1539.0626137042414,0.08114138297862247,0.326255011915544,0.02535668218081952,0.5760271708373162,0.03696074344094685,17.43162411292055,65.12363519032056,0.6972159801108286,True,3.83,False,completed_normally,2001,20.0,0,
traj_0261,normal,20260817,54.65279235706855,1706.3307480325248,0.03499377798220508,0.3998487608078151,0.010935555619439088,0.09578542163783554,0.03499377798210622,34.35868325066618,54.65279235706855,0.2940468998973344,False,,False,completed_normally,2001,20.0,0,
traj_0262,stall,20260817,51.60414257670158,862.4844262562347,0.04362371863202226,0.375034383376334,0.013632412072506955,0.9585263824992585,0.03293501048512848,32.528789905069075,57.47319827475605,0.3572024420253175,True,2.82,False,completed_normally,2001,20.0,0,
traj_0263,boundary,20260817,72.71653797535923,1071.4550297081753,0.0038964331511675966,0.610701782687217,0.0012176353597398739,0.003914476351834248,-0.1315606648860146,72.65918983116858,78.07971744476602,0.7885906236675705,False,,True,validity_envelope_gamma_exceeded,524,5.23,0,
traj_0264,boundary,20260817,67.5713367250082,979.9187814003902,0.010306495617955672,0.5407396355502281,0.0032207798806111474,0.11877762661693925,0.010306495617797591,55.4514434792457,67.5713367250082,0.7868804229998455,False,,True,validity_envelope_gamma_exceeded,787,7.86,0,
traj_0265,normal,20260817,36.16273931076126,1091.6576847760589,0.1239842974849592,0.3238129605391278,0.03874509296404975,0.1258252126334979,0.122165830697514,35.7648984160212,36.585970950328395,0.012556357014000341,False,,False,completed_normally,2001,20.0,0,
traj_0266,normal,20260817,59.15868560093837,1928.858922589975,0.02455989696069271,0.44284611353657927,0.0076749678002164725,0.06882218066288434,0.008836293605810036,50.98769662344939,59.15868560094241,0.21667020851727548,False,,False,completed_normally,2001,20.0,0,
traj_0267,boundary,20260817,43.89296060989634,678.5045021450411,0.07376793192668629,0.3308899352464865,0.023052478727089466,0.07490899855496126,-0.10964061731943231,43.473313956038226,52.477010885572575,0.7875480214808326,False,,True,validity_envelope_gamma_exceeded,875,8.74,0,
traj_0268,normal,20260817,47.56859015324898,906.4740148490827,0.05762925888228629,0.34825443275399137,0.018009143400714463,0.05762925888243638,0.014964250862144396,47.56859015324898,56.11288566380044,0.16864555620601604,False,,False,completed_normally,2001,20.0,0,
traj_0269,normal,20260817,43.08422772492694,1288.2432454874024,0.07786033582293383,0.32810609811070673,0.024331354944666823,0.09608706772811644,0.06004640301216018,42.06980116396956,45.95385711422515,0.06887042196244152,False,,False,completed_normally,2001,20.0,0,
traj_0270,stall,20260817,65.00920393734793,1613.7916876769305,0.014074145450858826,0.5086676906593974,0.004398170453393383,0.014074145451023689,-0.21460752637643343,65.00920393734793,67.62325534189891,0.7909808674856574,False,,True,validity_envelope_gamma_exceeded,244,2.43,0,
traj_0271,normal,20260817,42.669397309508035,1825.6902972168998,0.0800460097701158,0.3268372742998777,0.025014378053161188,0.12829093316953424,0.06579697161207354,36.03824426938272,48.23575855580732,0.18454291918061894,False,,False,completed_normally,2001,20.0,0,
traj_0272,stall,20260817,73.3911557334476,561.3340808112589,0.003153497824959524,0.6204055627431032,0.0009854680702998512,0.003153497824959524,-0.21248008208858538,73.39115573344395,75.33544860596088,0.7860295098825859,False,,True,validity_envelope_gamma_exceeded,558,5.57,0,
traj_0273,stall,20260817,74.14746412498279,1144.8005166916987,0.0023443696073272824,0.6314270849422009,0.0007326155022897758,0.0023443696073272824,-0.23609347989387275,74.14746412498228,75.47365440816866,0.786805526396285,False,,True,validity_envelope_gamma_exceeded,226,2.25,0,
traj_0274,stall,20260817,63.08997021846897,579.0195273410534,0.017198411805392572,0.485907561667276,0.005374503689185179,0.9817854996039529,0.017198411805374115,33.22102954651599,63.08997021846897,0.577838983771267,True,4.46,False,completed_normally,2001,20.0,0,
traj_0275,boundary,20260817,49.93084014298343,1815.5785130938957,0.04903058668895684,0.3630388219593733,0.015322058340299012,0.04903058668895684,-0.06612234402899408,49.93084014296426,63.776862346540774,0.7863188120386819,False,,True,validity_envelope_gamma_exceeded,842,8.41,0,
traj_0276,boundary,20260817,36.063481373897176,830.5504471536848,0.12482664102677862,0.3240590707584757,0.03900832532086832,0.12482664102677862,-0.0868043466967211,36.0634813738968,47.14461109608716,0.7862030999845934,False,,True,validity_envelope_gamma_exceeded,453,4.5200000000000005,0,
traj_0277,stall,20260817,60.34137923629549,1722.8751180998995,0.022195432658188446,0.45528155644042356,0.0069360727056838895,0.022195432658309,-0.3229471542829979,60.34137923629549,61.66972723778293,0.7916509591057309,True,1.75,True,validity_envelope_gamma_exceeded,214,2.13,0,
traj_0278,normal,20260817,54.87979017400773,677.7653974379889,0.03440703268348547,0.40184057213473834,0.010752197713589208,0.03440703268348547,0.008820426913397503,54.879790174007496,61.54635878665992,0.11493612074584189,False,,False,completed_normally,2001,20.0,0,
traj_0279,boundary,20260817,54.508423032787114,1975.839850275855,0.03537069374450147,0.39859204624093003,0.011053341795156709,0.03672304817264483,0.0345131385310415,53.67353137094909,55.06949727470661,0.013391024085326914,False,,False,completed_normally,2001,20.0,0,
traj_0280,normal,20260817,45.67402849686517,1397.7789762241832,0.06547905844585669,0.33838466479871554,0.020462205764330218,0.06586953151898535,0.0651791489094211,45.519775753217736,45.79811328509901,0.0031089208724030207,False,,False,completed_normally,2001,20.0,0,
traj_0281,normal,20260817,63.340758673438756,1658.619546027399,0.016774170461761134,0.4888186489582037,0.0052419282693003545,0.016774170461761134,0.01638973810187725,63.3407586734122,63.700627605186675,0.0055393739547401535,False,,False,completed_normally,2001,20.0,0,
traj_0282,stall,20260817,71.34809006494254,972.890749868238,0.005468069684202424,0.5913901754724042,0.0017087717763132576,0.269365334186775,0.005468069684202424,63.582084021821636,71.34809006496155,0.7868170100444325,False,,True,validity_envelope_gamma_exceeded,566,5.65,0,
traj_0283,boundary,20260817,66.6200181104648,937.2297746827147,0.011655340279676685,0.5286104006503701,0.003642293837398964,0.011655340279676685,-0.0811993869497496,66.6200181104547,77.4531965480999,0.7869460826225715,False,,True,validity_envelope_gamma_exceeded,662,6.61,0,
traj_0284,normal,20260817,43.64122349666041,1835.5916945112142,0.07501853120822605,0.3299802988234605,0.02344329100257064,0.11153868946937442,0.07501853120818142,37.051563199569244,43.64122349666041,0.15356860629279426,False,,False,completed_normally,2001,20.0,0,
traj_0285,stall,20260817,55.64272534680812,1913.7302269689646,0.03248641646461169,0.40867516310536034,0.010152005145191155,0.032486416464768735,-0.3223898164099521,55.64272534680812,57.171038846049605,0.7911356743679734,True,2.08,True,validity_envelope_gamma_exceeded,256,2.5500000000000003,0,
traj_0286,normal,20260817,68.70281782645571,1946.5357716145727,0.008773822590539871,0.5554994744277378,0.0027418195595437095,0.00911754703017484,0.008773822590447188,68.30883384420416,68.70281782645571,0.0049079357811128805,False,,False,completed_normally,2001,20.0,0,
traj_0287,normal,20260817,63.97352442620285,801.6477721554834,0.015725583306345176,0.4962483390135487,0.004914244783232868,0.015725583306466465,0.015000588782766751,63.97352442620285,64.67408583621764,0.01159485317574749,False,,False,completed_normally,2001,20.0,0,
traj_0288,normal,20260817,54.77036000573065,604.8606057603987,0.03468899435453929,0.4008779590701888,0.010840310735793527,0.03494575437685285,0.03430744296482003,54.602821687494995,55.01396863434062,0.0037531262372988094,False,,False,completed_normally,2001,20.0,0,
traj_0289,boundary,20260817,64.46242333873941,1351.2480516654086,0.014936210185491884,0.5020711981143336,0.004667565682966214,0.014936210185491884,-0.0986294798973657,64.46242333873869,73.26291432591219,0.7866893174352074,False,,True,validity_envelope_gamma_exceeded,386,3.85,0,
traj_0290,normal,20260817,68.64673116627762,1163.6199315738286,0.00884803400264184,0.5547593854483491,0.0027650106258255746,0.03848111171546946,0.00884803400264184,56.84369852693659,68.64673116627762,0.1762913219341191,False,,False,completed_normally,2001,20.0,0,
traj_0291,boundary,20260817,38.94445399658318,1425.6124417450733,0.10270489906339672,0.3208288546358015,0.03209528095731147,0.6024630256445513,0.06706655072526611,24.96893483529391,51.98621198356602,0.4328800625419743,True,2.37,False,completed_normally,2001,20.0,0,
traj_0292,boundary,20260817,53.2422918339394,1431.3934046208542,0.038806157795727235,0.38791179944679854,0.01212692431116476,0.21266124996920832,0.038806157795727235,41.95491434033401,53.2422918339394,0.785567072651086,False,,True,validity_envelope_gamma_exceeded,457,4.5600000000000005,0,
traj_0293,stall,20260817,46.012536144280006,589.5237474556309,0.06400752470452575,0.340009929285787,0.020002351470164298,0.8326193770713188,0.054150784858777584,37.29594000427862,50.49224504917074,0.323894600119898,True,6.2,False,completed_normally,2001,20.0,0,
traj_0294,boundary,20260817,59.53012846045001,925.0758451563095,0.023802321305626938,0.4467022491549498,0.007438225408008418,0.02411639813727797,0.023629106882019968,59.28359776807528,59.67134466411702,0.0032591899233771265,False,,False,completed_normally,2001,20.0,0,
traj_0295,stall,20260817,55.55125027930827,750.945579660626,0.032712601671656405,0.40784440899281854,0.010222688022392627,0.0327960302710829,-0.30377182668136815,55.4603921171612,56.90305914540557,0.7917804326566754,True,6.69,True,validity_envelope_gamma_exceeded,711,7.1000000000000005,0,
traj_0296,boundary,20260817,52.98661011481586,1350.354327894084,0.03952936651305965,0.38583076330117483,0.01235292703533114,0.03952936651305965,-0.10937554831032814,52.98661011479912,61.66963009140714,0.7863627431858407,False,,True,validity_envelope_gamma_exceeded,699,6.98,0,
traj_0297,stall,20260817,62.57533038901488,1219.5724873436059,0.018084817085104014,0.4799939650483758,0.005651505339095004,1.0054720620529032,0.018084817085104014,34.32666407907424,62.575330389043614,0.5786409068379725,True,5.71,False,completed_normally,2001,20.0,0,
traj_0298,normal,20260817,72.44288317390993,567.0531601469041,0.004203677773520643,0.6067999194816764,0.0013136493042252009,0.004302179765790286,0.004183726988730063,72.31272851874046,72.47082121264219,0.001230139858637479,False,,False,completed_normally,2001,20.0,0,
traj_0299,boundary,20260817,50.37458227345169,1980.3402441159378,0.04754538622578104,0.3661016348421605,0.014857933195556576,0.04882520379836288,0.04672173334880233,49.729477456904334,50.806391648654,0.008820701395510515,False,,False,completed_normally,2001,20.0,0,
traj_0300,stall,20260817,66.584281668724,1203.6019630138794,0.011707126849040426,0.5281598082920786,0.0036584771403251333,0.2849570828283121,0.01170712684896406,58.30607299715482,66.584281668724,0.7925880086173003,True,3.5500000000000003,True,validity_envelope_gamma_exceeded,367,3.66,0,
traj_0301,normal,20260817,66.1261598853887,1758.3293244656275,0.012378373451334971,0.5224160517211056,0.0038682417035421786,0.012623296860496513,0.011963946746500035,65.86962952551508,66.56174477935286,0.0038436253728046737,False,,False,completed_normally,2001,20.0,0,
traj_0302,stall,20260817,30.40321488033711,1431.1934075605288,0.18539339341334884,0.3588434032240953,0.05793543544167151,0.18539339341345532,-0.31286219769919943,30.40321488033711,34.8627442171611,0.7911866598378334,True,3.93,True,validity_envelope_gamma_exceeded,447,4.46,0,
traj_0303,normal,20260817,31.838251814829885,538.0348259740163,0.1673073363216808,0.3455834534370021,0.05228354260052525,0.1874302419166755,0.14388499013650868,28.70514738186382,34.354686010866935,0.10931181418657056,False,,False,completed_normally,2001,20.0,0,
traj_0304,normal,20260817,33.985862620394556,1505.5925654273176,0.1439808321039977,0.3317574860706545,0.04499401003249928,0.14484529201429447,0.14310809289627685,33.82410909497948,34.16051100815126,0.0055642541934096245,False,,False,completed_normally,2001,20.0,0,
traj_0305,boundary,20260817,30.922115354138043,1363.8001568111617,0.17858488013187893,0.3536346409933695,0.05580777504121217,0.18077406688123435,0.17656834835822277,30.60259684043148,31.247817206270216,0.01156419820356596,False,,False,completed_normally,2001,20.0,0,
traj_0306,normal,20260817,48.40263651292761,649.7372251807333,0.05445328009677407,0.3531735490974042,0.017016650030241894,0.1063866329674075,0.025204209693492075,43.43671186782495,54.96540163016089,0.15245023180761527,False,,False,completed_normally,2001,20.0,0,
traj_0307,boundary,20260817,43.30507278614313,1185.6338433964395,0.07672106268745998,0.3288261175656887,0.023975332089831245,0.07808938958656265,0.07553775087172887,42.8368840156242,43.73307449003327,0.010504342197851908,False,,False,completed_normally,2001,20.0,0,
traj_0308,boundary,20260817,45.56456421845795,653.6045943519938,0.06596168830013677,0.3378724110172023,0.02061302759379274,0.06713482876252447,0.06455054673678957,45.112576643975736,46.14372407950281,0.013291265674897773,False,,False,completed_normally,2001,20.0,0,
traj_0309,boundary,20260817,46.929677883022876,1978.3992268771449,0.06017397932583219,0.34471874440224337,0.01880436853932256,0.21334406015388563,0.029447390165053766,21.10440477897054,64.19643610563098,0.6099599229126396,False,,False,completed_normally,2001,20.0,0,
traj_0310,normal,20260817,69.58019885641895,619.5234867823958,0.007635931342972984,0.5671906819304883,0.0023862285446790573,0.007635931343029075,-0.011268912163180676,69.58019885641895,75.73288595851666,0.08777904513194432,False,,False,completed_normally,2001,20.0,0,
traj_0311,boundary,20260817,65.01717957445588,1364.8649663368224,0.014061729728469741,0.5087645650069627,0.004394290540146794,0.014061729728537179,-0.09811441086354844,65.01717957445588,74.47407883825086,0.7880416823646366,False,,True,validity_envelope_gamma_exceeded,681,6.8,0,
traj_0312,boundary,20260817,36.88732192621253,1728.3155992567092,0.11801909846626968,0.3223245951268417,0.036880968270709275,0.2947343684362904,0.0735735317283437,21.335910458697924,51.85239898969065,0.45412237183256066,True,2.8000000000000003,False,completed_normally,2001,20.0,0,
traj_0313,normal,20260817,64.1443532781713,1990.8893718744168,0.01544773651769775,0.4982748111269176,0.004827417661780547,0.056088247114389506,-4.3747769111476126e-05,46.89551803277131,66.53786025554598,0.2849637460286291,False,,False,completed_normally,2001,20.0,0,
traj_0314,boundary,20260817,72.0631216450611,1316.4464773613133,0.00463581010234231,0.6014182202669289,0.0014486906569819717,0.0046358101025222405,-0.13491643861176128,72.0631216450611,77.53724860580058,0.7875953404313729,False,,True,validity_envelope_gamma_exceeded,563,5.62,0,
traj_0315,boundary,20260817,32.86929161663011,1603.9049637896283,0.1556093191656871,0.3381214570068489,0.04862791223927722,0.5054073852753321,0.13751285697120602,28.2597298286419,36.55925336400105,0.17443116370064088,True,2.77,False,completed_normally,2001,20.0,0,
traj_0316,normal,20260817,73.75050684442856,1337.7926601197892,0.0027659746900586127,0.6256235682604504,0.0008643670906433165,0.032404546268621714,0.0002434074060383984,59.52185350163111,73.75050684442856,0.2491524600694227,False,,False,completed_normally,2001,20.0,0,
traj_0317,boundary,20260817,73.03906500150119,1024.3310725094907,0.003538700039841589,0.6153260184525597,0.0011058437624504964,0.003538700039841589,-0.13310757895263103,73.03906500149951,78.68403161115359,0.7891398733313117,False,,True,validity_envelope_gamma_exceeded,469,4.68,0,
traj_0318,stall,20260817,59.00664092236774,886.6142489028991,0.024874073377194904,0.44128084742980334,0.007773147930373408,0.02487407337722979,-0.2217273870658143,59.00664092236774,62.043083351112934,0.7916194334283553,False,,True,validity_envelope_gamma_exceeded,324,3.23,0,
traj_0319,stall,20260817,57.52954878632114,785.2536607928434,0.02805504890596744,0.42647977084255995,0.008767202783114826,0.028510215453257735,0.0272581133695209,57.19081371367143,58.112065054676435,0.008459078579024124,False,,False,completed_normally,2001,20.0,0,
traj_0320,normal,20260817,48.73281883092375,1705.5934970325216,0.05323951712692063,0.3552132837627038,0.016637349102162694,0.08190569808256336,0.05323951712692063,40.95905530644087,48.73281883092485,0.13346252949866652,False,,False,completed_normally,2001,20.0,0,
traj_0321,boundary,20260817,71.42359844684047,1737.9786293583556,0.005379011473380425,0.592442658757759,0.0016809410854313827,0.00551620778974822,0.005356609049039616,71.24965482420284,71.45426739684163,0.0016776547207927274,False,,False,completed_normally,2001,20.0,0,
traj_0322,normal,20260817,71.66552397608103,1655.8448760159163,0.005095547770653756,0.5958251102635742,0.0015923586783292986,0.005095547770677982,-0.034746744815345204,71.66552397608103,86.74346551078392,0.20036141141470185,False,,False,completed_normally,2001,20.0,0,
traj_0323,normal,20260817,62.47039766475446,1522.354676890934,0.018268210687378838,0.478798202045361,0.005708815839805886,0.018268210687378838,-0.02366232786271133,62.470397664753655,94.31325003354281,0.40737883516955703,False,,False,completed_normally,2001,20.0,0,
traj_0324,stall,20260817,45.70196034988585,599.9043677740306,0.06535644116435835,0.3385164235182037,0.020423887863861984,0.06535644116435835,-0.46291701114939066,45.701960349877986,48.86753192278049,0.7858298308223145,True,5.48,True,validity_envelope_gamma_exceeded,617,6.16,0,
traj_0325,normal,20260817,47.80304173088409,1175.5952322711964,0.056720171317727,0.34960294405362474,0.017725053536789687,0.07388433122982536,0.05542026232689935,43.59762787796319,48.452968273091,0.08478164823940094,False,,False,completed_normally,2001,20.0,0,
traj_0326,boundary,20260817,38.630023577541465,1956.2504793613423,0.10490129873016757,0.32081303621907836,0.03278165585317736,0.31467833976284587,-0.0437358689084687,15.705163882872242,38.630023577541465,0.7854806797608431,True,9.67,True,validity_envelope_gamma_exceeded,1476,14.75,0,
traj_0327,boundary,20260817,69.1588377027386,1009.1554567882778,0.008177053836080198,0.5615493636452363,0.0025553293237750617,0.0964987633033969,0.008177053835950025,32.528073400198934,69.1588377027386,0.6037485698285249,False,,False,completed_normally,2001,20.0,0,
traj_0328,boundary,20260817,72.84387926364508,634.4002531665892,0.0037546292776664968,0.612524244091772,0.0011733216492707803,0.004038372073677739,0.0030680578168149585,72.45946423924276,73.78286659658083,0.005863882369768061,False,,False,completed_normally,2001,20.0,0,
traj_0329,normal,20260817,42.97943935235453,1796.2949376419654,0.07840676813020286,0.3277752123706444,0.024502115040688395,0.08032841409549057,0.07708434193132994,42.31921545150214,43.42160354782287,0.01616326724317743,False,,False,completed_normally,2001,20.0,0,
traj_0330,normal,20260817,62.77703298929751,1273.7137579148896,0.01773484297438888,0.4823019964844393,0.005542138429496525,0.01773484297438888,-0.020931558528570315,62.7770329892969,81.91971334650084,0.28422498907024124,False,,False,completed_normally,2001,20.0,0,
traj_0331,boundary,20260817,56.69470640711161,1243.2140201888599,0.029962115808156255,0.41844626837687476,0.00936316119004883,0.030820568503785856,0.02951395480516525,56.10537303942457,57.01163533943128,0.005711249465311047,False,,False,completed_normally,2001,20.0,0,
traj_0332,boundary,20260817,68.87614684001333,1316.4528606374138,0.00854561398684513,0.5577921704305743,0.002670504370889103,0.11934500264204329,0.0085456139868096,56.4807741105186,68.87614684001333,0.7876621440570203,False,,True,validity_envelope_gamma_exceeded,544,5.43,0,
traj_0333,normal,20260817,62.95077445337416,1898.8261058538706,0.017436043278584706,0.4843000906623983,0.005448763524557721,0.05718031653267652,0.017436043278584706,45.891750274308194,62.95077445337578,0.25936590646374214,False,,False,completed_normally,2001,20.0,0,
traj_0334,boundary,20260817,37.27172112397541,1685.8132342396527,0.11498121593148394,0.3217477063443656,0.03593162997858873,0.24010810593243714,0.013233730972726454,25.424996855453426,57.90198453371591,0.5575800333872232,False,,False,completed_normally,2001,20.0,0,
traj_0335,normal,20260817,53.61838466988729,1684.2062701975103,0.03776073145856196,0.3910195841342193,0.011800228580800612,0.0386728134977329,0.03776073145856196,53.077512468293456,53.61838466989765,0.010262252134015793,False,,False,completed_normally,2001,20.0,0,
traj_0336,normal,20260817,44.83746465743751,1078.6601067169113,0.06925426610669935,0.3346384836693162,0.02164195815834355,0.12684037127414008,0.06925426610669935,34.405402170607815,44.83746465744372,0.19311363595707032,False,,False,completed_normally,2001,20.0,0,
traj_0337,normal,20260817,48.634951116368505,503.29193486873265,0.0535967784922156,0.35460332180691717,0.016748993278817372,0.1001853497366898,0.053575290805043155,37.20401963320131,48.6896695971577,0.19498852025474725,False,,False,completed_normally,2001,20.0,0,
traj_0338,boundary,20260817,30.86907447958508,996.2652260868597,0.17926601454719207,0.3541447632430294,0.05602062954599752,0.7141605225877876,-0.020227251116080758,30.086484877075584,55.58374446050962,0.6286903915142416,True,2.89,False,completed_normally,2001,20.0,0,
traj_0339,normal,20260817,65.66457296527773,1101.1735617387512,0.013068793072044716,0.5166903133294577,0.0040839978350139736,0.013068793072150602,-0.02208768575582684,65.66457296527773,77.9775801440408,0.1809016978731231,False,,False,completed_normally,2001,20.0,0,
traj_0340,normal,20260817,51.23872907179648,1344.972513285161,0.04476044639951221,0.3723123735780024,0.013987639499847566,0.04512403499659456,0.04431281170383808,51.039672473513185,51.47927686893997,0.004373255170574477,False,,False,completed_normally,2001,20.0,0,
traj_0341,normal,20260817,49.81634920166535,778.3294193827894,0.04942007935649373,0.36226277053768496,0.01544377479890429,0.04987265567247285,0.048864329440924496,49.58620961075338,50.094145711414825,0.005082168440783156,False,,False,completed_normally,2001,20.0,0,
traj_0342,normal,20260817,31.805916706259403,1941.3583971946405,0.1676904956359174,0.3458439933206889,0.05240327988622418,0.17502517396365316,0.12206258459852751,30.299340089670352,35.94465197602528,0.11792569050060796,False,,False,completed_normally,2001,20.0,0,
traj_0343,stall,20260817,50.26410439919578,1514.3001928783742,0.04791157070783818,0.36533096495899037,0.01497236584619943,0.04791157070793975,-0.22477595914382797,50.26410439919578,53.84826110853157,0.7904228513922301,False,,True,validity_envelope_gamma_exceeded,438,4.37,0,
traj_0344,stall,20260817,53.86458622333965,1017.582502619168,0.03708796158096713,0.39308384954001985,0.011589987994052227,0.03860448462375608,0.03612049559659454,52.95508772265853,54.46940548925801,0.011537678915462502,False,,False,completed_normally,2001,20.0,0,
traj_0345,boundary,20260817,53.63206605555843,1068.1338773011455,0.03772310718843279,0.3911336786542401,0.011788470996385246,0.03772310718860109,-0.057004069467592344,53.63206605555843,92.88712638328997,0.6280263645564446,False,,False,completed_normally,2001,20.0,0,
traj_0346,normal,20260817,74.39940833563234,1367.4667736149545,0.0020802434308275558,0.635131918422133,0.0006500760721336112,0.020142359654254413,-0.02076179382754545,69.74361350390527,77.53745684123324,0.1302108623405299,False,,False,completed_normally,2001,20.0,0,
traj_0347,boundary,20260817,55.27258009294687,1080.894275945919,0.033408466320627876,0.4053324868046923,0.010440145725196212,0.03497267175463183,0.0332156004285465,54.2778776679903,55.42559574466917,0.022384303873420115,False,,False,completed_normally,2001,20.0,0,
traj_0348,stall,20260817,56.97583004721407,1983.1475564428063,0.029310715580173338,0.4211242036410597,0.009159598618804167,0.32438523756158777,0.02855106228575392,49.06460999978611,57.587891993701184,0.789945052329387,True,7.09,True,validity_envelope_gamma_exceeded,769,7.68,0,
traj_0349,stall,20260817,48.95050211139122,756.2764996678535,0.052452333191821826,0.3565861026247061,0.01639135412244432,1.0444766226097546,0.031357519838871084,39.475688699183145,59.03674998255505,0.3917183665283324,True,3.44,False,completed_normally,2001,20.0,0,
traj_0350,normal,20260817,55.74808960117064,1550.3781450622187,0.03222724292221344,0.4096358360715426,0.0100710134131917,0.05254236035086629,0.03222724292219181,50.44733069968122,55.74808960117064,0.09372060834906516,False,,False,completed_normally,2001,20.0,0,
traj_0351,normal,20260817,37.702355909054624,814.6330661348997,0.11167763485629983,0.32126918983106395,0.034899260892593695,0.11167763485629983,0.07261981440359022,37.70235590904076,44.89189003066447,0.12951600897573234,False,,False,completed_normally,2001,20.0,0,
traj_0352,stall,20260817,57.093624729775975,1087.7803854697702,0.029040579968257745,0.42225455550117935,0.009075181240080544,0.8559890276316824,-0.7677899951451037,27.10427023653467,57.110345347606234,0.7867070541379393,True,3.63,True,validity_envelope_gamma_exceeded,1151,11.5,0,
traj_0353,stall,20260817,42.40105636039893,1583.0280650999389,0.08149243529658412,0.3260757552507247,0.025466386030182538,0.08223103580921999,-0.36209038818855277,42.12590854334544,44.962543876937445,0.7901901031403084,True,5.64,True,validity_envelope_gamma_exceeded,629,6.28,0,
traj_0354,boundary,20260817,39.26576478613732,1994.2048284849182,0.10051061849932655,0.32093063550430745,0.031409568281039545,0.3738546615498932,-0.04370192444866361,16.163065502011694,39.26576478613732,0.7856981760785529,True,7.7,True,validity_envelope_gamma_exceeded,1310,13.09,0,
traj_0355,normal,20260817,33.00255602322143,755.4996589530475,0.15416716316714063,0.3372717686770312,0.04817723848973145,0.16547507323536126,0.09058193613411433,30.28557638435016,41.16781744915056,0.21894762115338598,False,,False,completed_normally,2001,20.0,0,
traj_0356,normal,20260817,70.29483748614506,1963.9477883739896,0.0067401002179875375,0.5768702344173694,0.0021062813181211056,0.0430698411300629,0.0067401002179875375,51.78289163585783,70.294837486146,0.26495862699368444,False,,False,completed_normally,2001,20.0,0,
traj_0357,normal,20260817,44.22869578652104,572.1293953073211,0.07213172779688803,0.3321623699780068,0.02254116493652751,0.0732989623909335,0.07082712255511942,43.79574230037528,44.71076291508783,0.009416682064377253,False,,False,completed_normally,2001,20.0,0,
traj_0358,normal,20260817,69.29567307142754,1747.9806259559346,0.008000254960532194,0.5633759776517935,0.0025000796751663105,0.04492648170262675,0.008000254960532194,52.40055050855102,69.29567307145562,0.25436277463162804,False,,False,completed_normally,2001,20.0,0,
traj_0359,stall,20260817,70.20777405443978,1451.1267704849715,0.006847791395490584,0.5756835007339536,0.0021399348110908074,0.3254322630199674,0.006847791395309625,62.38281521069245,70.20777405443978,0.7872199685002742,True,6.88,True,validity_envelope_gamma_exceeded,729,7.28,0,
traj_0360,stall,20260817,59.59508000914225,770.5386048206644,0.023671281600211532,0.4473812179619525,0.007397275500066104,0.023671281600269413,-0.2620109163241039,59.59508000914225,61.774339610513266,0.7860818179990813,False,,True,validity_envelope_gamma_exceeded,596,5.95,0,
traj_0361,normal,20260817,39.32182987255497,1043.0681206054298,0.10013283564133169,0.3209571096059003,0.03129151113791615,0.10114259112940555,0.09909422348869291,39.04017876032275,39.60513530855722,0.007617610461633933,False,,False,completed_normally,2001,20.0,0,
traj_0362,normal,20260817,49.69791417726104,1872.7584046924944,0.04982575291135284,0.361466168322362,0.015570547784797762,0.049825752911396064,0.004714450297966875,49.69791417726104,62.06096537735662,0.20442966767935997,False,,False,completed_normally,2001,20.0,0,
traj_0363,boundary,20260817,30.75812153013868,506.07142116517286,0.18070148653485504,0.3552280608801731,0.0564692145421422,0.18594548341571493,0.1778181159514327,29.97113263704306,31.18331804890772,0.023918301490374293,False,,False,completed_normally,2001,20.0,0,
traj_0364,boundary,20260817,32.738401809357,1139.312399551194,0.15704077287252768,0.33898079634121336,0.0490752415226649,0.1591776314628681,0.15436517622047458,32.37810704518444,33.234168592871,0.016459772578019085,False,,False,completed_normally,2001,20.0,0,
traj_0365,boundary,20260817,69.49864878513485,846.457899144041,0.007739900253131489,0.5660950361643364,0.0024187188291035903,0.007739900253131489,-0.1220043720539773,69.4986487851277,76.01944662184684,0.787811680502059,False,,True,validity_envelope_gamma_exceeded,677,6.76,0,
traj_0366,boundary,20260817,45.873542334253656,1552.60498845946,0.06460794808870501,0.3393350953670431,0.020189983777720317,0.06527681216246997,0.06377896104089104,45.595140211115506,46.20886413540217,0.007202286001825299,False,,False,completed_normally,2001,20.0,0,
traj_0367,normal,20260817,64.75209501074498,1737.8863912753009,0.014476820551599722,0.505554835721937,0.0045240064223749125,0.04341368981667103,0.014476820551551585,55.045915335017085,64.75209501074498,0.15162503982912706,False,,False,completed_normally,2001,20.0,0,
traj_0368,boundary,20260817,68.58987484883839,767.0740712698704,0.008923447725076483,0.5540100364402089,0.002788577414086401,0.14450836883876172,0.008923447725076325,58.61091126525052,68.58987484883839,0.785570800792169,False,,True,validity_envelope_gamma_exceeded,728,7.2700000000000005,0,
traj_0369,normal,20260817,61.64714380178272,764.1068317098105,0.019739254569703147,0.46953536024756853,0.006168517053032233,0.019883537014298784,0.019336790245376465,61.51568051449837,61.99835397214633,0.004729555845803933,False,,False,completed_normally,2001,20.0,0,
traj_0370,stall,20260817,71.56437623202966,691.5355383046503,0.005213716142678981,0.5944090098266333,0.0016292862945871814,0.6206799458963924,0.005213716142678981,62.461538038230806,71.5643762320425,0.7856224202856096,True,3.89,True,validity_envelope_gamma_exceeded,475,4.74,0,
traj_0371,normal,20260817,43.14391444596554,1694.4184563854972,0.0775507855292025,0.32829767261282033,0.02423462047787578,0.07860835946974996,0.07662978806289986,42.78429861081524,43.47603818655338,0.00868515662633263,False,,False,completed_normally,2001,20.0,0,
traj_0372,normal,20260817,66.38492032348411,1649.8132462320038,0.01199754547890752,0.5256528510596834,0.0037492329621586,0.012168326130424692,0.011610167946378402,66.19697274557197,66.79602620687551,0.006396803158228759,False,,False,completed_normally,2001,20.0,0,
traj_0373,normal,20260817,68.33954779845861,1996.9435296832314,0.009257697323559862,0.5507215484275483,0.0028930304136124568,0.009257697323670551,-0.03097919862285442,68.33954779845861,86.5088010954961,0.25331889147649017,False,,False,completed_normally,2001,20.0,0,
traj_0374,boundary,20260817,37.22341259533512,1135.336449780924,0.1153583182847463,0.32181234283199417,0.03604947446398322,0.11691739106970761,0.11292831502914745,36.826309383512644,37.820840141274616,0.014529424680192275,False,,False,completed_normally,2001,20.0,0,
traj_0375,normal,20260817,32.400788099265014,537.1849442882824,0.16080328304659838,0.3413131276821439,0.050251025952061996,0.18161059543478322,0.11139450057744804,28.7845719376324,37.98465804857458,0.15466845675317217,False,,False,completed_normally,2001,20.0,0,
traj_0376,normal,20260817,68.91644798759035,1238.5837235019042,0.00849279664778299,0.5583264489377282,0.0026539989524321846,0.04011469392774855,0.008492796647748678,53.808957514754034,68.91644798759035,0.2257896373180761,False,,False,completed_normally,2001,20.0,0,
traj_0377,boundary,20260817,37.66926613475837,1594.3009853319033,0.11192782879932989,0.3212998046107396,0.034977446499790586,0.11503705475251211,0.10926082107927829,36.89705355873065,38.317106217341326,0.021971387676560462,False,,False,completed_normally,2001,20.0,0,
traj_0378,stall,20260817,62.266480966781174,1050.9064451043976,0.018627222231654864,0.47648419697210703,0.005821006947392145,0.9503423298241558,0.01862722223154971,26.65237657475618,62.266480966781174,0.7080075678064623,True,4.8500000000000005,False,completed_normally,2001,20.0,0,
traj_0379,normal,20260817,34.57976956897485,1235.9990045836846,0.13819396324909355,0.32903624660064495,0.04318561351534173,0.17745958588393426,0.12232929191180576,30.427872094287938,38.19719194250542,0.11346790126783476,False,,False,completed_normally,2001,20.0,0,
traj_0380,normal,20260817,49.47743058181824,1887.8562218587654,0.050588544447880066,0.3600000363750088,0.01580892013996252,0.0928720295561363,0.05058854444787114,39.91926502127892,49.47743058181824,0.21638763629592006,False,,False,completed_normally,2001,20.0,0,
traj_0381,normal,20260817,32.708661162401015,1187.9297346593016,0.15736812205481746,0.33917951436439403,0.04917753814213045,0.15880608377160377,0.15597300125574903,32.46585059149238,32.96486343520408,0.008523301836216572,False,,False,completed_normally,2001,20.0,0,
traj_0382,stall,20260817,40.55188784519886,1458.4889151966643,0.09220807847438717,0.3221644555622992,0.02881502452324599,1.1570618644406703,0.05306959549873971,38.64622447213158,54.4326079812689,0.41689654081140526,True,3.96,False,completed_normally,2001,20.0,0,
traj_0383,normal,20260817,67.86218005552276,572.324440556705,0.00990527590171764,0.5444992031128139,0.0030953987192867626,0.03379457663715171,0.009901863869643831,60.1488336299437,67.90152876040995,0.11426183542800927,False,,False,completed_normally,2001,20.0,0,
traj_0384,normal,20260817,40.61375158218346,887.2595028614232,0.0918271916785085,0.3222558187752453,0.028695997399533907,0.09346907778870937,0.09055267785971931,40.133202811636004,41.01312566120769,0.01161811805077246,False,,False,completed_normally,2001,20.0,0,
traj_0385,normal,20260817,59.856270878274714,1403.1078179581136,0.023148567804126923,0.4501255385300706,0.007233927438789664,0.02314856780429874,0.0062083038636032775,59.856270878274714,66.57349367043916,0.10004404258842728,False,,False,completed_normally,2001,20.0,0,
traj_0386,stall,20260817,60.232897079112405,1858.4993548058778,0.022406607402800104,0.4541219171682812,0.007002064813375033,0.022406607402800104,-0.3277493090769914,60.232897079098635,61.615295930346605,0.7930796290281286,True,5.39,True,validity_envelope_gamma_exceeded,578,5.7700000000000005,0,
traj_0387,normal,20260817,65.36727207613345,1137.0412712105401,0.013521156675051816,0.5130353323150143,0.004225361460953692,0.013521156675051816,-0.03230237597829219,65.36727207611565,82.71184059113864,0.25478981962463076,False,,False,completed_normally,2001,20.0,0,
traj_0388,stall,20260817,39.07946546998193,1035.4680723949787,0.10177678638000584,0.3208611990001159,0.03180524574375183,0.10411953865838976,-0.2575108387499052,38.46508055304418,42.63070840195685,0.7876833752316237,False,,True,validity_envelope_gamma_exceeded,740,7.390000000000001,0,
traj_0389,normal,20260817,43.68786117284013,1923.1592683370977,0.07478528095316156,0.3301459159583013,0.023370400297862987,0.07478528095325275,0.015031218467037671,43.68786117284013,58.386963507703896,0.2701883477739351,False,,False,completed_normally,2001,20.0,0,
traj_0390,normal,20260817,52.9426904553122,703.5396022743955,0.039654629660010016,0.3854759002504538,0.01239207176875313,0.040148368631781686,0.03926045182113343,52.656861280696816,53.1840310097906,0.007443566539014325,False,,False,completed_normally,2001,20.0,0,
traj_0391,normal,20260817,67.56357628468002,1836.2738883866887,0.010317271436546833,0.540639648502803,0.003224147323920885,0.04899206044022425,0.010317271436427439,54.40735517177389,67.56357628468002,0.20144373674517935,False,,False,completed_normally,2001,20.0,0,
traj_0392,stall,20260817,44.343835204078516,1975.9430170417406,0.0715787753676177,0.33261413890996355,0.02236836730238053,0.07398468534220215,0.07053876242386116,43.46932682145348,44.72984037378729,0.017377784285749754,False,,False,completed_normally,2001,20.0,0,
traj_0393,normal,20260817,57.57558769200439,999.0543864714989,0.02795224907882688,0.426929855471321,0.0087350778371334,0.02833830137991486,0.027242943372681995,57.291859583901804,58.0948858842543,0.005414134172918826,False,,False,completed_normally,2001,20.0,0,
traj_0394,normal,20260817,43.18294157545015,1422.857280709649,0.0773490419413432,0.32842414990543356,0.02417157560666975,0.10761899602351298,0.07297077061616555,36.909989259060325,44.820881693344475,0.13088171787547473,False,,False,completed_normally,2001,20.0,0,
traj_0395,normal,20260817,74.6599574015236,1641.6868463662709,0.0018098783737910797,0.6389807196378182,0.0005655869918097123,0.02248973023224532,0.001809878373722362,60.66403541187486,74.6599574015236,0.18673815441789343,False,,False,completed_normally,2001,20.0,0,
traj_0396,boundary,20260817,50.99537154715457,1568.7829564707492,0.0455307626749661,0.3705308858793376,0.014228363335926905,0.04652445014973979,0.04483457236120069,50.47637226015267,51.3785496357842,0.009322149861918327,False,,False,completed_normally,2001,20.0,0,
traj_0397,normal,20260817,65.52798494186106,1930.5097979283385,0.013275865359703213,0.5150079076280416,0.004148707924907254,0.01327586535982445,-0.004997989117041829,65.52798494186106,73.12444764593616,0.11313821062215208,False,,False,completed_normally,2001,20.0,0,
traj_0398,stall,20260817,68.68470324351651,1977.8487296667515,0.008797771346938762,0.555260348341507,0.0027493035459183633,0.2867624881400356,0.008797771346809348,60.76333846106434,68.68470324351651,0.7926730627017332,True,7.15,True,validity_envelope_gamma_exceeded,730,7.29,0,
traj_0399,normal,20260817,69.04555445117437,1474.4458022814088,0.008324209820118538,0.5600410724656737,0.0026013155687870434,0.008324209820118538,-0.009454355022960714,69.04555445117389,76.55849934187934,0.10642165949390063,False,,False,completed_normally,2001,20.0,0,
traj_0400,normal,20260817,53.73185781831966,967.5423049764635,0.0374495283080892,0.39196807929209665,0.011702977596277876,0.038073577512248186,0.0370589180168614,53.35749656165042,53.97397300923414,0.004792881272048791,False,,False,completed_normally,2001,20.0,0,
traj_0401,normal,20260817,73.03190575934529,1466.3947684899274,0.0035465898500372474,0.615223073504451,0.0011083093281366399,0.0035465898501934054,-0.03334781754429719,73.03190575934529,89.29480354865383,0.2111200833355613,False,,False,completed_normally,2001,20.0,0,
traj_0402,normal,20260817,40.08128542263236,1518.6080652270275,0.09515972021472408,0.32156377958246524,0.029737412567101273,0.09746345891482737,0.09341782953086329,39.41472107685896,40.57116124859036,0.01766496021159712,False,,False,completed_normally,2001,20.0,0,
traj_0403,boundary,20260817,40.84967383021685,1706.5898714071236,0.09038951516215363,0.32263021653674856,0.028246723488173007,0.09038951516215363,-0.10008214667289461,40.84967383021319,51.0297005636227,0.7869857466106008,False,,True,validity_envelope_gamma_exceeded,695,6.94,0,
traj_0404,boundary,20260817,30.583573264351347,1726.8510513419617,0.1829895654601402,0.3569772300250369,0.05718423920629381,0.605450062166619,0.16381817794667602,28.116668842120852,33.91385515191611,0.16392038781737575,True,1.9100000000000001,False,completed_normally,2001,20.0,0,
traj_0405,normal,20260817,45.83535958169178,1800.3046296141797,0.06477381222421777,0.3391515344447561,0.020241816320068055,0.08690841286197676,0.061663536557185664,42.425939307544766,47.19635373682537,0.07388232256329527,False,,False,completed_normally,2001,20.0,0,
traj_0406,normal,20260817,68.64081710137516,1189.8228813737387,0.00885586972708323,0.5546813978217341,0.002767459289713509,0.0507856007971612,0.008855869726947536,54.92335948652994,68.64081710137516,0.2073704616681731,False,,False,completed_normally,2001,20.0,0,
traj_0407,stall,20260817,31.362572786415498,901.6050614624249,0.1730511750033414,0.34958778107473953,0.054078492188544186,0.1730511750033414,-0.2810234489435368,31.36257278640898,35.766728893349786,0.7869144905688568,True,4.62,True,validity_envelope_gamma_exceeded,466,4.65,0,
traj_0408,stall,20260817,53.969297501907754,735.0232225610264,0.03680456081988763,0.3939688898230046,0.011501425256214885,1.1122977632821966,0.025013706239078504,35.359707669331804,60.86400704498763,0.5215485275552929,True,5.46,False,completed_normally,2001,20.0,0,
traj_0409,normal,20260817,32.99643975510142,1192.0705143533175,0.15423301804760353,0.33731021299761815,0.04819781813987611,0.15423301804771647,0.08911742644474971,32.99643975510142,41.70489546861956,0.22468640356745248,False,,False,completed_normally,2001,20.0,0,
traj_0410,normal,20260817,46.065207163628195,1666.5691210005898,0.06378136580112886,0.340268361630911,0.01993167681285277,0.0648776032097703,0.06327141976208295,45.62195690339625,46.28799777418227,0.008566025571104008,False,,False,completed_normally,2001,20.0,0,
traj_0411,normal,20260817,63.14562472951879,1372.5438229082724,0.017103833830710846,0.4865519308598583,0.005344948072097139,0.06178096972734563,0.017103833830679167,53.52988157791257,63.14562472951879,0.15675260954553702,False,,False,completed_normally,2001,20.0,0,
traj_0412,normal,20260817,65.50677574433071,1210.9055216288446,0.013308134150901176,0.5147471549178371,0.004158791922156618,0.05572862502259146,0.013308134150845972,50.14582455493052,65.50677574433071,0.2439779736682253,False,,False,completed_normally,2001,20.0,0,
traj_0413,boundary,20260817,67.00922992949026,520.882556481812,0.01109661893912144,0.5335415996482691,0.00346769341847545,0.01109661893912144,-0.07380570946252007,67.00922992948938,78.85463950470911,0.7855454714833853,False,,True,validity_envelope_gamma_exceeded,470,4.69,0,
traj_0414,normal,20260817,35.617507764599395,522.6381607628923,0.12868915869169284,0.3252951210038821,0.04021536209115401,0.1954476499180953,0.11278971880376037,28.16151151347372,39.54689752923324,0.20021988885863634,False,,False,completed_normally,2001,20.0,0,
traj_0415,stall,20260817,38.35193707765059,1864.025039239711,0.10688538899733543,0.3208697336543129,0.033401684061667325,1.1729378497884972,-0.2144128551740785,37.46477785636852,60.88275073647924,0.7911082384146062,True,3.58,True,validity_envelope_gamma_exceeded,1142,11.41,0,
traj_0416,normal,20260817,30.935225704340382,1292.101499103415,0.1784170228506828,0.3535093189980654,0.05575531964083838,0.20935601742696047,0.1199155287426793,26.658348477048627,36.23781340388097,0.1554235702697344,False,,False,completed_normally,2001,20.0,0,
traj_0417,normal,20260817,40.09483512803508,840.8841097754005,0.09507337602532542,0.32157871439709645,0.029710430007914193,0.09645095786562372,0.0941339805665832,39.69323523038425,40.35547797520658,0.010628604065870371,False,,False,completed_normally,2001,20.0,0,
traj_0418,normal,20260817,73.0948897100124,535.6185189811641,0.0034772574177080818,0.616129204468747,0.0010866429430337757,0.02628812390930934,-0.034657663444584326,69.52938292355651,85.4519882855613,0.17207309858651268,False,,False,completed_normally,2001,20.0,0,
traj_0419,boundary,20260817,64.32563026071489,1547.012374677476,0.015155284719752075,0.5004347773826151,0.004736026474922523,0.015155284719843941,-0.12783084845245407,64.32563026071489,70.82823274912224,0.7883955997949392,False,,True,validity_envelope_gamma_exceeded,503,5.0200000000000005,0,
traj_0420,boundary,20260817,59.65044624845251,760.9856913420729,0.02355991320577576,0.44796108132504386,0.007362472876804925,0.13380875400396464,0.023559913205593603,45.46253844514827,59.65044624845251,0.7855889639363797,False,,True,validity_envelope_gamma_exceeded,441,4.4,0,
traj_0421,normal,20260817,40.64741691540343,719.7297760166515,0.09162060313828466,0.32230673199951454,0.028631438480713957,0.0966836044304072,0.07273130573393607,39.03585573460428,43.52580389215832,0.06877688040680321,False,,False,completed_normally,2001,20.0,0,
traj_0422,normal,20260817,32.317000160502275,971.6274145391872,0.16175309251386175,0.3419182984702486,0.050547841410581794,0.212778325926351,0.117921184308669,28.40083664325414,38.31214947350764,0.1981956598742508,False,,False,completed_normally,2001,20.0,0,
traj_0423,stall,20260817,54.023639279128076,1825.804917980683,0.03665812162082503,0.39442985833118926,0.011455663006507823,0.036658121620841394,-0.25057632265262486,54.023639279128076,56.53274947398823,0.7922503264198834,False,,True,validity_envelope_gamma_exceeded,250,2.49,0,
traj_0424,stall,20260817,38.6713980309878,1653.0309215960244,0.10460946112634181,0.3208103107257004,0.03269045660198182,0.10460946112638159,-0.22799199780219848,38.66039669176554,42.88504885078268,0.7875868392490137,False,,True,validity_envelope_gamma_exceeded,755,7.54,0,
traj_0425,boundary,20260817,37.569354107308406,1801.6147418908351,0.11268692684102058,0.3213984102335687,0.035214664637818936,0.11345646436295662,-0.07339338977857235,37.38420423939447,58.35947938363395,0.4897353100309838,False,,False,completed_normally,2001,20.0,0,
traj_0426,normal,20260817,69.48559878992059,746.4968973119496,0.00775657144351228,0.5659198764489608,0.0024239285760975877,0.0077566180198418285,-0.0034111993569269153,69.46650259670382,73.39429572953553,0.05453689890482978,False,,False,completed_normally,2001,20.0,0,
traj_0427,stall,20260817,70.85245520773299,1700.5062394723234,0.006059661046845117,0.5845199454853595,0.0018936440771390992,0.273525740716716,0.006059661046723895,63.05065965054117,70.85245520773299,0.7881149925599209,False,,True,validity_envelope_gamma_exceeded,671,6.7,0,
traj_0428,normal,20260817,67.44624938048625,1378.6351385623648,0.010480635164762771,0.5391300655905001,0.003275198488988366,0.01049705254342002,0.009928164942214917,67.41693538274416,68.05937255913241,0.007778338679830546,False,,False,completed_normally,2001,20.0,0,
traj_0429,normal,20260817,73.75707701176884,661.420680990824,0.002758941634351947,0.625719287541624,0.0008621692607349834,0.0028871100475385213,0.002740905753689066,73.57959112618217,73.78412156275783,0.0016359804292286296,False,,False,completed_normally,2001,20.0,0,
traj_0430,normal,20260817,37.18219433252793,1424.7668947475686,0.11568112690627227,0.32186926507708247,0.03615035215821008,0.15640484960451212,0.10447917162431329,33.51700839609212,40.14984311284689,0.11813929507935644,False,,False,completed_normally,2001,20.0,0,
traj_0431,boundary,20260817,30.764540496525406,680.2063351175807,0.18061804332931766,0.355164787676646,0.05644313854041177,0.4679982481316867,0.1703568437383987,28.399283587238365,32.471303846548096,0.10217285037627474,True,5.84,False,completed_normally,2001,20.0,0,
traj_0432,boundary,20260817,57.28121701996061,1069.4226981713057,0.02861375954241363,0.4240646982605459,0.00894179985700426,0.16530653032760467,0.02861375954241363,44.32181137420847,57.28121701996108,0.7874562741708498,False,,True,validity_envelope_gamma_exceeded,530,5.29,0,
traj_0433,normal,20260817,33.49058630772339,1312.1045231317132,0.1490136426357834,0.334372091633176,0.04656676332368231,0.1900229254598545,0.12210684740639535,27.65345368763736,36.00810228357267,0.19018140560734462,False,,False,completed_normally,2001,20.0,0,
traj_0434,stall,20260817,61.91926848827606,1994.5518808990066,0.0192465922700602,0.4725737987897984,0.006014560084393813,0.30825178400477293,0.0192465922700602,53.686849897183286,61.919268488308454,0.7881928404221752,True,7.07,True,validity_envelope_gamma_exceeded,750,7.49,0,
traj_0435,normal,20260817,37.96652031682508,1601.4542083357242,0.1097016293346981,0.321060837212384,0.034281759167093154,0.11080596271844877,0.10884514446123397,37.68341391612754,38.17380164293077,0.007968613428463516,False,,False,completed_normally,2001,20.0,0,
traj_0436,boundary,20260817,47.89754162206921,1577.0545376140403,0.05635740325181446,0.35015412095772963,0.017611688516192017,0.6899974276470395,0.0214431369377161,16.51644488508032,69.42381871899818,0.7495331621512545,True,8.56,False,completed_normally,2001,20.0,0,
traj_0437,boundary,20260817,66.34788157299957,1124.399568564891,0.012051786820516466,0.5251883523949732,0.0037661833814113957,0.012051786820516466,0.011180320299004915,66.34788157299592,67.27868262686323,0.01327888435910888,False,,False,completed_normally,2001,20.0,0,
traj_0438,normal,20260817,54.14544791987846,1872.7209771372645,0.03633144388849445,0.3954672435063294,0.011353576215154515,0.03683148493237113,0.03539709804482816,53.81632695513943,54.728946909332656,0.013241161200434998,False,,False,completed_normally,2001,20.0,0,
traj_0439,boundary,20260817,56.59398682025455,1234.4604337492608,0.030197822593385874,0.4174936225209418,0.009436819560433086,0.1419245949807112,0.03004301515014698,41.7757071045914,56.80878019119556,0.7866827038497234,False,,True,validity_envelope_gamma_exceeded,698,6.97,0,
traj_0440,normal,20260817,63.134335819929284,1908.3015152325795,0.017122997972087817,0.486421151234034,0.005350936866277443,0.058378140478966126,-0.023165172799536032,60.0818318244941,66.51382862762716,0.1512382496555549,False,,False,completed_normally,2001,20.0,0,
traj_0441,stall,20260817,73.25611429652155,1058.5292626379278,0.0033005885733681135,0.6184534740965641,0.0010314339291775355,0.0033005885733681135,-0.21693828928286873,73.25611429651723,75.31669936865056,0.7896126046965098,False,,True,validity_envelope_gamma_exceeded,494,4.93,0,
traj_0442,stall,20260817,34.072375548492474,1260.502998002666,0.14312135761974062,0.33133351774634734,0.04472542425616894,0.14312135761974823,-0.18718438213943678,34.072375548492474,40.31204220291553,0.7871529668875366,False,,True,validity_envelope_gamma_exceeded,379,3.7800000000000002,0,
traj_0443,stall,20260817,40.84904293425426,1339.9764140663594,0.09039332860873364,0.32262916082131743,0.028247915190229265,0.0904439332661586,-0.4449451730080529,40.79831112488054,44.12622180253258,0.7864859308929155,True,2.58,True,validity_envelope_gamma_exceeded,330,3.29,0,
traj_0444,normal,20260817,72.1119660532143,749.1257133635133,0.004579850694079469,0.6021082482044052,0.001431203341899834,0.04467337194802237,0.004579850694079469,48.75191462095544,72.11196605321496,0.34227471128317466,False,,False,completed_normally,2001,20.0,0,
traj_0445,normal,20260817,73.36774146519201,1041.4840006577042,0.003178943625590799,0.620066753386602,0.0009934198829971246,0.003178943625590799,-0.008459688375070107,73.36774146515775,81.6461982360377,0.10898216448970409,False,,False,completed_normally,2001,20.0,0,
traj_0446,normal,20260817,36.2703793318341,1988.33760004117,0.12307780753392283,0.32355777112505857,0.038461814854350886,0.13174515810894846,0.07896446983640187,34.1403787211151,40.53700598622518,0.10509401939333914,False,,False,completed_normally,2001,20.0,0,
traj_0447,normal,20260817,42.52482742743892,998.833737102789,0.08082204755073868,0.3264211523419765,0.02525688985960584,0.0822207908160873,0.07950863070011929,42.06806991004347,42.98083321275881,0.011604756440111028,False,,False,completed_normally,2001,20.0,0,
traj_0448,stall,20260817,59.857503865210845,1359.9563656867672,0.023146116247686404,0.4501385463995003,0.0072331613274020014,1.043514013518869,0.023146116247686404,41.20812778141207,59.857503865218376,0.47781478058468685,True,4.83,False,completed_normally,2001,20.0,0,
traj_0449,boundary,20260817,32.03102089053527,1088.615728488668,0.1650444326190953,0.34406467727734563,0.05157638519346728,0.16504443261910184,-0.03685806408665915,32.03102089053527,51.288012156591925,0.7855950708617768,False,,True,validity_envelope_gamma_exceeded,1045,10.44,0,
traj_0450,normal,20260817,47.95151304474963,1001.3834161506607,0.05615114960390147,0.350470869311114,0.017547234251219207,0.05705050091962834,0.05546943875103888,47.55041972236224,48.27133807298073,0.0077082097518051595,False,,False,completed_normally,2001,20.0,0,
traj_0451,stall,20260817,57.720674706821335,1640.6349132702708,0.027629867999876337,0.4283530373130183,0.008634333749961354,1.1283024443435001,0.02449472629893972,43.047415844435946,59.120651706962235,0.37898225824727266,True,1.85,False,completed_normally,2001,20.0,0,
traj_0452,boundary,20260817,47.47250593585155,1190.253929658406,0.05800560334519388,0.34770963178099085,0.018126751045373087,0.27424369983289076,0.05800560334519388,36.69576748043229,47.472505935871325,0.7873787078133274,False,,True,validity_envelope_gamma_exceeded,751,7.5,0,
traj_0453,stall,20260817,71.39490278837918,1164.7317151516522,0.005412823550790513,0.592042499551408,0.0016915073596220354,0.3360184127747148,0.005412823550790513,63.62043143827804,71.39490278840296,0.7864818465615895,True,6.63,True,validity_envelope_gamma_exceeded,702,7.01,0,
traj_0454,boundary,20260817,39.73887802760501,632.279912660743,0.09736907265698178,0.32123372453411797,0.030427835205306807,0.2706854340895565,0.050612951251611124,18.50048426983703,60.001472208646895,0.5824378701527052,False,,False,completed_normally,2001,20.0,0,
traj_0455,stall,20260817,33.12370620235024,1232.9220525994876,0.15286927599210215,0.3365211342464251,0.04777164874753192,0.15286927599210215,-0.4828002542227179,33.12370620233487,37.76495800975885,0.7858887471039582,True,5.71,True,validity_envelope_gamma_exceeded,657,6.5600000000000005,0,
traj_0456,boundary,20260817,67.32636715747539,615.4059608581662,0.010648430186105794,0.5375916400839408,0.0033276344331580605,0.010648430186105794,-0.07204311503643795,67.3263671574751,108.28504663875371,0.5683842727569745,False,,False,completed_normally,2001,20.0,0,
traj_0457,normal,20260817,67.5993477401192,1606.2401488404732,0.010267631242787779,0.541100676918477,0.003208634763371181,0.03335227650753089,-0.006107480790025724,61.5290644955127,67.5993477401192,0.15260980999238655,False,,False,completed_normally,2001,20.0,0,
traj_0458,normal,20260817,53.86940620990584,1143.955197094596,0.037074880705355265,0.3931244963222483,0.01158590022042352,0.037074880705355265,0.0038637735397986095,53.86940620990438,69.24969399181464,0.231494181940025,False,,False,completed_normally,2001,20.0,0,
traj_0459,normal,20260817,74.6288537479778,1936.914715049156,0.0018420064108125949,0.6385203296982835,0.0005756270033789359,0.0018420064108125949,-0.01232880413032296,74.62885374794398,85.9019162443494,0.14225329770586503,False,,False,completed_normally,2001,20.0,0,
traj_0460,normal,20260817,55.138446586030405,778.7934719695149,0.03374711036678617,0.40413360541981375,0.010545971989620677,0.03419549720203344,0.03349123149907146,54.849888408808866,55.31107840949543,0.004734075988744366,False,,False,completed_normally,2001,20.0,0,
traj_0461,normal,20260817,68.261099115559,641.5425903366475,0.009363195532580294,0.5496945972999017,0.0029259986039313415,0.023465548225618648,-0.0107719435006743,66.2876149765423,72.56998384871166,0.12835127672626387,False,,False,completed_normally,2001,20.0,0,
traj_0462,normal,20260817,52.30891415196827,1985.1038063370706,0.04149675657102417,0.3804411083692097,0.012967736428445053,0.08709790909325366,0.04149675657102417,41.972998031255884,52.308914151968445,0.18178586216012182,False,,False,completed_normally,2001,20.0,0,
traj_0463,stall,20260817,61.64660752933189,865.990475755564,0.019740231814284283,0.46952939535367116,0.006168822441963839,1.0676490900148425,0.019740231814117867,34.23483172200029,61.64660752933189,0.46469124753138885,True,6.63,False,completed_normally,2001,20.0,0,
traj_0464,stall,20260817,61.82666085944795,715.8796266345895,0.01941353129014517,0.47153717586952376,0.0060667285281703655,0.9297987595806201,0.003907402096623325,22.01828975638195,74.38654005411122,0.6596676656604619,True,1.6,False,completed_normally,2001,20.0,0,
traj_0465,normal,20260817,65.12021631134989,1326.6117229153176,0.013901736957367364,0.5100177637219346,0.004344292799177301,0.014164119206890423,0.013495494052200437,64.85880526376644,65.52945373768439,0.0028510518849759856,False,,False,completed_normally,2001,20.0,0,
traj_0466,boundary,20260817,63.819297799258635,726.8358504680955,0.015978322710512822,0.4944263374252589,0.004993225847035257,0.015978322710512822,-0.14192854244358544,63.819297799258635,69.57018884234311,0.7891485910210905,False,,True,validity_envelope_gamma_exceeded,709,7.08,0,
traj_0467,stall,20260817,74.4052975820883,1941.0752081752826,0.0020741012073097883,0.6352187180581389,0.0006481566272843089,0.0020741012073097883,-0.23949235144223335,74.40529758207683,75.50415785134575,0.7934068413845632,False,,True,validity_envelope_gamma_exceeded,736,7.3500000000000005,0,
traj_0468,normal,20260817,49.522904268842666,1199.2733001088084,0.050430409761521924,0.3603006164591379,0.0157595030504756,0.07770387696767925,0.01583035562391298,46.12420918611779,59.0021240636701,0.2074083471916269,False,,False,completed_normally,2001,20.0,0,
traj_0469,normal,20260817,37.837656545278435,1860.6592656338312,0.11066083837044793,0.32115450593340833,0.03458151199076498,0.1106608383704877,0.07459489394401583,37.683193826939,42.09228186187392,0.10301220631053526,False,,False,completed_normally,2001,20.0,0,
traj_0470,boundary,20260817,30.41586551196143,882.3974204640947,0.1852234400024246,0.3587105327423889,0.05788232500075769,0.5946655434190556,0.16228132660834188,29.735779748873444,34.05604716723372,0.20086081064205574,True,6.69,False,completed_normally,2001,20.0,0,
traj_0471,stall,20260817,31.306994705859257,1656.194091744037,0.17373768848091536,0.3500801012749499,0.05429302765028605,0.1822581457112581,0.16755499952777272,29.96293230675037,32.27534082628832,0.04008284473962081,False,,False,completed_normally,2001,20.0,0,
traj_0472,normal,20260817,33.615799375974355,604.3779073241444,0.14772291330304627,0.33368048982026605,0.04616341040720196,0.1675926421129541,0.10121848976784165,30.138906082768102,37.427023284388454,0.12505240507956747,False,,False,completed_normally,2001,20.0,0,
traj_0473,normal,20260817,39.17401851847331,1426.2341101730688,0.10113207499832907,0.32089286621090934,0.03160377343697784,0.1034525629845337,0.08413346278312409,38.477246122009355,40.75729899880765,0.03924837539373997,False,,False,completed_normally,2001,20.0,0,
traj_0474,stall,20260817,52.118398553153064,1117.6399785826502,0.04206340564335315,0.37895940319429366,0.013144814263547858,0.8431263825206208,0.03860749346335385,31.433974359672597,52.99359891371103,0.40120113467687074,True,4.36,False,completed_normally,2001,20.0,0,
traj_0475,stall,20260817,45.82207130571369,813.5987779497071,0.0648316296732197,0.33908783675927107,0.020259884272881157,0.8363124084365757,-0.267451874180904,36.21766060828219,46.01743785946316,0.7869536740918321,True,5.8,True,validity_envelope_gamma_exceeded,1281,12.8,0,
traj_0476,normal,20260817,34.95606557309258,1906.2177768242384,0.13466094769083975,0.3275351155532616,0.04208154615338742,0.2311380021312192,0.12022879048405101,26.32825588249169,38.25847872907686,0.23549706555835245,False,,False,completed_normally,2001,20.0,0,
traj_0477,normal,20260817,54.19573349696609,501.52395630622874,0.03619721310528929,0.39589715542999154,0.011311629095402903,0.03628048579454905,0.03525953417859485,54.12595512441837,54.780449349468235,0.010897646096257575,False,,False,completed_normally,2001,20.0,0,
traj_0478,normal,20260817,62.07151285879729,1356.3579046551035,0.018973750221036905,0.47428379598543785,0.005929296944074033,0.044455657519601594,0.0038199122943795294,56.532097722943874,63.4714709966211,0.14390020851612176,False,,False,completed_normally,2001,20.0,0,
traj_0479,normal,20260817,72.18569653514933,1532.7536413510318,0.0044955931264397024,0.6031510514512393,0.001404872852012407,0.004511332707457197,0.004297304651159953,72.16177777655717,72.44676400115722,0.002496698667909823,False,,False,completed_normally,2001,20.0,0,
traj_0480,stall,20260817,38.884370802997076,1214.255165661823,0.1031208041680482,0.3208193648823312,0.032225251302515065,0.10312080416813109,-0.19497576706748443,38.884370802997076,44.604996552702566,0.7864910335823191,False,,True,validity_envelope_gamma_exceeded,583,5.82,0,
traj_0481,normal,20260817,52.62781646720308,612.655458963463,0.04056169389707022,0.38295431233071425,0.012675529342834444,0.07252498389470152,0.04056169389707022,41.57932798270342,52.6278164672039,0.16556371708174505,False,,False,completed_normally,2001,20.0,0,
traj_0482,stall,20260817,47.07381247996371,794.8110433265775,0.059591133091706175,0.34549837534569616,0.01862222909115818,0.9406174138766668,0.046387424703910315,41.35719238916648,53.71031886627124,0.26484728898716886,True,1.95,False,completed_normally,2001,20.0,0,
traj_0483,normal,20260817,38.93749868450574,990.9459451432429,0.1027529538385874,0.3208276009334865,0.03211029807455856,0.10345054242578118,0.10207757370851248,38.75425731434981,39.123676970753195,0.005083296407503409,False,,False,completed_normally,2001,20.0,0,
traj_0484,normal,20260817,63.335895690607316,1423.239451248795,0.01678234954178887,0.48876201879847186,0.005244484231809021,0.01734124872131185,0.01678234954178887,62.82084481960307,63.33589569062673,0.00822074359251478,False,,False,completed_normally,2001,20.0,0,
traj_0485,boundary,20260817,62.73173644596568,1562.610840602669,0.017813146868563088,0.4817825904341645,0.005566608396425966,0.18293432223684364,0.011039648852576245,23.954722078434973,64.78793602858983,0.7365310068122919,False,,False,completed_normally,2001,20.0,0,
traj_0486,boundary,20260817,59.23254391153694,1684.274563686196,0.02440813998310823,0.44360923914556005,0.007627543744721322,0.19934996918911263,0.02440813998309538,49.51022879576726,59.23254391153694,0.7879263326832459,False,,True,validity_envelope_gamma_exceeded,711,7.1000000000000005,0,
traj_0487,stall,20260817,54.7151192621502,1968.729505090975,0.03483196084744522,0.4003937306363714,0.010884987764826631,0.5707716939965479,0.03483196084733147,42.82748211734276,54.7151192621502,0.7856031469685583,True,4.73,True,validity_envelope_gamma_exceeded,626,6.25,0,
traj_0488,boundary,20260817,74.56642573566504,1252.9435089963583,0.001906610720441294,0.6375970437276982,0.0005958158501379044,0.0021109985958778694,0.0015534819342045052,74.27390103660929,75.0759662664187,0.002215224219950908,False,,False,completed_normally,2001,20.0,0,
traj_0489,normal,20260817,44.966797139897665,909.5305417238425,0.06865735532820044,0.3351920072820491,0.021455423540062638,0.0695831079332529,0.06758166093136284,44.6163006655331,45.390911217868805,0.009831443925703466,False,,False,completed_normally,2001,20.0,0,
traj_0490,normal,20260817,57.159380123513934,646.1970187595539,0.028890498894110175,0.4228876535576917,0.009028280904409429,0.029290430585281024,0.02831018408692701,56.866629571023765,57.57437555471004,0.007263906624967493,False,,False,completed_normally,2001,20.0,0,
traj_0491,normal,20260817,49.06838206171122,1264.68363348724,0.05203030393376602,0.357338727077315,0.016259469979301885,0.10542460639791504,0.05008993846782184,35.186249995177135,49.650050024362265,0.24983309197274337,False,,False,completed_normally,2001,20.0,0,
traj_0492,boundary,20260817,55.051918533372884,1623.1585007699362,0.03396685700308184,0.4033637527644836,0.010614642813463077,0.17739749711160335,0.03396685700308184,42.584535443764686,55.051918533390115,0.7873923029220818,False,,True,validity_envelope_gamma_exceeded,801,8.0,0,
traj_0493,normal,20260817,57.71888181368207,987.3147712677443,0.027633837183527996,0.4283354062777183,0.0086355741198525,0.028052572437918442,0.027512147054378093,57.415214909977166,57.81393297313007,0.004360387771654879,False,,False,completed_normally,2001,20.0,0,
traj_0494,stall,20260817,36.920475454692365,936.5031888891099,0.11775370376369293,0.32226915276780715,0.03679803242615404,0.11994631343272918,0.11559313220391704,36.42215149180464,37.4499116323401,0.015336198329272422,False,,False,completed_normally,2001,20.0,0,
traj_0495,normal,20260817,64.68631752755758,1101.7281047036133,0.014580601948398692,0.504761599921348,0.004556438108874591,0.014580601948398692,-0.013054379188067275,64.68631752755458,76.70984635731563,0.17778956866549633,False,,False,completed_normally,2001,20.0,0,
traj_0496,normal,20260817,55.70052806026683,579.2494507943595,0.03234405520134863,0.40920168682213165,0.010107517250421447,0.033298627831999425,0.031885703393261564,55.0752955024117,56.021709412329386,0.010887460641460308,False,,False,completed_normally,2001,20.0,0,
traj_0497,boundary,20260817,70.45359260507685,1945.0984155335589,0.006544748026788505,0.5790395027652951,0.002045233758371408,0.00654474802679957,-0.11398918133676794,70.45359260507685,77.52253160562569,0.7879665534162998,False,,True,validity_envelope_gamma_exceeded,708,7.07,0,
traj_0498,boundary,20260817,74.87322509392347,1269.11877018483,0.0015906544294849328,0.642144248002856,0.0004970795092140415,0.10724774658022307,-0.09873873242205267,74.87322509392347,91.17714250302156,0.7863992753066237,False,,True,validity_envelope_gamma_exceeded,809,8.08,0,
traj_0499,stall,20260817,48.166149427820336,1965.1475763728465,0.05533755766992145,0.3517445277097617,0.01729298677185045,0.05667718820127944,0.05413829305400742,47.56433110284963,48.74222155605336,0.01557112273449188,False,,False,completed_normally,2001,20.0,0,
traj_0500,boundary,20260817,39.971842029221186,1704.827101788225,0.09586014282363722,0.3214483490579323,0.029956294632386634,0.2078449042941075,0.07358147795830625,26.664232040920986,47.45319283018724,0.34785318968900925,False,,False,completed_normally,2001,20.0,0,
traj_0501,normal,20260817,36.7181577627665,879.2707185117976,0.1193833716027417,0.3226244613432513,0.03730730362585678,0.12009434161701822,0.11861580297233175,36.54931798529084,36.8936197944565,0.004934207809244868,False,,False,completed_normally,2001,20.0,0,
traj_0502,boundary,20260817,65.76341537235763,1672.0756444248807,0.012919739269472132,0.5179111868267068,0.004037418521710041,0.01291973926959399,-0.10684675842399405,65.76341537235763,73.47952047399788,0.7859706826865335,False,,True,validity_envelope_gamma_exceeded,873,8.72,0,
traj_0503,normal,20260817,36.42665336319474,1951.6736115434567,0.1217745471144468,0.32320873048333526,0.038054545973264624,0.16347224959043857,0.0960643893587808,31.616980080669194,38.37163031038792,0.1443692640901639,False,,False,completed_normally,2001,20.0,0,
traj_0504,stall,20260817,42.55063026008424,1566.762636754821,0.08068298940579788,0.3264944230066143,0.025213434189311837,1.1378698779723382,0.03198770086163599,40.763373827613066,62.356810786224635,0.528544570927182,True,3.5300000000000002,False,completed_normally,2001,20.0,0,
traj_0505,normal,20260817,66.03584519548927,1020.8144208797098,0.012512336318062593,0.5212908776928409,0.00391010509939456,0.012913308647921007,0.012328712078985959,65.62236077365847,66.23251581781251,0.004815435387936943,False,,False,completed_normally,2001,20.0,0,
traj_0506,boundary,20260817,69.18549576884938,1040.044540053427,0.008142528697558462,0.5619048152088553,0.0025445402179870196,0.14517300979402892,0.008142528697558462,59.48619731874284,69.18549576885832,0.7876726327755125,False,,True,validity_envelope_gamma_exceeded,552,5.51,0,
traj_0507,normal,20260817,54.71808082792455,650.6933807173907,0.034824285345171485,0.4004196620624063,0.010882589170366089,0.08076611753157661,0.034824285345171485,38.77818032072555,54.718080827925455,0.2510900461366508,False,,False,completed_normally,2001,20.0,0,
traj_0508,stall,20260817,41.473865557342805,1282.0735276719188,0.08669643242352337,0.32381515727632393,0.027092635132351054,1.1138121720159941,-0.2941215833612144,39.423954343624104,54.910158275932005,0.7863128425662397,True,5.83,True,validity_envelope_gamma_exceeded,1306,13.05,0,
traj_0509,normal,20260817,66.09701189126946,946.6730113986989,0.012421549045586473,0.5220526568805856,0.0038817340767457725,0.053592861564650596,0.012421549045586473,53.95680885812726,66.09701189127172,0.1900113865925725,False,,False,completed_normally,2001,20.0,0,
traj_0510,stall,20260817,70.46587456060013,787.6648243171019,0.0065296892187011015,0.5792076128890519,0.002040527880844094,0.24306656742030386,0.0065296892187011015,62.572269431203566,70.46587456060448,0.7872348605920305,False,,True,validity_envelope_gamma_exceeded,374,3.73,0,
traj_0511,stall,20260817,63.578461760452235,1295.9831406217722,0.01637663314020425,0.4915954807999002,0.005117697856313827,0.2636304104006548,0.01637663314020425,55.34020222279311,63.57846176045984,0.7907835071299065,False,,True,validity_envelope_gamma_exceeded,500,4.99,0,
traj_0512,normal,20260817,38.49048825294036,744.4974586385284,0.1058919133270119,0.3208330942464717,0.033091222914691215,0.10589191332709767,0.08164570659148959,38.49048825294036,41.751225092554655,0.07897860277804201,False,,False,completed_normally,2001,20.0,0,
traj_0513,normal,20260817,69.25887753756973,1779.7002679587388,0.008047694903814094,0.5628842848830783,0.0025149046574419044,0.008062462903151785,0.007652936075625639,69.23438081526557,69.72798213951076,0.005129278891875896,False,,False,completed_normally,2001,20.0,0,
traj_0514,normal,20260817,45.2388300816566,713.7836420294666,0.06741785875891282,0.3363871089906567,0.021068080862160256,0.0674178587589425,0.052286130813874905,45.2388300816566,47.55483625984209,0.04943166549788462,False,,False,completed_normally,2001,20.0,0,
traj_0515,boundary,20260817,37.88216794896749,1500.1342379963753,0.11032850282154003,0.32112044352006275,0.03447765713173125,0.11032850282163989,-0.08614067220717625,37.88216794896749,49.33269556814687,0.7854303909722106,False,,True,validity_envelope_gamma_exceeded,601,6.0,0,
traj_0516,normal,20260817,72.05211637370125,766.9176379873301,0.004648434035368762,0.6012628362273112,0.001452635636052738,0.03405775187392038,0.004648434035255341,60.9260939859517,72.05211637370125,0.1602383147118203,False,,False,completed_normally,2001,20.0,0,
traj_0517,normal,20260817,46.10577555033059,1116.8898607854594,0.06360768278028703,0.3404684222951784,0.019877400868839698,0.06529991799566873,0.06207098282397183,45.428766125720244,46.76092571862052,0.015536412391729164,False,,False,completed_normally,2001,20.0,0,
traj_0518,normal,20260817,65.55511986437588,1243.1296510366283,0.01323462599247809,0.5153417048574405,0.004135820622649403,0.01357401723055804,-0.025118017523888425,65.12165402929662,84.25668226047091,0.2730373291933334,False,,False,completed_normally,2001,20.0,0,
traj_0519,boundary,20260817,46.798317109742094,1772.7379875483787,0.06070971541639146,0.34401745635001185,0.018971786067622332,0.24526562205622093,0.06070971541639146,32.588314220418034,46.79831710974379,0.7854193793752069,False,,True,validity_envelope_gamma_exceeded,692,6.91,0,
traj_0520,normal,20260817,60.2499253354203,966.9349770575367,0.022373385233240898,0.4543036918962382,0.006991682885387781,0.05747211695500022,-0.014601089161027137,51.857058441538236,62.597969518852516,0.20101273098800587,False,,False,completed_normally,2001,20.0,0,
traj_0521,normal,20260817,58.78192225302307,810.5705717433344,0.0253428248803072,0.438981529863896,0.007919632775096,0.02534282488034558,-0.020530139033252542,58.78192225302307,85.14017718643368,0.36021681113110837,False,,False,completed_normally,2001,20.0,0,
traj_0522,stall,20260817,31.065228714902325,1388.2699279256924,0.17676317188039478,0.3522829565564339,0.055238491212623364,1.185418275952493,0.061670577373625024,30.883278501695614,63.03104027861004,0.779939384508528,True,5.14,False,completed_normally,2001,20.0,0,
traj_0523,boundary,20260817,59.008891382360204,1571.392797243951,0.024869405701564127,0.4413039593319831,0.00777168928173879,0.14939629629562923,0.024869405701564127,46.462857253817155,59.008891382364,0.7861274175220103,False,,True,validity_envelope_gamma_exceeded,524,5.23,0,
traj_0524,stall,20260817,68.57141156800351,519.8638661017809,0.0089479771922506,0.5537668901442188,0.0027962428725783126,0.6339199804042599,0.0089479771922506,58.92973958728947,68.57141156800543,0.7871059075264619,True,1.95,True,validity_envelope_gamma_exceeded,295,2.94,0,
traj_0525,normal,20260817,61.22703895507886,1824.5406219401043,0.020512589366193646,0.4648903389202806,0.006410184176935514,0.08512685428380273,0.020512589366047804,33.185542388115834,61.22703895507886,0.44229937047145484,False,,False,completed_normally,2001,20.0,0,
traj_0526,normal,20260817,65.63478486816418,1943.022030196633,0.013113843946194415,0.5163229377976004,0.004098076233185754,0.05438733172495727,0.013113843946170546,48.354655829943844,65.63478486816418,0.2737413124204289,False,,False,completed_normally,2001,20.0,0,
traj_0527,boundary,20260817,32.53974613671923,1429.2618411355695,0.15924225042462034,0.3403327314326515,0.04976320325769386,0.418906231356305,0.010701499825827798,32.53974613671923,47.965886305174195,0.7867353183371402,True,11.35,True,validity_envelope_gamma_exceeded,1387,13.86,0,
traj_0528,stall,20260817,71.58852734969932,1259.3063483654942,0.005185455916881496,0.5947468830734964,0.0016204549740254676,0.0059680765083212255,0.00509110530138496,70.59795696661514,71.72072937104609,0.009886099759066302,False,,False,completed_normally,2001,20.0,0,
traj_0529,normal,20260817,60.69773985485853,1099.6591557556987,0.021509571531197043,0.45911763607941075,0.0067217411034990755,0.0831796208816406,0.02150957153112302,34.061849067518224,60.69773985485853,0.43136695040026246,False,,False,completed_normally,2001,20.0,0,
traj_0530,boundary,20260817,61.58417093385646,1615.0386516585472,0.01985418168264103,0.4688355380754749,0.006204431775825322,0.16057353586649803,0.01985418168264103,50.72301296313878,61.5841709338581,0.7883784831212299,False,,True,validity_envelope_gamma_exceeded,394,3.93,0,
traj_0531,normal,20260817,36.84395900958585,1483.8280446060764,0.11836719606437104,0.3223987503535269,0.03698974877011595,0.17085078159299977,0.09003644968454155,31.757171985478642,44.28681676558022,0.21174378565115032,False,,False,completed_normally,2001,20.0,0,
traj_0532,normal,20260817,69.72785818705293,1976.289923705767,0.007448597061523153,0.5691791851327809,0.0023276865817259853,0.0454585090511636,-0.030236662421141425,64.98802289242751,72.66491468502332,0.14232859607271026,False,,False,completed_normally,2001,20.0,0,
traj_0533,normal,20260817,65.64241821295542,666.6273267886842,0.013102293662738598,0.5164170548924314,0.004094466769605812,0.045724690459702316,0.013102293662738598,50.83294884460938,65.6424182129607,0.23199201859971036,False,,False,completed_normally,2001,20.0,0,
traj_0534,normal,20260817,66.87733179299961,1538.0011402905152,0.011284881021655358,0.5318656291909665,0.0035265253192672996,0.01177605516227609,0.01120858300094798,66.35436164602214,66.96664684513198,0.005961084027896628,False,,False,completed_normally,2001,20.0,0,
traj_0535,normal,20260817,68.24795645929055,504.8459658128443,0.009380905056972755,0.5495227190260915,0.002931532830303986,0.009380905057164542,-0.027312613768568333,68.24795645929055,89.63174375176894,0.29130046258761744,False,,False,completed_normally,2001,20.0,0,
traj_0536,boundary,20260817,66.11914292645025,1687.5754302239247,0.012388762193797791,0.5223285471719858,0.0038714881855618096,0.013526453046303379,0.01222104339132967,64.95644292172982,66.31084625880186,0.01506996055416371,False,,False,completed_normally,2001,20.0,0,
traj_0537,normal,20260817,60.466654047526795,626.3193948824206,0.0219529619647308,0.45662543178877874,0.006860300613978375,0.021952961964831076,-0.0317911408421343,60.466654047526795,90.15013668044968,0.44068122031917817,False,,False,completed_normally,2001,20.0,0,
traj_0538,stall,20260817,65.2133927577379,1673.4290112943918,0.013757699882678158,0.5111537259316278,0.004299281213336925,0.013935960882832202,0.012846066319450976,65.01812724605644,66.14529246715473,0.01107959289408813,False,,False,completed_normally,2001,20.0,0,
traj_0539,normal,20260817,54.52534455978851,1816.5310984890755,0.03532636337576264,0.3987389393259294,0.011039488554925826,0.03532636337580445,-0.0053534863585114195,54.52534455978851,73.5198819942255,0.2801403506913912,False,,False,completed_normally,2001,20.0,0,
traj_0540,normal,20260817,40.54259513094522,634.1130233932772,0.09226543362817768,0.3221509778950278,0.028832948008805526,0.11046324620104431,0.08654662742796604,37.37382045551221,42.40373784022562,0.0718572268981865,False,,False,completed_normally,2001,20.0,0,
traj_0541,boundary,20260817,62.867905894832056,1895.6618421163516,0.017578255105513023,0.48334591612169275,0.005493204720472819,0.13299611324640803,0.017578255105513023,49.06321665914957,62.86790589483645,0.7861650390117527,False,,True,validity_envelope_gamma_exceeded,642,6.41,0,
traj_0542,boundary,20260817,41.75832563409051,1793.3224913419267,0.08506496101582062,0.3244463625701468,0.026582800317443943,0.2696627530717143,0.03927118909617716,17.266884465433147,64.70550894872237,0.6394087688482931,False,,False,completed_normally,2001,20.0,0,
traj_0543,normal,20260817,48.38553347049019,1849.0989623052758,0.05451681000245821,0.35306930257809727,0.017036503125768192,0.05515853783283168,0.05396325251534629,48.09182855012446,48.64821267815029,0.005697590917920882,False,,False,completed_normally,2001,20.0,0,
traj_0544,boundary,20260817,36.07252694381627,1592.5228904875034,0.1247496190671068,0.32403621092453877,0.038984255958470874,0.6341598089371547,0.11475290837941626,32.51871645026501,38.50921191417816,0.17112195941430153,True,3.81,False,completed_normally,2001,20.0,0,
traj_0545,normal,20260817,54.35590431232708,681.7135647351728,0.03577209168558411,0.3972729409165385,0.011178778651745035,0.07038980935615155,0.0030238743240221244,47.011116775445025,60.90937334297532,0.17926797290783217,False,,False,completed_normally,2001,20.0,0,
traj_0546,boundary,20260817,61.657327395411556,1000.7801854198417,0.019720701881554083,0.469648648293592,0.006162719337985651,0.1397785822838148,0.019720701881554083,49.35912554306548,61.65732739542742,0.7875112872653067,False,,True,validity_envelope_gamma_exceeded,701,7.0,0,
traj_0547,stall,20260817,65.9109609249204,729.3371083305411,0.012698473555509966,0.5197389200429632,0.003968272986096864,0.5460235904052707,0.012698473555406192,56.78442411904699,65.9109609249204,0.785584435651243,True,4.4,True,validity_envelope_gamma_exceeded,531,5.3,0,
traj_0548,normal,20260817,38.88080648923754,1953.984836409029,0.10314553283394856,0.3208188973142013,0.032232979010608925,0.10487351857583559,0.10139478638538063,38.41270716723146,39.34704238716182,0.01284135545384688,False,,False,completed_normally,2001,20.0,0,
traj_0549,normal,20260817,48.90510859467165,1004.1468970592807,0.052615641497555724,0.3562980022624758,0.016442387967986163,0.052615641497555724,0.007404412271270644,48.901498715802646,62.45963982434643,0.22475731283271608,False,,False,completed_normally,2001,20.0,0,
traj_0550,normal,20260817,46.47991502764795,1840.562699096923,0.06202654283862093,0.3423545820884947,0.01938329463706904,0.06325095659696466,0.06080823257377067,45.96662805051362,46.9915811836105,0.009136815845716892,False,,False,completed_normally,2001,20.0,0,
traj_0551,stall,20260817,34.60501336606139,1169.9407806139445,0.1379537743299336,0.32893023447139497,0.04311055447810425,1.2511685027279897,0.07590393551479335,23.254710520651447,52.08664673955331,0.5180701453529868,True,1.53,False,completed_normally,2001,20.0,0,
traj_0552,stall,20260817,70.15969361327949,1836.0742433113755,0.006907433600767351,0.5750290199278961,0.0021585730002397973,0.007033857601264321,0.0065139892853131,70.00527818861856,70.64089477005315,0.002272045162872443,False,,False,completed_normally,2001,20.0,0,
traj_0553,stall,20260817,41.27897909589874,1526.002556570869,0.08783257639359138,0.32341535610539746,0.027447680122997305,0.087832576393622,-0.22568647995763969,41.27897909589874,45.70998304940074,0.7877211588587243,False,,True,validity_envelope_gamma_exceeded,333,3.3200000000000003,0,
traj_0554,normal,20260817,55.19685160486945,627.9025321449313,0.03359935838675632,0.4046548106798049,0.01049979949586135,0.03386332199731423,0.032789869808902854,55.011159093712585,55.72671520258251,0.009111320838727439,False,,False,completed_normally,2001,20.0,0,
traj_0555,boundary,20260817,41.06939698438895,1337.128364040418,0.0890714261163687,0.32301548731398483,0.02783482066136522,0.09180250152404688,0.08641612199259095,40.234235552657374,41.88773324919958,0.021541678788529982,False,,False,completed_normally,2001,20.0,0,
traj_0556,boundary,20260817,44.73356871414244,559.1463377535431,0.06973738459184242,0.334200733213917,0.021792932684950757,0.06973738459184242,-0.1201185355179838,44.73356871413672,53.23712665905655,0.7871648472398752,False,,True,validity_envelope_gamma_exceeded,708,7.07,0,
traj_0557,normal,20260817,49.60463306595718,970.5910609185335,0.05014726200374717,0.3608431999269923,0.01567101937617099,0.050551081866655266,0.049551960563754216,49.403738084831865,49.89921328805613,0.00392161108216673,False,,False,completed_normally,2001,20.0,0,
traj_0558,normal,20260817,63.46964954230166,1329.784118690564,0.016558064457547907,0.4903222184829173,0.00517439514298372,0.01710250976530052,0.016558064457547907,62.965244563297055,63.46964954230467,0.008433658248142064,False,,False,completed_normally,2001,20.0,0,
traj_0559,stall,20260817,62.360524623046345,1383.2072431353083,0.018461218922721973,0.4775497862638981,0.005769130913350617,0.01846121892286033,-0.2587078513642068,62.360524623046345,64.54231506766064,0.7871531091570617,False,,True,validity_envelope_gamma_exceeded,478,4.7700000000000005,0,
traj_0560,normal,20260817,54.41262818253296,1111.6021448171846,0.03562241919007973,0.3977625063831623,0.011132005996899917,0.03562241919007973,-0.004605730517288235,54.41262818253266,65.79585154296709,0.1861571008766683,False,,False,completed_normally,2001,20.0,0,
traj_0561,normal,20260817,52.411793535882815,563.311459523536,0.04119327475161372,0.38124738235778133,0.012872898359879287,0.042244340298502894,0.04018297939259042,51.82312280362499,53.005949203074536,0.012655292369011271,False,,False,completed_normally,2001,20.0,0,
traj_0562,normal,20260817,44.153098108494554,985.6446521272496,0.07249703802869562,0.33187000333091077,0.02265532438396738,0.09463320124897681,0.05229541849515269,42.31208331082831,45.604246347005,0.06848892071461835,False,,False,completed_normally,2001,20.0,0,
traj_0563,normal,20260817,53.44946872844654,998.9962366616916,0.038227592006799906,0.38961693110219503,0.01194612250212497,0.0702459333700974,0.038227592006799906,44.865927562006156,53.44946872844748,0.15847043710042094,False,,False,completed_normally,2001,20.0,0,
traj_0564,boundary,20260817,62.72932310994419,1345.210160144899,0.017817323489618824,0.48175493489635685,0.005567913590505882,0.018062531927241422,0.017284244782652725,62.50013847188351,63.21550771081202,0.005863566084916591,False,,False,completed_normally,2001,20.0,0,
traj_0565,stall,20260817,35.6722031298572,635.0105707388235,0.12820850011996773,0.3251318977489252,0.04006515628748992,0.9589003264841908,0.06822044546123765,34.85947753086961,51.89595381878648,0.5511239581735352,True,3.59,False,completed_normally,2001,20.0,0,
traj_0566,normal,20260817,61.74943857313528,1487.542997050684,0.019553303068264586,0.4706748232947448,0.006110407208832683,0.019742834282423977,0.019172278173829164,61.58182645825287,62.083093779256686,0.003157036832279487,False,,False,completed_normally,2001,20.0,0,
traj_0567,normal,20260817,67.81649282942828,1670.6324512108304,0.009967963731200919,0.5439070477246238,0.0031149886660002874,0.030446280245520124,-0.0114548663184527,65.46905142786336,73.18529969547241,0.0899870844069077,False,,False,completed_normally,2001,20.0,0,
traj_0568,boundary,20260817,46.1502993997333,754.7022296177838,0.06341757397319464,0.34068899865642394,0.01981799186662333,0.19431080898059194,-0.02370686850143966,18.978009662867326,46.30739273982108,0.7870226049224153,False,,True,validity_envelope_gamma_exceeded,1527,15.26,0,
traj_0569,normal,20260817,63.75865299677895,804.2793733602434,0.016078201199983027,0.49371185277737983,0.005024437874994696,0.016117950598939324,0.015919051744756572,63.71853542391986,63.90967986278397,0.0018253516198362511,False,,False,completed_normally,2001,20.0,0,
traj_0570,stall,20260817,70.85389461208813,586.8210040752056,0.00605792515182036,0.5845398014432797,0.0018931016099438625,0.006057925151919609,-0.2877674587578497,70.85389461208813,71.4370758245999,0.7940819953256978,True,2.41,True,validity_envelope_gamma_exceeded,257,2.56,0,
traj_0571,normal,20260817,38.37707106193871,1942.8278005630184,0.10670443278355837,0.3208618416661238,0.03334513524486199,0.14593236614273392,0.08565130359795557,35.75762767831472,42.337653648196266,0.10874272884974583,False,,False,completed_normally,2001,20.0,0,
traj_0572,normal,20260817,70.9043619311627,943.7614754191711,0.00599712866411382,0.585236331501565,0.0018741027075355689,0.04841963505155661,0.005811546227551069,55.94394763540187,71.23827468799415,0.21810049071031434,False,,False,completed_normally,2001,20.0,0,
traj_0573,normal,20260817,42.64815397954602,803.0477374543251,0.08015957231374374,0.32677527655148153,0.02504986634804492,0.1012182710816351,0.07924173775891749,40.5511300219193,43.01586977919697,0.049201125947543,False,,False,completed_normally,2001,20.0,0,
traj_0574,stall,20260817,37.643491048790054,531.9755021987156,0.11212313251171613,0.321324354498002,0.03503847890991129,0.11212313251171613,-0.23111218453267135,37.643491048790054,42.40898870830042,0.7866699102934496,False,,True,validity_envelope_gamma_exceeded,766,7.65,0,
traj_0575,stall,20260817,34.520144222547884,1102.3065082476642,0.13876312388202378,0.32928971799908957,0.043363476213132426,0.13876312388202378,-0.3138335892310977,34.52014422254637,38.86902851564913,0.7893866173234554,True,5.5,True,validity_envelope_gamma_exceeded,607,6.0600000000000005,0,
traj_0576,normal,20260817,33.73083678164364,811.5471311127036,0.14654812524414582,0.3330634903689736,0.04579628913879556,0.19686733439628357,0.1042238082948252,30.261150921217748,40.38638040753401,0.2073318343510208,False,,False,completed_normally,2001,20.0,0,
traj_0577,normal,20260817,56.808595111756674,1649.8798750649814,0.02969707437432523,0.4195277957944614,0.009280335741976634,0.030309338567539302,0.029303657567825978,56.3843508922013,57.088049390005466,0.00375450022166319,False,,False,completed_normally,2001,20.0,0,
traj_0578,normal,20260817,38.88785001694483,734.2806444102794,0.10309667196447964,0.32081983160708477,0.03221770998889988,0.12972857929752157,0.04025972404665715,33.156837161425386,45.52237466254632,0.19135170437402974,False,,False,completed_normally,2001,20.0,0,
traj_0579,normal,20260817,46.64060878181907,1721.396144862275,0.061358697343251875,0.34318724267812983,0.019174592919766212,0.11351955938422983,0.061358697343251875,35.17028240080039,46.640608781821015,0.21833692867014587,False,,False,completed_normally,2001,20.0,0,
traj_0580,normal,20260817,32.37131516900349,1773.3896560022274,0.16113664593737528,0.34152479083906434,0.05035520185542978,0.16274106472071376,0.159254396850356,32.10764420298309,32.70962541473616,0.01137831864545898,False,,False,completed_normally,2001,20.0,0,
traj_0581,stall,20260817,42.164445683607916,506.7469511776467,0.08278961759946868,0.3254436435729724,0.025871755499833962,0.8887194919679647,-0.4630511139115472,38.49006666027654,47.52839615184018,0.7890731608053432,True,6.28,True,validity_envelope_gamma_exceeded,1312,13.11,0,
traj_0582,stall,20260817,38.77465018398383,1846.0604381490377,0.10388491526176377,0.320809890463502,0.03246403601930117,1.1277761811896128,0.05813313259673886,37.262527653129496,54.50451886514549,0.46619778224665015,True,5.61,False,completed_normally,2001,20.0,0,
traj_0583,boundary,20260817,34.79503977903341,1079.9542453248985,0.13616045524332718,0.3281568407823499,0.04255014226353974,0.22457725004607576,-0.004103762624593665,34.79503977903288,54.88370999825755,0.7862823315773514,False,,True,validity_envelope_gamma_exceeded,1122,11.21,0,
traj_0584,normal,20260817,32.570086433206775,1561.2671354013123,0.1589037403507025,0.3401224947548223,0.049657418859594536,0.16348312462055564,0.1562775728321854,31.77928134755603,33.01936450952176,0.02331022866751926,False,,False,completed_normally,2001,20.0,0,
traj_0585,stall,20260817,36.37465321965333,1141.4455186694165,0.12220653436801523,0.3233220709682121,0.038189541990004766,0.12220653436801523,-0.23167042817512673,36.374653219651925,41.75160913290397,0.7861007305776757,False,,True,validity_envelope_gamma_exceeded,808,8.07,0,
traj_0586,boundary,20260817,33.80193285520256,1794.2215242961634,0.1458273091980811,0.3326908888540807,0.04557103412440034,0.1486181240060019,-0.027427710341417666,33.29402068994624,61.913790513433405,0.6437444755901052,False,,False,completed_normally,2001,20.0,0,
traj_0587,stall,20260817,42.48067365140594,1053.2799845957222,0.08106056193576483,0.3262967823663933,0.02533142560492651,1.1632951042408393,-0.2276878575633441,40.81727991865054,54.43860450240549,0.7877856276020185,True,4.3100000000000005,True,validity_envelope_gamma_exceeded,1074,10.73,0,
traj_0588,normal,20260817,51.15177688558435,1988.1465551674964,0.04503444921229475,0.3716729529434513,0.014073265378842108,0.045664768632872804,0.04454520506051282,50.819413664489865,51.417497103695,0.003493148919244001,False,,False,completed_normally,2001,20.0,0,
traj_0589,normal,20260817,58.9377222225897,1797.4898144058532,0.025017272735621758,0.4405738796709235,0.0078178977298818,0.025017272735748577,-0.01424411718955465,58.9377222225897,72.3273932575695,0.1998405552809215,False,,False,completed_normally,2001,20.0,0,
traj_0590,stall,20260817,74.64893990100119,1344.6228620905913,0.0018212541785547092,0.638817612015324,0.0005691419307983466,0.24473644935300654,0.0018212541785547092,66.91397359082069,74.64893990101791,0.7872524028704967,False,,True,validity_envelope_gamma_exceeded,535,5.34,0,
traj_0591,stall,20260817,31.382031795326206,1412.8067622656483,0.1728115933952105,0.3494166394513009,0.054003622936003276,0.1728115933952105,-0.31591205826773705,31.38203179532569,35.74309387655937,0.7871826851136501,True,2.54,True,validity_envelope_gamma_exceeded,306,3.0500000000000003,0,
traj_0592,boundary,20260817,50.15955816944573,548.1865424167802,0.04826026989401362,0.36460661860645555,0.015081334341879258,0.24846705143302197,0.02350688435775905,17.033903340179624,62.97499741386382,0.7633342268406712,False,,False,completed_normally,2001,20.0,0,
traj_0593,stall,20260817,45.761577050811084,814.7815221955761,0.06509545478707954,0.3387990642045577,0.020342329620962357,1.1074625590230542,-0.3166832804255194,42.956801677310004,56.73448274287961,0.7919081757745327,True,1.72,True,validity_envelope_gamma_exceeded,920,9.19,0,
traj_0594,stall,20260817,34.73901500635442,1296.2122627584702,0.13668648151197096,0.3283803600402743,0.042714525472490925,0.8831597499165021,0.07157231523323274,33.623329687861194,53.413329897044214,0.5245087321437353,True,5.3500000000000005,False,completed_normally,2001,20.0,0,
traj_0595,stall,20260817,46.16308766735061,1154.764561637034,0.0633630684881209,0.3407525482044235,0.01980095890253778,1.1700133710132907,0.013335615494850461,42.795126998786166,63.23541230186355,0.4803972721516475,True,4.64,False,completed_normally,2001,20.0,0,
traj_0596,normal,20260817,59.56834124421579,943.2464908697664,0.023725175878943402,0.4471015372438861,0.007414117462169812,0.054869132930488396,-0.00675198119517674,50.40980918257857,65.63444810754784,0.19610515121149993,False,,False,completed_normally,2001,20.0,0,
traj_0597,normal,20260817,66.99013071935335,1144.70310201225,0.011123811724074437,0.5332986066292079,0.0034761911637732614,0.046310255068752124,0.0111238117239759,56.96730071831406,66.99013071935335,0.15370287461136567,False,,False,completed_normally,2001,20.0,0,
traj_0598,boundary,20260817,31.78975934774426,1790.3571344506533,0.16788234428249585,0.3459748086815419,0.05246323258827995,0.5195608250799036,-0.083749896294262,29.664692860782832,41.196022394507246,0.7875348777268653,True,5.2,True,validity_envelope_gamma_exceeded,1239,12.38,0,
traj_0599,normal,20260817,56.70497693927076,837.2339861741146,0.029938149803454342,0.41854361295519477,0.009355671813579483,0.056632952635768785,-0.010707596621643478,51.55675726860891,58.25535407783305,0.14632184533896353,False,,False,completed_normally,2001,20.0,0,
traj_0600,stall,20260817,58.63089877445143,510.88548531501556,0.02566083963430056,0.43744575862549906,0.008019012385718925,0.025660839634473603,-0.37132123240794,58.63089877445143,59.96125818542151,0.7916897339794866,True,1.34,True,validity_envelope_gamma_exceeded,188,1.87,0,
traj_0601,normal,20260817,55.31092631334505,1020.208125765136,0.03331209893894853,0.40567644466975694,0.010410030918421414,0.033863798585310495,0.03264072388796669,54.94960376353636,55.752684894172475,0.004588691089267602,False,,False,completed_normally,2001,20.0,0,
traj_0602,boundary,20260817,62.84446115780976,901.8077463847183,0.0176185897709271,0.4830763478679013,0.005505809303414719,0.0176185897709271,-0.09405408571211349,62.84446115780678,72.33907028853984,0.7854146510383594,False,,True,validity_envelope_gamma_exceeded,758,7.57,0,
traj_0603,boundary,20260817,73.16129636688208,1937.5588813961626,0.003404349298606544,0.6170857135667,0.001063859155814545,0.1251435704686119,0.003404349298606544,62.9991645662859,73.16129636688939,0.7881126219464586,False,,True,validity_envelope_gamma_exceeded,536,5.3500000000000005,0,
traj_0604,stall,20260817,66.60792255368206,1107.0758612981017,0.011672859025184827,0.5284578495382578,0.0036477684453702585,0.011672859025198712,-0.3910905446151377,66.53042700925319,67.34389687194003,0.7857938326655883,True,4.39,True,validity_envelope_gamma_exceeded,487,4.86,0,
traj_0605,normal,20260817,65.81857639868345,1571.3592962845821,0.012836845207017878,0.5185937575323788,0.0040115141271930875,0.013005381954700926,0.012443213279742033,65.64457982245419,66.22686275524222,0.002437085694533046,False,,False,completed_normally,2001,20.0,0,
traj_0606,normal,20260817,59.813017928316434,1860.603505652353,0.023234662553494767,0.4496695391683111,0.007260832047967115,0.046749340863603245,-0.003735632359545861,55.92675727442379,61.23887375141099,0.13260796183762696,False,,False,completed_normally,2001,20.0,0,
traj_0607,stall,20260817,41.61914665620512,1081.053703040309,0.08585925235132119,0.324130517502462,0.026831016359787872,0.0858592523514475,-0.3724894264819344,41.61914665620512,44.68045971963568,0.7885430105151144,True,2.85,True,validity_envelope_gamma_exceeded,353,3.52,0,
traj_0608,normal,20260817,39.710882842876885,1770.132316182556,0.09755206561982765,0.32121080554279313,0.030485020506196142,0.11914505619134481,0.06683525410432598,37.19280517847906,43.36120713742211,0.09894095001115345,False,,False,completed_normally,2001,20.0,0,
traj_0609,boundary,20260817,45.96747196766857,1902.5764324350805,0.06420161690436021,0.3397899994481279,0.020063005282612567,0.06420161690446224,-0.1040620574970137,45.96747196766857,54.963114650374855,0.7878599682814869,False,,True,validity_envelope_gamma_exceeded,521,5.2,0,
traj_0610,normal,20260817,67.08464218170364,909.5023294051413,0.01098947393063944,0.5345020627760447,0.003434210603324825,0.03553725190108932,0.010628870658700974,56.43121730639477,67.61655924775728,0.16356325621560508,False,,False,completed_normally,2001,20.0,0,
traj_0611,stall,20260817,31.20126227890315,1665.2103767295828,0.17505293187788226,0.35103115624018244,0.05470404121183821,0.9263498416979431,0.09146652302511166,24.082849263516373,52.0429760626625,0.5794478009467845,True,4.24,False,completed_normally,2001,20.0,0,
traj_0612,stall,20260817,53.95442595162039,1491.6668778893734,0.03684471204899045,0.3938429355891074,0.011513972515309516,0.870256916319408,0.03684471204899045,32.381554569472364,53.95442595162212,0.4889423798712122,True,5.17,False,completed_normally,2001,20.0,0,
traj_0613,normal,20260817,33.81016680598503,1470.569037827044,0.14574408489586016,0.3326481639257688,0.0455450265299563,0.14772265021009048,0.14370021957105816,33.44770839586026,34.21693970656149,0.013024319046877534,False,,False,completed_normally,2001,20.0,0,
traj_0614,stall,20260817,64.03541537813177,1652.0106658248426,0.0156246661708268,0.49698151506048316,0.004882708178383374,0.015624666170855148,-0.33287467333209375,64.03541537813177,65.07971309893105,0.7912862049372975,True,5.01,True,validity_envelope_gamma_exceeded,539,5.38,0,
traj_0615,normal,20260817,37.65475212029666,1301.3909155817012,0.1120377598605169,0.3213135529197763,0.03501179995641153,0.21022202641928794,0.08335682747691242,26.395775255350074,46.592665818827605,0.2852543507878427,False,,False,completed_normally,2001,20.0,0,
traj_0616,boundary,20260817,30.42636299324833,1005.5208511134223,0.18508256869685077,0.35860050442472285,0.05783830271776587,0.2617632300595636,0.012873562040737196,21.399156978806115,43.78921451594498,0.39690379009417875,False,,False,completed_normally,2001,20.0,0,
traj_0617,stall,20260817,73.15463246507643,930.3004894211793,0.00341165674469075,0.6169896753232761,0.0010661427327158593,0.24061504744012985,0.00341165674469075,65.2054398936139,73.15463246507643,0.7901910012266402,False,,True,validity_envelope_gamma_exceeded,388,3.87,0,
traj_0618,normal,20260817,38.49460794134819,558.4718367178049,0.10586252408631128,0.32083226080742366,0.03308203877697227,0.13596855096360533,0.04381200008200059,31.55932842920347,46.367942659049355,0.21552994206471293,False,,False,completed_normally,2001,20.0,0,
traj_0619,boundary,20260817,61.29920866472514,1418.6510342613904,0.02037862154002884,0.46568434242609963,0.006368319231259013,0.020378621540112704,-0.10691135318089667,61.29920866472514,83.00670801133681,0.7867187286137148,False,,True,validity_envelope_gamma_exceeded,801,8.0,0,
traj_0620,stall,20260817,46.41362726815831,1194.4320498110037,0.062303990235985374,0.34201502867252886,0.01946999694874543,0.062303990235985374,-0.2374583245374311,46.4136272681484,50.157389665987594,0.7888976068748486,False,,True,validity_envelope_gamma_exceeded,697,6.96,0,
traj_0621,normal,20260817,38.88222229892159,835.5598146869685,0.10313570941074651,0.3208190817598693,0.03222990919085829,0.10438379631380423,0.10216643273030619,38.54542292968117,39.13652095068705,0.007662060559647012,False,,False,completed_normally,2001,20.0,0,
traj_0622,normal,20260817,63.7403782200988,1294.521292484161,0.016108353931121915,0.4934967664237575,0.005033860603475598,0.016108353931158243,0.00047154692573501966,63.7403782200988,69.70390972596003,0.09185521279686011,False,,False,completed_normally,2001,20.0,0,
traj_0623,normal,20260817,55.64840237234819,597.7966900667022,0.03247241531451031,0.408726821096935,0.010147629785784472,0.03308124341660364,0.032119016721234885,55.247972304824145,55.892059727366025,0.006305617543709564,False,,False,completed_normally,2001,20.0,0,
traj_0624,boundary,20260817,32.3399815584542,1846.6638277032534,0.16149193275173299,0.3417512549998385,0.05046622898491655,0.29374925657904194,0.005648095089219263,18.006879627004206,53.515260027883336,0.5608044976914297,True,19.8,False,completed_normally,2001,20.0,0,
traj_0625,normal,20260817,69.31904097736037,746.0236344202383,0.007970165871693854,0.5636884336758542,0.0024906768349043295,0.02938517998755774,-0.0365674213564873,69.31904097735799,84.92501543286633,0.3707056117571165,False,,False,completed_normally,2001,20.0,0,
traj_0626,normal,20260817,54.64743542039299,648.4638224132792,0.03500771137581045,0.399801989274685,0.010939909804940764,0.056626984858428875,0.03500771137581045,48.3254226643296,54.64743542039565,0.11373846018213302,False,,False,completed_normally,2001,20.0,0,
traj_0627,stall,20260817,52.303044064592335,1128.2180152818712,0.04151412549901014,0.380395233710407,0.012973164218440669,0.04151412549901014,-0.23559091787095165,52.30304406458122,55.286017968842806,0.7862199511485912,False,,True,validity_envelope_gamma_exceeded,537,5.36,0,
traj_0628,normal,20260817,53.63823214826793,862.8872614229269,0.03770615945370826,0.39118512392986354,0.011783174829283831,0.08229181296614553,0.037706159453608785,43.44796763541708,53.63823214826793,0.19252675623017673,False,,False,completed_normally,2001,20.0,0,
traj_0629,normal,20260817,59.19149927667612,1295.0404176632326,0.02449240545910151,0.4431849306776382,0.007653876705969221,0.07093634620761163,0.024492405459018204,41.350754190768065,59.19149927667612,0.2702356387575616,False,,False,completed_normally,2001,20.0,0,
traj_0630,normal,20260817,43.929622115334126,1151.0015768583867,0.07358751480110212,0.3310256054310625,0.022996098375344415,0.07505599681097269,0.07226114663953968,43.40872188362907,44.42396600305422,0.011761126418435285,False,,False,completed_normally,2001,20.0,0,
traj_0631,boundary,20260817,54.95085220872092,1274.3081382507453,0.034224816796666765,0.40246807031631654,0.010695255248958365,0.18530932542158773,0.034224816796666765,42.986402084279575,54.950852208723084,0.7868015222778222,False,,True,validity_envelope_gamma_exceeded,526,5.25,0,
traj_0632,boundary,20260817,44.57208576916831,676.5671192725389,0.07049472992282738,0.33353265625192163,0.022029603100883557,0.2483808849600656,0.07049472992277103,29.006769808150004,44.57208576916831,0.7866555301101826,False,,True,validity_envelope_gamma_exceeded,997,9.96,0,
traj_0633,boundary,20260817,44.474800165828306,1744.8102574511554,0.07095481823672062,0.33313745187886334,0.022173380698975193,0.07308581109558904,0.06906484372294401,43.68014830184552,45.1808687500642,0.018725824165422962,False,,False,completed_normally,2001,20.0,0,
traj_0634,boundary,20260817,69.14380901886844,1632.0949962306772,0.008196535061970937,0.5613490619788709,0.002561417206865918,0.00819653506203937,-0.09323058120508565,69.14380901886844,79.15869441292197,0.7856706952040199,False,,True,validity_envelope_gamma_exceeded,718,7.17,0,
traj_0635,stall,20260817,68.148183077255,1157.2730805988533,0.009515678887119506,0.5482194743930823,0.002973649652224846,1.02274370081743,-0.32219093743440774,34.91164594305047,68.148183077255,0.7894477778507291,True,6.1000000000000005,True,validity_envelope_gamma_exceeded,1301,13.0,0,
traj_0636,normal,20260817,73.60868288664268,1416.6539625570379,0.0029182456854752598,0.6235601338793773,0.0009119517767110187,0.045738804798991256,0.0029182456853498553,51.67647816140167,73.60868288664268,0.31336439491122453,False,,False,completed_normally,2001,20.0,0,
traj_0637,boundary,20260817,63.34883610404628,1691.0194688377703,0.016760589092756014,0.48891272771327365,0.005237684091486255,0.1442761287897779,0.016760589092747375,51.58902510815195,63.34883610404628,0.7856549374553494,False,,True,validity_envelope_gamma_exceeded,672,6.71,0,
traj_0638,stall,20260817,69.34974218986163,1330.8274422243073,0.007930679982121321,0.5640991740515406,0.002478337494412913,0.6991326074788448,0.007930679982020862,59.397875076001654,69.34974218986163,0.7859553553198936,True,1.9000000000000001,True,validity_envelope_gamma_exceeded,289,2.88,0,
traj_0639,normal,20260817,57.58160890772997,1910.0164552821539,0.02793882230733157,0.4269887741171206,0.008730881971041115,0.06004453035750222,0.02793882230733157,48.87335498123941,57.581608907748766,0.1528496270900672,False,,False,completed_normally,2001,20.0,0,
traj_0640,normal,20260817,44.07988322957411,1588.2004181516543,0.07285255058031201,0.33159008226982684,0.0227664220563475,0.10794363193611205,0.07207557011460264,38.07079050229811,44.44932447260781,0.13748441075414297,False,,False,completed_normally,2001,20.0,0,
traj_0641,normal,20260817,72.05608725795516,857.804396930348,0.004643878450562062,0.601318897626347,0.0014512120158006445,0.004998058696514752,0.0045447161201752915,71.59517921417584,72.19284682966197,0.006113402889077839,False,,False,completed_normally,2001,20.0,0,
traj_0642,normal,20260817,57.28521661480147,1553.6158518224483,0.028604704339345904,0.42410342534098777,0.008938970106045595,0.052354972817171566,0.0029693191037995837,53.36600607392909,62.65894355522398,0.10567793759330123,False,,False,completed_normally,2001,20.0,0,
traj_0643,stall,20260817,52.06804294466072,1459.6835086994247,0.04221419575071268,0.37857025024551727,0.013191936172097714,1.0195395469293551,0.03855648493925873,43.53504159216316,52.140686070321145,0.2689961861442564,True,4.72,False,completed_normally,2001,20.0,0,
traj_0644,stall,20260817,60.020635580567706,1268.9791728610392,0.022823072672395254,0.4518639390544113,0.007132210210123517,0.022823072672395254,-0.2603473937313773,60.020635580549545,62.0274859275922,0.7905202905054122,False,,True,validity_envelope_gamma_exceeded,672,6.71,0,
traj_0645,normal,20260817,61.57930314220585,713.7530362776732,0.019863080018219178,0.468781493840689,0.006207212505693493,0.02472118130071302,-0.019441416845955545,61.57930314219355,74.1151031697866,0.2733315749343068,False,,False,completed_normally,2001,20.0,0,
traj_0646,boundary,20260817,51.9258231267119,1409.796857003484,0.04264239372567055,0.3774767878051095,0.013325748039272048,0.17462814062043241,0.04264239372567055,36.82664046789191,51.925823126724865,0.7863860207280352,False,,True,validity_envelope_gamma_exceeded,965,9.64,0,
traj_0647,normal,20260817,41.11214895280843,1417.8573357042835,0.08881726921498653,0.3230945037491582,0.027755396629683293,0.08881726921498653,0.04572124700874716,41.1121489528017,50.38125879730788,0.17883839914309627,False,,False,completed_normally,2001,20.0,0,
traj_0648,normal,20260817,60.515021899026195,679.6607310952113,0.02185974261523527,0.45714564715700673,0.006831169567261022,0.022008190418366543,0.021809174997749734,60.392814207104365,60.55899014339471,0.001611461294314657,False,,False,completed_normally,2001,20.0,0,
traj_0649,boundary,20260817,33.801919850408744,1327.8304092667802,0.1458274406854594,0.33269095640426827,0.04557107521420606,0.14582744068549316,-0.0532730487745271,33.801919850408744,48.578417338409864,0.7854508431962337,False,,True,validity_envelope_gamma_exceeded,862,8.61,0,
traj_0650,stall,20260817,30.261941322157966,1828.3266779058117,0.18730544222906356,0.360347696465766,0.05853295069658236,0.1892918655324657,-0.2797200250884644,29.916484329954773,34.39492137266493,0.7896488141492348,False,,True,validity_envelope_gamma_exceeded,380,3.79,0,
traj_0651,normal,20260817,49.40465130947813,1039.8023621584996,0.05084251965886946,0.35952092448996786,0.01588828739339671,0.05084251965886946,0.02790316549965208,49.40465130946821,53.5636096532591,0.0814424611052286,False,,False,completed_normally,2001,20.0,0,
traj_0652,boundary,20260817,69.14850210011572,591.7329837465011,0.008190450213735028,0.5614116044463272,0.002559515691792196,0.10151993339494736,0.00819045021368689,55.6933461142003,69.14850210011572,0.7874474182182176,False,,True,validity_envelope_gamma_exceeded,564,5.63,0,
traj_0653,stall,20260817,39.530738133910724,1137.904273908998,0.09873825470015529,0.32107822617175885,0.03085570459379853,0.09873825470020854,-0.2724638885492606,39.530738133910724,43.02389917455768,0.7886296804829981,False,,True,validity_envelope_gamma_exceeded,476,4.75,0,
traj_0654,normal,20260817,42.80490601902632,1303.0208526370175,0.07932538584080626,0.32723961926206113,0.024789183075251957,0.07932538584080626,0.014171652111591576,42.80490601901967,55.6278531397092,0.21991097669587936,False,,False,completed_normally,2001,20.0,0,
traj_0655,normal,20260817,35.33789301103194,1434.1038607753442,0.1311774187855302,0.32618146286947497,0.04099294337047818,0.15183947936526884,0.08496774482297025,31.30350176342494,40.212573133815525,0.13116456985195482,False,,False,completed_normally,2001,20.0,0,
traj_0656,normal,20260817,48.11765631692336,692.165064597585,0.05552044995584962,0.35145481883725355,0.017350140611203005,0.08067883862199915,0.055520449955809,42.73578952015917,48.11765631692336,0.11020427096823128,False,,False,completed_normally,2001,20.0,0,
traj_0657,boundary,20260817,30.687396497929438,895.951885940777,0.18162414069069113,0.35593013522719835,0.05675754396584098,0.18162414069070554,-0.08701233772011674,30.687396497929438,42.12272630047712,0.7873748025196057,False,,True,validity_envelope_gamma_exceeded,886,8.85,0,
traj_0658,normal,20260817,41.43775821647398,744.4565156350634,0.08690579011218935,0.32373906699936594,0.027158059410059172,0.0872547961667236,0.03195645024705261,41.2799450155197,51.53613454723018,0.22038372860028424,False,,False,completed_normally,2001,20.0,0,
traj_0659,normal,20260817,50.23497306917555,1783.6554977187964,0.048008520788525286,0.36512864490253333,0.015002662746414153,0.07871342178179255,0.047848531288687934,45.1404731981861,50.34703669986647,0.10291365729860105,False,,False,completed_normally,2001,20.0,0,
traj_0660,boundary,20260817,49.198319332771305,1647.2281716557575,0.051568523284799786,0.3581757840012136,0.016115163526499936,0.2592809224396563,0.05155902452961979,39.46610821856644,49.21776169071373,0.7855233454129146,False,,True,validity_envelope_gamma_exceeded,802,8.01,0,
traj_0661,normal,20260817,55.44628578735221,794.22903066213,0.0329734977212279,0.40689491717101633,0.01030421803788372,0.03297349772139478,-0.007834103564165584,55.44628578735221,62.92735863100995,0.12967814304850867,False,,False,completed_normally,2001,20.0,0,
traj_0662,normal,20260817,44.45635998510133,1188.4111704900672,0.07104235322882035,0.3330631624186572,0.02220073538400636,0.1005495866634053,0.07074794630343388,39.97087161537888,44.70120781095431,0.10334486187502681,False,,False,completed_normally,2001,20.0,0,
traj_0663,normal,20260817,74.98261195019121,1544.2031443494168,0.0014789310689620248,0.6437714379665743,0.0004621659590506328,0.0015357434030875937,0.001087974893908542,74.89296842376118,75.5569858907701,0.0055098026967346355,False,,False,completed_normally,2001,20.0,0,
traj_0664,boundary,20260817,61.53217852701209,1808.1388301799761,0.0199493316973696,0.4682586822149367,0.0062341661554280005,0.01994933169749475,-0.1308189602517802,61.53217852701209,67.99588988546134,0.7860373692914177,False,,True,validity_envelope_gamma_exceeded,376,3.75,0,
traj_0665,boundary,20260817,54.524203085488224,1893.537760476727,0.035329352492217324,0.39872902696956947,0.011040422653817912,0.03532935249236669,-0.0781916665629428,54.524203085488224,90.89363061374699,0.5959068980769044,False,,False,completed_normally,2001,20.0,0,
traj_0666,normal,20260817,30.268904254681306,1274.8369997596083,0.1872105887975938,0.36027266840693245,0.05850330899924806,0.18999260521115838,0.18517046287973138,29.852076978863778,30.55742421717466,0.015249414151908686,False,,False,completed_normally,2001,20.0,0,
traj_0667,stall,20260817,39.95469871303785,992.3513567304597,0.09597034412385905,0.3214311091661949,0.029990732538705954,1.0394273517996582,-0.4345498187983675,38.533780249752965,45.0508599107477,0.7911256559612018,True,2.94,True,validity_envelope_gamma_exceeded,766,7.65,0,
traj_0668,normal,20260817,66.76032479034593,1160.5508259525122,0.01145281303102006,0.5303830411231921,0.003579004072193769,0.0114528130311665,-0.03219915946184376,66.76032479034593,93.60511592404448,0.3757030650278601,False,,False,completed_normally,2001,20.0,0,
traj_0669,boundary,20260817,74.28577089241648,523.9509556731659,0.0021990458227200116,0.6334588281160439,0.0006872018196000036,0.002199045822729774,-0.1153058428328777,74.28577089241648,81.34535810353069,0.787492228138827,False,,True,validity_envelope_gamma_exceeded,686,6.8500000000000005,0,
traj_0670,normal,20260817,58.24199021499671,870.8010605769892,0.026491021483441384,0.43352628323167053,0.008278444213575433,0.026732604968335558,0.025940252329141048,58.062556178463154,58.65694848613955,0.00505325997726974,False,,False,completed_normally,2001,20.0,0,
traj_0671,normal,20260817,55.30493163026997,703.668494479219,0.033327151114831685,0.4056226378449857,0.0104147347233849,0.033697183450423746,0.03285275415999147,55.05983295817843,55.61612975242412,0.004813893588948757,False,,False,completed_normally,2001,20.0,0,
traj_0672,stall,20260817,63.45638602388414,1803.0081911159316,0.01658024283546039,0.4901672610599596,0.005181325886081372,0.016580242835605042,-0.28453181102527814,63.45638602388414,64.71391978971133,0.7900410899341028,True,4.61,True,validity_envelope_gamma_exceeded,474,4.73,0,
traj_0673,normal,20260817,41.953534268408255,1284.966772694434,0.08396347439745186,0.3249117597944758,0.026238585749203708,0.0941887525442543,0.045773672799149914,38.457029990606785,49.14263321621021,0.17020374319563156,False,,False,completed_normally,2001,20.0,0,
traj_0674,boundary,20260817,35.69063497007065,1123.6559594944026,0.12804696517192585,0.3250776336205108,0.04001467661622683,0.12804696517195643,-0.047884168032552354,35.69063497007065,58.38816966309825,0.5472789056706756,False,,False,completed_normally,2001,20.0,0,
traj_0675,boundary,20260817,43.009998191308824,828.8523066681444,0.07824702234341555,0.3278709874409765,0.024452194482317356,0.3014127000331357,0.07824702234341555,24.962464541515942,43.009998191316924,0.7859047169618227,True,8.23,True,validity_envelope_gamma_exceeded,858,8.57,0,
traj_0676,normal,20260817,33.217776296692335,1944.5796282518706,0.1518700380764162,0.33595244683519015,0.04745938689888006,0.15359542230572054,0.15024171995286204,32.89485777559889,33.50878928890239,0.010579863915771315,False,,False,completed_normally,2001,20.0,0,
traj_0677,normal,20260817,71.37707039470453,1698.83647460383,0.005433855796940789,0.5917939397443505,0.0016980799365439966,0.0055778457012112745,0.005176195190208072,71.19315577107429,71.70777164910668,0.002236140702237675,False,,False,completed_normally,2001,20.0,0,
traj_0678,stall,20260817,45.99045136161881,502.03799316105636,0.06410257548764853,0.3399020113286584,0.020032054839890165,0.06410257548764853,-0.3416868958477598,45.99045136161119,49.40686410310867,0.7924153126914876,True,7.0200000000000005,True,validity_envelope_gamma_exceeded,758,7.57,0,
traj_0679,boundary,20260817,37.393676224518,1613.6216412538993,0.1140351121793435,0.3215944472628787,0.03563597255604485,0.1140351121793435,-0.10972798755997659,37.393676224518,46.72443373298799,0.7874715993856581,False,,True,validity_envelope_gamma_exceeded,434,4.33,0,
traj_0680,normal,20260817,73.67946135680711,704.7661532425618,0.002842144640367831,0.6245892473767898,0.0008881702001149472,0.020755798781574603,0.00284214464024783,69.58726214489255,73.67946135680711,0.05732985210315341,False,,False,completed_normally,2001,20.0,0,
traj_0681,normal,20260817,47.061585769453984,693.7942369911109,0.05964037392390002,0.3454318300904971,0.018637616851218754,0.059929309967337224,0.059024671062069135,46.92386835279111,47.32347478921059,0.007632566916851733,False,,False,completed_normally,2001,20.0,0,
traj_0682,normal,20260817,56.49745903349066,1791.1906451005152,0.030424883999479457,0.41658400160465425,0.00950777624983733,0.03068901202238806,0.030074614505164576,56.315896189687344,56.74194092980572,0.0020434113783389875,False,,False,completed_normally,2001,20.0,0,
traj_0683,normal,20260817,50.62678204444111,1464.3576886279716,0.0467182046904045,0.36788092257037336,0.014599438965751405,0.09673931878795922,0.0467182046904045,36.332665426089726,50.62678204445047,0.2826889322042212,False,,False,completed_normally,2001,20.0,0,
traj_0684,stall,20260817,71.05411620165638,1547.8324818511246,0.005817478491087138,0.5873072443102532,0.0018179620284647306,0.9892672582065328,0.005817478491087138,42.92033131522383,71.0541162016574,0.7884214533207149,True,2.14,True,validity_envelope_gamma_exceeded,584,5.83,0,
traj_0685,normal,20260817,43.336673254118914,921.577406404886,0.07655940188469851,0.3289316405532734,0.023924813088968287,0.10387332483306706,0.06677861623120723,38.47491712863536,47.178132907194296,0.11819286782189077,False,,False,completed_normally,2001,20.0,0,
traj_0686,normal,20260817,59.03163819433889,1551.5808940971847,0.024822256098525203,0.4415376605340777,0.007756955030789126,0.037553358846875495,0.024338429767399923,54.46357068804604,59.45167391636747,0.07822271994958498,False,,False,completed_normally,2001,20.0,0,
traj_0687,normal,20260817,62.92218726019435,1896.1384493388443,0.01748503945816477,0.4839706911912443,0.005464074830676491,0.017485039458214766,-0.00022845099651770673,62.92218726019435,71.38321769595301,0.12817915102988495,False,,False,completed_normally,2001,20.0,0,
traj_0688,stall,20260817,64.76686402823418,1979.2469347868396,0.014453561461004804,0.5057331171582923,0.0045167379565640015,0.9542031098880774,-0.5654120229126871,29.36050733625481,64.76686402823418,0.786182860075036,True,1.82,True,validity_envelope_gamma_exceeded,985,9.84,0,
traj_0689,stall,20260817,30.197714315484735,670.0820229887158,0.18818343674565038,0.3610441326219159,0.05880732398301574,0.980536580949195,0.08487299806470533,29.94783498648407,55.427051103116554,0.7154390043765212,True,5.44,False,completed_normally,2001,20.0,0,
traj_0690,normal,20260817,30.977829128841925,1338.1470593185284,0.17787291722924978,0.35310416352504564,0.05558528663414056,0.20929560989972895,0.15159403621944348,28.42210318102264,33.55031699689993,0.09030947331276971,False,,False,completed_normally,2001,20.0,0,
traj_0691,normal,20260817,63.96725452877063,1409.0457631565064,0.015735822918794797,0.4961741283397707,0.004917444662123374,0.01594060793034608,0.01514175038332954,63.76066656745293,64.53973674569379,0.008109022110189499,False,,False,completed_normally,2001,20.0,0,
traj_0692,normal,20260817,64.81447065392702,862.1859375507902,0.014378694755118906,0.5063082311906169,0.004493342110974658,0.03653340562377867,0.014378694755118906,54.41000341257512,64.8144706539365,0.14371788460851767,False,,False,completed_normally,2001,20.0,0,
traj_0693,normal,20260817,43.64249268110753,1828.5961123164993,0.07501217414586714,0.32998478830593286,0.02344130442058348,0.07557930046289336,0.07432341074963987,43.435028605162685,43.88694805491443,0.005269799311559403,False,,False,completed_normally,2001,20.0,0,
traj_0694,normal,20260817,61.48421297777866,1487.845748975567,0.020037323569761765,0.46772725889572486,0.006261663615550551,0.03555178377841166,0.005244098249210058,57.83740752741331,65.20884071390344,0.11176982358723592,False,,False,completed_normally,2001,20.0,0,
traj_0695,boundary,20260817,72.33953597189479,1440.8753291183598,0.004320609714651131,0.6053315471692725,0.0013501905358284784,0.004430643475877786,0.003998778670664152,72.1938498269274,72.76714569949372,0.0019378661471113666,False,,False,completed_normally,2001,20.0,0,
traj_0696,normal,20260817,57.45206462462391,1338.3597323020897,0.028228612012213026,0.4257239272303616,0.008821441253816571,0.0680069720499544,0.028228612012108686,47.502579534311394,57.45206462462391,0.17784452883323448,False,,False,completed_normally,2001,20.0,0,
traj_0697,normal,20260817,31.037050619760294,1009.4380121404649,0.1771200154425391,0.3525462613198263,0.05535000482579347,0.17818298438076943,0.17612586724078613,30.87936488128514,31.19822104423276,0.005701243413902408,False,,False,completed_normally,2001,20.0,0,
traj_0698,normal,20260817,74.79311748884359,1050.6468457483134,0.0016727814370840392,0.6409545758570735,0.0005227441990887622,0.019196314318501467,-0.03788361035994059,74.72761441483814,91.77388823440857,0.3629493398418074,False,,False,completed_normally,2001,20.0,0,
traj_0699,normal,20260817,49.54847312568255,769.977727108779,0.05034168027771824,0.3604700383629562,0.01573177508678695,0.07406197524648649,0.05034168027755046,43.03841493438591,49.54847312568255,0.1034465259078839,False,,False,completed_normally,2001,20.0,0,
traj_0700,normal,20260817,60.28764959684292,537.871056571059,0.022299883948764625,0.45470672831738146,0.006968713733988946,0.022555356387541147,0.022175680456219562,60.0798955413549,60.392810216669005,0.0027413717026636888,False,,False,completed_normally,2001,20.0,0,
traj_0701,boundary,20260817,72.35135679912925,1324.4845031866703,0.004307209928026169,0.6054993549963877,0.0013460031025081779,0.004307209928031687,-0.07858272999154925,72.35135679912925,93.63627442296544,0.7866895931541116,False,,True,validity_envelope_gamma_exceeded,961,9.6,0,
traj_0702,normal,20260817,60.85790582199499,838.1036990270956,0.021205175567156866,0.4608550318046278,0.006626617364736521,0.021205175567294822,-0.028271258899489782,60.85790582199499,86.12231095579939,0.35929696031035097,False,,False,completed_normally,2001,20.0,0,
traj_0703,normal,20260817,52.97720432172374,1916.0399270046269,0.03955616707271065,0.385754701664108,0.01236130221022208,0.03955616707271065,-0.005533756902905723,52.97720432171784,69.1255390474635,0.2328521250369196,False,,False,completed_normally,2001,20.0,0,
traj_0704,stall,20260817,30.751458478159865,785.8587354523228,0.18078815467357043,0.35529381853002157,0.056496298335490754,1.0840533826918233,0.066161121873969,30.071421821954356,61.92244549157163,0.7456423756797214,True,6.3100000000000005,False,completed_normally,2001,20.0,0,
traj_0705,normal,20260817,37.240494442233405,1534.2674675281087,0.11522482321330194,0.3217892316335075,0.03600775725415686,0.13444411125757902,0.0817519493598064,35.86486100440895,40.97243014643331,0.10170472707319729,False,,False,completed_normally,2001,20.0,0,
traj_0706,normal,20260817,74.83777970522999,1988.9823057963322,0.001626961114084911,0.6416176453180158,0.0005084253481515346,0.002087136611652259,0.0016269611138952532,74.17846978475366,74.83777970522999,0.0062259850802029795,False,,False,completed_normally,2001,20.0,0,
traj_0707,boundary,20260817,71.4411577840395,892.6753252664523,0.00535834121070944,0.5926876320912897,0.0016744816283467002,0.15344383344833068,0.005358341210626814,62.2012384443541,71.4411577840395,0.7897555120345126,False,,True,validity_envelope_gamma_exceeded,540,5.39,0,
traj_0708,boundary,20260817,47.78409260895859,1054.723585225608,0.05679316497311832,0.34949294828008576,0.017747864054099477,0.5850421255238193,0.022537589445393857,16.584787563917384,69.15756618460887,0.727391672022777,True,8.08,False,completed_normally,2001,20.0,0,
traj_0709,boundary,20260817,46.115388427071906,1000.5065811482453,0.06356659254879007,0.34051595626319436,0.019864560171496896,0.2643031481946656,0.06356659254879007,34.209105015441445,46.11538842707491,0.7871635024555639,False,,True,validity_envelope_gamma_exceeded,630,6.29,0,
traj_0710,normal,20260817,61.43950464189882,1001.574881844805,0.020119523317296866,0.46723257583690153,0.006287351036655271,0.020140763885318626,0.019684778453330505,61.41164872990722,61.81449838518878,0.0063977125602302605,False,,False,completed_normally,2001,20.0,0,
traj_0711,stall,20260817,53.47814144099667,1054.1304795018862,0.03814803886594635,0.3898542409362992,0.011921262145608236,1.0984311397106057,0.02962547413495678,36.14674103343425,58.602582964234756,0.39028089763479634,True,2.84,False,completed_normally,2001,20.0,0,
traj_0712,stall,20260817,55.9782455839922,1116.2921293615962,0.031666102450724334,0.41174833248996795,0.009895657015851354,0.03179259878704926,0.031394612336575985,55.889437509364456,56.16098593759932,0.002615057111237122,False,,False,completed_normally,2001,20.0,0,
traj_0713,normal,20260817,70.71820346639805,1128.2731461616895,0.0062220277670255964,0.5826704734521401,0.001944383677195499,0.03569364466367951,0.006222027766876359,58.28657075583659,70.71820346639805,0.18330752268850165,False,,False,completed_normally,2001,20.0,0,
traj_0714,normal,20260817,46.03976028746995,1716.8196872642104,0.06389053614191584,0.3401433203190834,0.019965792544348698,0.06389085290403244,0.049665947612330674,46.03555776761241,48.14928918850788,0.04605260297963782,False,,False,completed_normally,2001,20.0,0,
traj_0715,normal,20260817,32.74937573079215,1486.8724580242495,0.1569201821126162,0.3389077968212069,0.04903755691019256,0.20907435019017212,0.1413346634702143,28.876522667843435,35.85365230903248,0.1232243623964439,False,,False,completed_normally,2001,20.0,0,
traj_0716,normal,20260817,32.64478617407885,593.1449241012513,0.15807382760446367,0.3396106717562934,0.049398071126394896,0.15807382760446367,0.09114973593086328,32.64478617407593,41.764357971701315,0.24689142226709848,False,,False,completed_normally,2001,20.0,0,
traj_0717,normal,20260817,36.88964564295447,946.6754658446209,0.11800047600767477,0.3223206738343568,0.03687514875239837,0.16706774025081153,0.10295359535211644,30.85773562357635,40.9639405716356,0.1514793465450689,False,,False,completed_normally,2001,20.0,0,
traj_0718,boundary,20260817,65.23009433180604,1399.9891974041027,0.013731946161462043,0.5113576132102743,0.004291233175456888,0.14912702052366933,0.013731946161462043,47.99932263563182,65.2300943318126,0.7858441695698523,False,,True,validity_envelope_gamma_exceeded,890,8.89,0,
traj_0719,stall,20260817,72.36251286363613,1204.8422918305596,0.0042945696645183265,0.6056577600698335,0.0013420530201619769,0.2820198388956039,0.004294569664511369,64.57649665591275,72.36251286363613,0.7905788289162117,True,3.52,True,validity_envelope_gamma_exceeded,357,3.56,0,
traj_0720,normal,20260817,67.66632930489337,1152.7089728286348,0.010174889998352747,0.5419649206989845,0.0031796531244852335,0.02407341575677477,0.010174889998256813,60.37623665547665,67.66632930489337,0.1081540120644564,False,,False,completed_normally,2001,20.0,0,
traj_0721,boundary,20260817,65.81744439216357,853.8580978294565,0.012838544276592787,0.5185797410158708,0.004012045086435246,0.012838544276592787,-0.14411514210190868,65.81744439216082,71.45106262337549,0.785496791124366,False,,True,validity_envelope_gamma_exceeded,459,4.58,0,
traj_0722,normal,20260817,61.67204792918973,1693.0020002424367,0.019693899728002378,0.469812465369432,0.006154343665000743,0.039984099149835875,-0.004503320874352901,56.73859597930496,67.34303407806658,0.15764321543469934,False,,False,completed_normally,2001,20.0,0,
traj_0723,boundary,20260817,62.35674954713954,682.5135053606962,0.018467868303840992,0.4775069588858493,0.00577120884495031,0.018498617948046997,0.017842136094054883,62.31653013917128,62.91997068022758,0.00838870459876854,False,,False,completed_normally,2001,20.0,0,
traj_0724,normal,20260817,74.36887833383224,1232.4856386516421,0.002112108049611942,0.6346820921038956,0.0006600337655037318,0.002112108049647003,-0.0429256053776661,74.36887833383224,117.30754186793611,0.5332783733348977,False,,False,completed_normally,2001,20.0,0,
traj_0725,boundary,20260817,37.13352366113464,1792.5339366554133,0.11606355487668754,0.321938588516708,0.036269860898964855,0.2602809161032738,0.0684157824494655,19.74222395966539,53.98797646765951,0.4738720304113984,False,,False,completed_normally,2001,20.0,0,
traj_0726,stall,20260817,70.2368805654528,1287.944206933766,0.0068117446275753465,0.5760800117090279,0.0021286701961172956,0.006811744627767578,-0.256338132624205,70.2368805654528,71.52658162497433,0.7941938488974126,False,,True,validity_envelope_gamma_exceeded,474,4.73,0,
traj_0727,normal,20260817,47.528525384287434,1211.1728689119964,0.05778591644159864,0.34802670666960017,0.018058098887999575,0.10332146546555114,0.04112716628229959,42.14470637084097,51.281579380516696,0.16521994006007162,False,,False,completed_normally,2001,20.0,0,
traj_0728,normal,20260817,57.99807348172743,1716.1055267157587,0.027020109443313615,0.43109422747244713,0.008443784201035505,0.02719483001954063,0.0034155487187415845,57.69698288674014,70.49806019588502,0.1797624477070322,False,,False,completed_normally,2001,20.0,0,
traj_0729,normal,20260817,61.99627612759177,1997.9052834671672,0.019108336442384386,0.47343783953508634,0.005971355138245121,0.05315497578474428,0.012157310481444111,55.16280395258534,61.99627612759177,0.16675613434802272,False,,False,completed_normally,2001,20.0,0,
traj_0730,normal,20260817,67.55884982607128,1469.4524157923834,0.010323836196340242,0.5405787602355869,0.003226198811356326,0.010323836196408061,0.010087530577486487,67.55708663933024,67.82065794975159,0.002866955098197368,False,,False,completed_normally,2001,20.0,0,
traj_0731,normal,20260817,61.285740574744445,658.3478238097063,0.02040358677016841,0.4655360428166069,0.0063761208656776275,0.020807236252626305,0.020315195915400288,60.94384763407954,61.36781579119682,0.0048954717090054205,False,,False,completed_normally,2001,20.0,0,
traj_0732,boundary,20260817,65.2465578689329,655.8731372337081,0.013706578620840952,0.5115586748197762,0.004283305819012797,0.10437116539917773,-0.09320049780223866,36.222380029543885,65.24655786893534,0.7854628889139066,False,,True,validity_envelope_gamma_exceeded,1268,12.67,0,
traj_0733,stall,20260817,47.975382673838645,1118.6183527021715,0.056060146334734495,0.35061140820094205,0.01751879572960453,1.1457956756144874,-0.3225920780800211,43.856648435220954,48.508588468771094,0.7856845989261727,True,4.39,True,validity_envelope_gamma_exceeded,974,9.73,0,
traj_0734,stall,20260817,44.267124954415124,1773.14507175878,0.07194671361250363,0.3323122855817022,0.022483348003907385,0.0719467136125781,-0.2504845020288843,44.267124954415124,47.67564839140666,0.7862588247914591,False,,True,validity_envelope_gamma_exceeded,225,2.24,0,
traj_0735,stall,20260817,72.27115651258897,587.5177876428736,0.00439825074615618,0.60436156758972,0.001374453358173806,0.004398250746208216,-0.25249929882822253,72.27115651258897,73.4339986385594,0.7889576286590597,False,,True,validity_envelope_gamma_exceeded,287,2.86,0,
traj_0736,stall,20260817,57.16498478279024,1138.2750931422179,0.028877730300164644,0.4229416855400051,0.009024290718801451,0.030550787144201112,0.027546240369057097,56.00134392598336,58.15114651014677,0.02080419500018294,False,,False,completed_normally,2001,20.0,0,
traj_0737,normal,20260817,69.63570900141433,1800.9489754557064,0.007565367669498916,0.5679375233357581,0.002364177396718411,0.007565367669498916,-0.029149132677830702,69.63570900141384,83.16358367650814,0.1889502235732009,False,,False,completed_normally,2001,20.0,0,
traj_0738,boundary,20260817,35.04646375996003,618.8420178597839,0.13382712089254017,0.327199426941587,0.0418209752789188,0.13382712089254017,-0.040986235588239994,35.046463759958655,80.85075113442304,0.7860493676259828,False,,True,validity_envelope_gamma_exceeded,1293,12.92,0,
traj_0739,normal,20260817,54.953633483238036,1925.8581416576435,0.03421769921793172,0.40249266803268735,0.010693031005603662,0.034637800604370356,0.033479916078222566,54.677138954645244,55.431494900603916,0.006373074384821314,False,,False,completed_normally,2001,20.0,0,
traj_0740,stall,20260817,51.22952764119855,875.0537122785739,0.04478937737290107,0.37224455735350515,0.013996680429031585,0.04478937737290779,-0.4438782660703161,51.22952764119855,53.66241794304758,0.7904982747387991,True,5.82,True,validity_envelope_gamma_exceeded,650,6.49,0,
traj_0741,boundary,20260817,65.82420340429773,843.2474610612522,0.012828400717662995,0.5186634367101655,0.0040088752242696864,0.012828400717662995,-0.1436878068005445,65.82420340429773,71.2219078775847,0.7897364764392052,False,,True,validity_envelope_gamma_exceeded,512,5.11,0,
traj_0742,stall,20260817,31.22793374311266,1366.00821690717,0.17472000839335408,0.35078945199175293,0.05460000262292315,0.17472000839335408,-0.3397966094661705,31.227933743111752,35.93965003057634,0.7912323553859705,True,4.12,True,validity_envelope_gamma_exceeded,477,4.76,0,
traj_0743,normal,20260817,65.42756334377997,521.6462194302637,0.013428926457813472,0.5137744556565764,0.00419653951806671,0.01370952706670078,0.013413780646838281,65.14464372525214,65.44721108082943,0.0033161031388303803,False,,False,completed_normally,2001,20.0,0,
traj_0744,normal,20260817,47.55919570882738,706.5975702213763,0.05766595773275273,0.3482009637570271,0.01802061179148523,0.08683178081303031,0.007961854701843685,45.05175542741466,53.808790035512565,0.1343307679044665,False,,False,completed_normally,2001,20.0,0,
traj_0745,boundary,20260817,42.04867461580615,1132.7305749912755,0.08343188711269511,0.3251479759440898,0.026072464722717223,0.08366444716039058,-0.05359032721990753,41.93388659724857,57.13783656476443,0.7856117775180955,False,,True,validity_envelope_gamma_exceeded,787,7.86,0,
traj_0746,stall,20260817,73.08014795619133,1016.310076736718,0.0034934691543526243,0.6159170252262379,0.001091709110735195,0.0039569068628643985,0.0034934691542887358,72.45649780069603,73.08014795619133,0.006160493546734184,False,,False,completed_normally,2001,20.0,0,
traj_0747,stall,20260817,56.508327396924386,1832.2870724210811,0.03039926127186965,0.41668625322833686,0.009499769147459265,0.9450754795607796,0.025221618855077843,25.832338640011606,57.18284428147562,0.542660690520006,True,4.68,False,completed_normally,2001,20.0,0,
traj_0748,normal,20260817,38.5948952554271,1831.3577684754005,0.10514975728451778,0.3208165039786457,0.0328592991514118,0.10514975728451778,0.039676623534379674,38.594895255425996,50.37235461535436,0.25417042331611983,False,,False,completed_normally,2001,20.0,0,
traj_0749,stall,20260817,72.7207076478768,1889.4427085052503,0.003891778226742454,0.6107613893127561,0.0012161806958570168,0.0038917782269175653,-0.22724859570185296,72.7207076478768,74.55649822793205,0.7901711005998652,False,,True,validity_envelope_gamma_exceeded,753,7.5200000000000005,0,
traj_0750,stall,20260817,73.6341440235519,1587.0108591695182,0.002890844820757342,0.6239301850593987,0.0009033890064866693,0.2723864334954703,0.0028908448207021985,65.90519444538887,73.6341440235519,0.7890796139513568,False,,True,validity_envelope_gamma_exceeded,648,6.47,0,
traj_0751,boundary,20260817,37.642525465146676,938.9728838416509,0.11213045606139804,0.3213252861602977,0.03504076751918689,0.11365196643985562,0.11055708653450075,37.261359549516996,38.02854056226807,0.01083773344289711,False,,False,completed_normally,2001,20.0,0,
traj_0752,normal,20260817,72.44526946605795,1220.8963224097681,0.004200983661854491,0.6068338578973659,0.0013128073943295285,0.03765221793650399,0.004200983661747968,60.55304990473639,72.44526946605795,0.17024212582672524,False,,False,completed_normally,2001,20.0,0,
traj_0753,stall,20260817,61.67290652694842,767.6448432695731,0.019692337035520553,0.46982202235099974,0.0061538553236001724,0.01969233703559489,-0.216123906298741,61.67290652694842,64.42235717905676,0.7906029054354919,False,,True,validity_envelope_gamma_exceeded,342,3.41,0,
traj_0754,stall,20260817,69.80780056848067,962.5649405357717,0.007347665356300756,0.5702582590988133,0.0022961454238439863,0.007347665356300756,-0.20704580805370876,69.80780056847455,72.38234487496278,0.7870929330436284,False,,True,validity_envelope_gamma_exceeded,482,4.8100000000000005,0,
traj_0755,boundary,20260817,65.6919871948862,1461.0314784995733,0.013027385905765777,0.5170286407551141,0.004071058095551806,0.1425843907339469,0.01302738590563812,54.82201506799916,65.6919871948862,0.7880284177051776,False,,True,validity_envelope_gamma_exceeded,506,5.05,0,
traj_0756,stall,20260817,54.88259097181782,1469.8981204549655,0.034399837773991755,0.4018652683385015,0.010749949304372423,1.1365499910530539,-0.2630097147529412,45.819630979824645,54.88259097181971,0.7860405605834625,True,4.7,True,validity_envelope_gamma_exceeded,1128,11.27,0,
traj_0757,stall,20260817,70.28204108499015,1103.1784133359533,0.006755903610301999,0.5766956809341989,0.002111219878219375,0.007103012761925801,-0.3703202402976825,69.42575887106166,70.28204108499015,0.7927184736028422,True,5.16,True,validity_envelope_gamma_exceeded,561,5.6000000000000005,0,
traj_0758,boundary,20260817,56.47735945370836,926.1760235352551,0.030472308127768837,0.41639501166822346,0.009522596289927762,0.031112285422254447,0.030148162986780944,56.04036738119391,56.71037511747413,0.006536987481511244,False,,False,completed_normally,2001,20.0,0,
traj_0759,normal,20260817,32.70768710564059,729.0870862995073,0.15737885650571323,0.33918604450409817,0.04918089265803538,0.15874774023857818,0.15638982421714487,32.459964991827974,32.87723053284511,0.008260253834667754,False,,False,completed_normally,2001,20.0,0,
traj_0760,boundary,20260817,69.24147922000515,1681.051350564836,0.008070152366367433,0.5626519244495061,0.002521922614489823,0.12837305775969654,0.008070152366367433,57.52572251789307,69.24147922000515,0.7882126499621305,False,,True,validity_envelope_gamma_exceeded,813,8.120000000000001,0,
traj_0761,boundary,20260817,61.02632906401474,1614.8028457041412,0.020887633356430662,0.46269083293634106,0.006527385423884581,0.15413726423919105,0.020887633356430662,49.579985974870254,61.02632906404964,0.7863449170739276,False,,True,validity_envelope_gamma_exceeded,849,8.48,0,
traj_0762,normal,20260817,32.15823483877607,714.401710481864,0.16357076647922297,0.3430943161840671,0.05111586452475718,0.1970485281851864,0.15078707180020015,29.386127665097597,34.55666000058225,0.08069046869287635,False,,False,completed_normally,2001,20.0,0,
traj_0763,boundary,20260817,42.19153347000547,531.14516995097,0.08264006372355195,0.3255141205695064,0.025825019913609984,0.08264006372355195,-0.07852565033652725,42.19153346999949,54.956137806982156,0.7859792170754772,False,,True,validity_envelope_gamma_exceeded,958,9.57,0,
traj_0764,normal,20260817,62.031090532874984,1810.482422539032,0.0190459990744614,0.4738290710116379,0.005951874710769188,0.0219229041928809,-0.026854128286363632,62.02888098928108,75.19781937734732,0.24963368581981452,False,,False,completed_normally,2001,20.0,0,
traj_0765,boundary,20260817,32.961249655811955,1794.646155282678,0.1546125376990139,0.3375324333020107,0.04831641803094184,0.6952070145232675,0.11039665375919644,28.50960726071292,43.674683193312354,0.39252610733826887,True,6.2,False,completed_normally,2001,20.0,0,
traj_0766,normal,20260817,48.72695967822879,1644.3685608789726,0.05326084680614345,0.35517663969758934,0.01664401462691983,0.07348913207434532,0.016038157327505714,45.52193571326354,53.89524179847418,0.1627112510572993,False,,False,completed_normally,2001,20.0,0,
traj_0767,boundary,20260817,44.59965247814503,1107.9570507466738,0.07036488478341033,0.3336456385153225,0.021989026494815725,0.07036488478341033,-0.06871481661101125,44.59965247814431,74.46668751020754,0.5797252055897888,False,,False,completed_normally,2001,20.0,0,
traj_0768,normal,20260817,34.06412157111986,1453.5756830043335,0.14320311071275071,0.3313735550454816,0.0447509720977346,0.14439174425194606,0.14201450315551567,33.84205920791023,34.30367868656026,0.0076104341261136665,False,,False,completed_normally,2001,20.0,0,
traj_0769,boundary,20260817,74.43919790172586,1241.1305477769722,0.00203877275883548,0.635718539632649,0.0006371164871360875,0.0020387727589295454,-0.10754646178568461,74.43919790172586,81.67680493286738,0.7867606717820862,False,,True,validity_envelope_gamma_exceeded,469,4.68,0,
traj_0770,normal,20260817,72.06481173280625,1200.5974650689013,0.004633871943089944,0.6014420855809477,0.0014480849822156075,0.005015443870973927,0.004595511540140225,71.56855173429125,72.12199169566907,0.0060578051776899455,False,,False,completed_normally,2001,20.0,0,
traj_0771,boundary,20260817,55.32861255038429,997.2626316877964,0.03326771819746113,0.4058352691683021,0.010396161936706604,0.17647332238465396,0.033267718197419215,43.3400250466794,55.32861255038429,0.7874538572106652,False,,True,validity_envelope_gamma_exceeded,441,4.4,0,
traj_0772,normal,20260817,73.7483936049848,625.4718234972055,0.0027682372095328314,0.6255927833645266,0.0008650741279790098,0.0031114369417356235,0.002610533895013385,73.27407097329291,73.96935709166672,0.002428779380434903,False,,False,completed_normally,2001,20.0,0,
traj_0773,normal,20260817,32.46718263545464,1125.3828637084944,0.16005522441089864,0.3408410917333422,0.05001725762840583,0.22070881919512697,0.13051630488723345,26.645549455836612,38.7189703674841,0.20562377051974498,False,,False,completed_normally,2001,20.0,0,
traj_0774,boundary,20260817,33.212371386673915,1419.2854197390557,0.1519272499317327,0.33598478859383996,0.04747726560366647,0.1538208865963852,-0.08423939046407614,32.8456235108593,44.10727730963068,0.7855126776025154,False,,True,validity_envelope_gamma_exceeded,650,6.49,0,
traj_0775,stall,20260817,37.0635182901265,1988.3623470996076,0.11661601276183184,0.32204232332744054,0.03644250398807245,0.11661601276183184,-0.21059316029013964,37.06351829012114,42.28798723441109,0.7904070221496302,False,,True,validity_envelope_gamma_exceeded,637,6.36,0,
traj_0776,normal,20260817,33.33578597965252,1844.2708595163929,0.15062693423837675,0.3352563480495579,0.04707091694949273,0.211494346910082,0.12623760814405705,28.377143568499385,38.68591869822047,0.1711555289627299,False,,False,completed_normally,2001,20.0,0,
traj_0777,normal,20260817,59.45143651365237,1792.1463912419774,0.023961649700168806,0.4458815052413514,0.007488015531302752,0.05125122174015323,0.007502365584194641,56.27736479769315,62.21867738016437,0.09993246738492102,False,,False,completed_normally,2001,20.0,0,
traj_0778,normal,20260817,64.80591463085614,721.5132532514679,0.014392138034259188,0.5062048203197304,0.0044975431357059965,0.014758359175233675,0.014266640831390776,64.44651257923367,64.93538028669305,0.004224473977108803,False,,False,completed_normally,2001,20.0,0,
traj_0779,stall,20260817,45.75727582939469,944.0623995617964,0.06511425151348482,0.3387786076373245,0.020348203597964007,0.06511425151348482,-0.31057275867732503,45.75727582939469,48.24873091976153,0.7866349339270502,True,5.45,True,validity_envelope_gamma_exceeded,596,5.95,0,
traj_0780,normal,20260817,45.80729163288892,1681.5769613643345,0.0648959931918291,0.3390171022246845,0.02027999787244659,0.06618280050541041,0.06348920377503517,45.29871927684075,46.39013710132108,0.010031816237704888,False,,False,completed_normally,2001,20.0,0,
traj_0781,normal,20260817,36.25433287862788,983.6634239866418,0.12321248415327155,0.3235950453678344,0.03850390129789736,0.15403768607523244,0.11478582900806025,32.87033284967388,38.36558806060125,0.09150335274945079,False,,False,completed_normally,2001,20.0,0,
traj_0782,normal,20260817,52.13247490989607,1711.5955445843788,0.04202133036521967,0.3790683724563169,0.013131665739131148,0.04287205647701704,0.04139082536458699,51.66150323447145,52.496729325047745,0.007799439825065302,False,,False,completed_normally,2001,20.0,0,
traj_0783,boundary,20260817,51.9326423577571,1255.0474317717737,0.042621783687186054,0.37752902762312174,0.013319307402245642,0.04330979361965628,0.04169565524607399,51.541191475548004,52.45022453533976,0.009448631948651299,False,,False,completed_normally,2001,20.0,0,
traj_0784,stall,20260817,62.113008859056244,1411.9436838894678,0.01889972711095814,0.47475112820493176,0.0059061647221744186,0.019223849048076693,0.018341078106961648,61.82049619573251,62.61099763634245,0.00630299791208716,False,,False,completed_normally,2001,20.0,0,
traj_0785,stall,20260817,62.275176023396675,584.6402425891675,0.018611842800925607,0.47658260388280493,0.005816200875289252,0.3625298038625423,0.018611842800925607,53.90208236921239,62.27517602339682,0.7883042575313765,True,1.52,True,validity_envelope_gamma_exceeded,220,2.19,0,
traj_0786,boundary,20260817,53.14821058834292,1048.6061562977202,0.0390710824301835,0.38714305213702416,0.012209713259432342,0.04005232453671852,-0.08349410043784788,52.440256131121494,63.53747232462398,0.7865297223697407,False,,True,validity_envelope_gamma_exceeded,842,8.41,0,
traj_0787,boundary,20260817,46.05028060660366,1052.9040077645463,0.06384538146133958,0.3401949732855753,0.01995168170666862,0.2689999059840996,0.06384538146119623,33.374541990462546,46.05028060660366,0.7856986143399259,False,,True,validity_envelope_gamma_exceeded,623,6.22,0,
traj_0788,normal,20260817,67.99221691612557,1518.8377032758253,0.009727534999421753,0.5461878419846031,0.003039854687319298,0.009727534999421753,-0.015626236998078358,67.99221691612377,77.7049144132737,0.14035634206728553,False,,False,completed_normally,2001,20.0,0,
traj_0789,normal,20260817,47.33043221667563,655.9658877966991,0.05856615523870193,0.3469124985284982,0.01830192351209435,0.05856615523870193,0.006361258626857089,47.33043221666874,54.53304693494462,0.14694791274388946,False,,False,completed_normally,2001,20.0,0,
traj_0790,stall,20260817,40.374361720460435,1753.328015222382,0.09331019887316658,0.3219181651309861,0.029159437147864554,0.9822902913177449,0.055670634096782856,38.113695319804,53.45769409015046,0.4059235891020814,True,1.31,False,completed_normally,2001,20.0,0,
traj_0791,normal,20260817,38.06608771524617,1331.5591956193823,0.10896658155384939,0.3209987588190915,0.034052056735577936,0.16580999425475307,0.10807743346056722,30.98561326779518,38.3220962639197,0.17203528969331353,False,,False,completed_normally,2001,20.0,0,
traj_0792,boundary,20260817,32.354551736575736,947.1066214890357,0.1613266110339454,0.3416457641284699,0.05041456594810794,0.4705063672978109,0.035322581912034245,26.72963918112687,51.09913920636541,0.5434057756350174,True,3.47,False,completed_normally,2001,20.0,0,
traj_0793,stall,20260817,60.76084037308536,1777.336505848756,0.021389365315117783,0.45980113747752616,0.006684176660974307,1.2784716525712059,0.019022546589469447,19.365904844372498,60.76084037312024,0.7403295584005791,True,6.3100000000000005,False,completed_normally,2001,20.0,0,
traj_0794,normal,20260817,38.97761540738653,1292.5996552900624,0.1024761109787849,0.32083538928160277,0.032023784680870276,0.1556077857265225,0.08134466799590148,31.141746598938557,43.22081981300414,0.21734936394659515,False,,False,completed_normally,2001,20.0,0,
traj_0795,boundary,20260817,55.52282653662657,1401.8806288838623,0.03278310721890364,0.4075868941647324,0.010244721005907387,0.1501017238061817,0.032783107218784704,40.35777849142329,55.52282653662657,0.7859285785678122,False,,True,validity_envelope_gamma_exceeded,619,6.18,0,
traj_0796,normal,20260817,46.72008805354083,1294.3880205454159,0.0610308397575008,0.34360403424205516,0.019072137424219,0.06212678736995201,0.06016185880244266,46.251153026196945,47.08904035641979,0.01059674137065943,False,,False,completed_normally,2001,20.0,0,
traj_0797,boundary,20260817,57.7278142887168,1287.5594073040734,0.02761406569968961,0.4284232578373507,0.008629395531153003,0.17844577208651002,0.02761406569968961,46.64171889594537,57.727814288722634,0.7880947372732379,False,,True,validity_envelope_gamma_exceeded,550,5.49,0,
traj_0798,normal,20260817,55.69082905790179,1308.6775836237312,0.03236791229102648,0.40911325383952324,0.010114972590945775,0.04931870000404346,0.0323679122909309,50.37050675910798,55.69082905790179,0.09078211225122704,False,,False,completed_normally,2001,20.0,0,
traj_0799,stall,20260817,36.62445071101333,584.207738669162,0.1201464398802071,0.3228028890951979,0.03754576246256472,0.12307709418089822,-0.4366386694649419,35.97276216910415,40.00718191874673,0.7863396694374641,True,6.98,True,validity_envelope_gamma_exceeded,769,7.68,0,
traj_0800,normal,20260817,37.27536146447382,1419.493382503722,0.11495285283822684,0.32174292619610073,0.03592276651194589,0.1595959898432588,0.09771379215622213,33.82512093522274,40.43322441910405,0.11811323393242039,False,,False,completed_normally,2001,20.0,0,
traj_0801,boundary,20260817,31.82838409186085,561.1756453755967,0.16742415516958428,0.3456627852049032,0.05232004849049509,0.2740212283000161,0.017592321747398998,20.455195301459828,47.180908501570975,0.4204786943611366,False,,False,completed_normally,2001,20.0,0,
traj_0802,stall,20260817,35.55271116954541,1596.6655477374575,0.12926113927900737,0.3254927605204374,0.040394106024689805,1.0122793602938842,0.04901733813542783,35.10483491034054,57.8172802669944,0.45133678802620786,True,4.64,False,completed_normally,2001,20.0,0,
traj_0803,stall,20260817,63.11732162494491,1748.711401431938,0.017151900590731805,0.4862241188109306,0.005359968934603689,0.017284828638035807,-0.40034847510880256,62.76712178202164,63.69147985337165,0.7903395506198548,True,3.95,True,validity_envelope_gamma_exceeded,444,4.43,0,
traj_0804,normal,20260817,72.74131234913247,837.7503303651702,0.0038687872617923745,0.6110560070316456,0.001208996019310117,0.03155199088068342,-0.017527117486408478,62.437405323290946,72.74131234913247,0.23331605891171017,False,,False,completed_normally,2001,20.0,0,
traj_0805,normal,20260817,51.96699616164661,872.6488225824104,0.04251807546408812,0.37779249204592086,0.013286898582527537,0.04269738957349315,0.042273699855679546,51.864986370783946,52.10262333362622,0.0022325285139953776,False,,False,completed_normally,2001,20.0,0,
traj_0806,boundary,20260817,38.15116478737716,897.5313394347901,0.10834267602727352,0.3209527667589184,0.033857086258522975,0.5522506350087074,0.06735425094054581,14.75273515272644,52.971575767790156,0.7557538059518092,True,4.01,False,completed_normally,2001,20.0,0,
traj_0807,normal,20260817,65.03799580701089,1853.197154815786,0.014029346236999658,0.5090174932109129,0.004384170699062393,0.055267323699502297,0.014029346236942703,45.77150616388317,65.03799580701089,0.3066153185289551,False,,False,completed_normally,2001,20.0,0,
traj_0808,normal,20260817,54.369914651188246,1603.582277009603,0.035735081032935975,0.39739374620941115,0.011167212822792493,0.035735081032935975,-0.015252877540436027,54.36991465117821,72.69943182999852,0.3057743616154168,False,,False,completed_normally,2001,20.0,0,
traj_0809,stall,20260817,34.206285019650245,1994.894775072802,0.14180225724195925,0.3306960369615339,0.044313205388112266,1.2491349166617298,0.027533443591401863,33.84046050003466,73.28968353376017,0.6399226579505234,True,4.3100000000000005,False,completed_normally,2001,20.0,0,
traj_0810,boundary,20260817,47.4048781711397,1207.343313791704,0.05827181975187458,0.34732893496699285,0.018209943672460805,0.27415725682556297,0.03717573225740389,16.163180019184953,54.52335000159436,0.7821237963139746,False,,False,completed_normally,2001,20.0,0,
traj_0811,stall,20260817,68.64915726067422,1886.2660315578125,0.008844820175905752,0.5547913807074666,0.0027640063049705474,0.009357459216934289,0.008844820175905752,68.06404693887929,68.64915726070485,0.0064741774128465705,False,,False,completed_normally,2001,20.0,0,
traj_0812,boundary,20260817,57.26278314839417,1092.972185339539,0.02865551852069652,0.42388627967296644,0.008954849537717661,0.1972300007836999,0.028573146568962527,47.38810460886735,57.39679554645765,0.7859605444683425,False,,True,validity_envelope_gamma_exceeded,820,8.19,0,
traj_0813,normal,20260817,69.64694911171244,1280.1327341184744,0.007551099734480939,0.5680888527244188,0.0023597186670252937,0.007551099734480939,-0.0355472739093661,69.6469491117031,84.39762366402007,0.2041731788653296,False,,False,completed_normally,2001,20.0,0,
traj_0814,normal,20260817,69.12972231186892,1590.27277586128,0.008214806649814839,0.5611613717855808,0.002567127078067137,0.05181870144131856,-0.0019483452638051901,56.516664489171276,69.12972231186892,0.2734442120242069,False,,False,completed_normally,2001,20.0,0,
traj_0815,boundary,20260817,65.62773966849785,539.1556824365092,0.013124507821978812,0.5162360874640183,0.004101408694368379,0.013533213212588236,0.01305510844244329,65.21303143341727,65.70491835604305,0.004923076086697218,False,,False,completed_normally,2001,20.0,0,
traj_0816,boundary,20260817,68.45671780697923,1000.9926745623575,0.00910079421381444,0.5522586011416836,0.0028439981918170127,0.009414804880356113,-0.12705087888181754,68.02401205214494,74.22240282614948,0.7875492038129397,False,,True,validity_envelope_gamma_exceeded,745,7.44,0,
traj_0817,stall,20260817,56.23965345498317,819.7490753086561,0.031036962977145532,0.41417086652718754,0.009699050930357979,0.031036962977261977,-0.23718390610288198,56.23965345498317,58.97893120377503,0.787887922894654,False,,True,validity_envelope_gamma_exceeded,406,4.05,0,
traj_0818,normal,20260817,67.10400970343345,1602.2995679675234,0.010962014382486663,0.5347489927374033,0.0034256294945270824,0.010962014382486663,-0.019320356704312314,67.10400970343345,80.44176313464595,0.19327542334369635,False,,False,completed_normally,2001,20.0,0,
traj_0819,boundary,20260817,34.29108686605821,1123.4457836593447,0.14097389377691938,0.3303040088318731,0.044054341805287306,0.14097389377705694,-0.06515470075103758,34.29108686605821,62.041205272782555,0.6719043492121308,False,,False,completed_normally,2001,20.0,0,
traj_0820,stall,20260817,51.829337165573854,1699.2419998012654,0.04293486041850114,0.37673969973626814,0.013417143880781607,0.04293486041850114,-0.40195734494932245,51.82933716557145,54.13539868773859,0.7904321439377872,True,2.75,True,validity_envelope_gamma_exceeded,331,3.3000000000000003,0,
traj_0821,normal,20260817,43.755758714227206,1658.8550581967731,0.07444697626612218,0.33038939826022246,0.02326468008316318,0.07444697626627737,0.03844493648144591,43.755758714227206,53.613667712993745,0.16348036416072406,False,,False,completed_normally,2001,20.0,0,
traj_0822,normal,20260817,37.205290092480624,1196.823492268545,0.11550012833782727,0.3218371685192844,0.036093790105571025,0.1389865598030557,0.09279418358950342,34.31240898601629,38.43540281793572,0.0841457135580801,False,,False,completed_normally,2001,20.0,0,
traj_0823,stall,20260817,60.079101528317096,694.6899211785512,0.022707925816614093,0.452484423858307,0.007096226817691904,0.4258909850458765,0.0227079258164689,51.194133746237846,60.079101528317096,0.7856258395631248,True,4.88,True,validity_envelope_gamma_exceeded,572,5.71,0,
traj_0824,boundary,20260817,60.3726495058795,1585.823596160889,0.022134769304910026,0.45561653160414395,0.006917115407784383,0.1794989687398615,0.022134769304909863,50.13639370542557,60.3726495058795,0.7865078391158074,False,,True,validity_envelope_gamma_exceeded,772,7.71,0,
traj_0825,normal,20260817,70.53257290101085,920.8672183841331,0.006448046850641036,0.5801212688752778,0.0020150146408253237,0.007117784021354849,0.006448046850641036,69.71466418186299,70.53257290102638,0.009713099843252273,False,,False,completed_normally,2001,20.0,0,
traj_0826,normal,20260817,69.72601695621859,601.4221042917479,0.007450925766452499,0.5691543526342756,0.0023284143020164062,0.00745092576662501,-0.036600212097221585,69.72601695621859,111.39034040614304,0.5533089705476257,False,,False,completed_normally,2001,20.0,0,
traj_0827,normal,20260817,48.42166324800956,1266.8011966114354,0.05438268138891679,0.35328968478173955,0.016994587934036496,0.07866701223059162,0.03490863890313324,45.66577302594858,52.07765181887698,0.0951555529773609,False,,False,completed_normally,2001,20.0,0,
traj_0828,boundary,20260817,32.96680923976613,1376.3693840713195,0.15455250788268907,0.33749720848251225,0.04829765871334033,0.15455250788268907,-0.08273831533952336,32.96680923976165,44.849023537276175,0.7867787082554779,False,,True,validity_envelope_gamma_exceeded,574,5.73,0,
traj_0829,stall,20260817,74.6174005071036,1785.285132209027,0.0018538468882085704,0.6383508646542527,0.0005793271525651783,0.0018538468882085704,0.0010739030471027247,74.61740050709129,75.75857899076827,0.011452235035146953,False,,False,completed_normally,2001,20.0,0,
traj_0830,normal,20260817,52.137836764246046,1103.9817697725116,0.042005312152351905,0.37910990150186513,0.01312666004760997,0.04258197571651926,0.04124737638911738,51.808224280238285,52.56540011263942,0.00725225889735434,False,,False,completed_normally,2001,20.0,0,
traj_0831,normal,20260817,34.88098371377678,781.3376972726478,0.13535784883589366,0.32782120166535816,0.042299327761216775,0.1807501864079576,0.11974981572172147,30.30452360237171,38.56558402767678,0.12471149351223641,False,,False,completed_normally,2001,20.0,0,
traj_0832,boundary,20260817,58.35673093090144,1369.2459245355574,0.02624439005307148,0.4346773386663043,0.008201371891584838,0.15411487248566091,0.02624439005296519,45.641027523081725,58.35673093090144,0.7866168770358191,False,,True,validity_envelope_gamma_exceeded,398,3.97,0,
traj_0833,normal,20260817,50.677141140906556,1301.2856314671303,0.0465544755508798,0.36823952223665796,0.014548273609649937,0.04655447555099163,-0.0038068054345243574,50.677141140906556,60.83072886639319,0.19000932664520012,False,,False,completed_normally,2001,20.0,0,
traj_0834,boundary,20260817,47.68263081481584,1390.4245994008922,0.057185441338227616,0.34890698406505777,0.01787045041819613,0.24815299599397778,0.057185441338208354,36.18300411190806,47.68263081481584,0.7855068381123491,False,,True,validity_envelope_gamma_exceeded,451,4.5,0,
traj_0835,stall,20260817,61.33319525536161,986.4566486971042,0.020315694154527858,0.4660588300429653,0.006348654423289956,0.020315694154562157,-0.3083623392412632,61.33319525536161,62.429614867147286,0.7902293305977056,True,3.3000000000000003,True,validity_envelope_gamma_exceeded,368,3.67,0,
traj_0836,normal,20260817,60.92272930971764,1327.2655420404396,0.021082650956496984,0.46156053276280495,0.006588328423905307,0.05972158821045495,0.021082650956496984,50.39990227936492,60.922729309718896,0.1757506791160497,False,,False,completed_normally,2001,20.0,0,
traj_0837,boundary,20260817,45.1980655787467,944.2594245503163,0.06760222914571495,0.33620537588777205,0.021125696608035923,0.6916217776575052,0.028777325091343953,17.58044231237525,66.91100274978322,0.6855317574058596,True,9.3,False,completed_normally,2001,20.0,0,
traj_0838,boundary,20260817,55.706091403796734,1450.7767101566706,0.03233037631065198,0.40925242739587797,0.010103242597078744,0.03233037631079321,-0.11328430904611514,55.706091403796734,64.20943595061637,0.7869400232991013,False,,True,validity_envelope_gamma_exceeded,414,4.13,0,
traj_0839,normal,20260817,72.46420985603453,1080.0472803315652,0.004179609407132551,0.607103286444785,0.001306127939728922,0.03482574615211728,-0.024915064666096047,59.65512204520059,72.4642098560515,0.27969055438685103,False,,False,completed_normally,2001,20.0,0,
traj_0840,normal,20260817,47.547911433029824,893.3243139858218,0.0577100669750579,0.34813679653331603,0.018034395929705592,0.058415571885017184,0.05707252329513853,47.23906391386598,47.8359784810702,0.006277568123288419,False,,False,completed_normally,2001,20.0,0,
traj_0841,normal,20260817,42.40441635973184,1237.2472466830484,0.08147416276634431,0.3260849986931511,0.025460675864482595,0.08147416276649345,0.03285533866816004,42.40441635973184,51.45033326697171,0.1909638869674455,False,,False,completed_normally,2001,20.0,0,
traj_0842,normal,20260817,45.853422425490706,529.7786045719761,0.06469529826490356,0.33923827218154917,0.02021728070778236,0.08275999031981589,0.013632498671873442,44.3248673445734,52.654772742227316,0.1485936544100045,False,,False,completed_normally,2001,20.0,0,
traj_0843,stall,20260817,62.232370343274155,1129.9712271088595,0.01868761704838324,0.4760983740308543,0.0058398803276197625,0.3708933302938182,0.01868761704838324,54.026154261081736,62.23237034327862,0.7892546051880256,True,3.13,True,validity_envelope_gamma_exceeded,382,3.81,0,
traj_0844,normal,20260817,42.687886913028805,981.5722136557782,0.07994729919381241,0.3268914735489894,0.024983530998066376,0.08072352859769989,0.07909027548899263,42.408931149604975,42.97563259226511,0.010645649519980108,False,,False,completed_normally,2001,20.0,0,
traj_0845,stall,20260817,61.086090304957466,1066.3433532932802,0.020775582879935032,0.4633443970132752,0.006492369649979698,0.2704249279611013,0.020319533936608934,53.31272050848583,61.473689967819446,0.7887248524603678,False,,True,validity_envelope_gamma_exceeded,719,7.18,0,
traj_0846,normal,20260817,38.36093541744422,1719.752254606033,0.10682056645875479,0.32086684455930004,0.033381427018360874,0.10833596853830871,0.06611731603774443,37.56381626465471,44.2700548814399,0.13832548536372155,False,,False,completed_normally,2001,20.0,0,
traj_0847,normal,20260817,34.910294774385086,741.2076348413743,0.1350853151297904,0.3277087283510877,0.0422141609780595,0.1494423807779654,0.09736588230112077,32.102609038899715,38.25772773755386,0.10874880379938412,False,,False,completed_normally,2001,20.0,0,
traj_0848,normal,20260817,45.69039966454511,746.8416556692245,0.06540716482140724,0.33846183849040523,0.020439739006689762,0.08772384029138004,0.009657550096966783,38.651094372204106,54.24714460266332,0.22478112985063053,False,,False,completed_normally,2001,20.0,0,
traj_0849,stall,20260817,70.82399866631417,1208.9127595862099,0.006094000619092181,0.5841275152597413,0.0019043751934663064,0.23979628758635485,0.00609400061903969,62.89623008719538,70.82399866631417,0.7894731049290797,False,,True,validity_envelope_gamma_exceeded,643,6.42,0,
traj_0850,normal,20260817,40.483970430045225,1257.8260997218472,0.09262812166987369,0.32206743891951856,0.028946288021835527,0.09406456633611578,0.09107556119112252,40.05553086773447,40.94141855750416,0.011216192510016036,False,,False,completed_normally,2001,20.0,0,
traj_0851,normal,20260817,42.0896754490613,1490.4310895629503,0.08320385049311513,0.3252516577787796,0.026001203279098477,0.1614265765898417,0.06804413651470437,29.817972546533905,47.55473990727578,0.27075502674992163,False,,False,completed_normally,2001,20.0,0,
traj_0852,boundary,20260817,54.67850458042569,624.5624782750934,0.03492695642468269,0.4000734048812723,0.01091467388271334,0.03492695642472601,-0.11294468144838654,54.67850458042569,62.761505963917074,0.7871457979787189,False,,True,validity_envelope_gamma_exceeded,498,4.97,0,
traj_0853,normal,20260817,44.219597494422956,1643.540361507241,0.0721755984598611,0.3321270043163587,0.022554874518706594,0.1008621505188289,0.07217559845975946,39.02584959000991,44.219597494422956,0.11481093178182779,False,,False,completed_normally,2001,20.0,0,
traj_0854,normal,20260817,59.456698866924306,1578.9430758920703,0.023950975502034285,0.44593632706805814,0.007484679844385714,0.03544603705520934,-0.01606530775803766,59.456698866924306,69.93221453882202,0.2431136571697041,False,,False,completed_normally,2001,20.0,0,
traj_0855,normal,20260817,39.05346541222951,1898.7410894346588,0.10195482775915879,0.3208537894635379,0.03186088367473712,0.10392284154845759,0.10037402588057176,38.51705020629549,39.4781394718304,0.014642439054730389,False,,False,completed_normally,2001,20.0,0,
traj_0856,normal,20260817,55.334575220056784,1436.4256723696699,0.033252765266899686,0.40588884060094965,0.010391489145906154,0.03429750355493923,0.03291857127144214,54.662869927323236,55.57062294624493,0.01222000251633068,False,,False,completed_normally,2001,20.0,0,
traj_0857,stall,20260817,31.162174241336192,1159.2900151117565,0.17554225447320973,0.35138758456675334,0.05485695452287804,0.17554225447320973,-0.19279997075067412,31.16217424133585,37.585245567150636,0.7876261377876581,False,,True,validity_envelope_gamma_exceeded,312,3.11,0,
traj_0858,normal,20260817,62.92801959926254,1977.754789923703,0.017475037938133105,0.4840378747293465,0.005460949355666595,0.017475037938133105,-0.028340729731297504,62.92801959926254,81.73332450002476,0.2831862134935863,False,,False,completed_normally,2001,20.0,0,
traj_0859,normal,20260817,55.33844365425334,720.4932360594013,0.03324306671030167,0.4059236034328489,0.010388458346969272,0.033243066710329075,-0.006164397831744162,55.33844365425334,65.13861378823513,0.1677169037252874,False,,False,completed_normally,2001,20.0,0,
traj_0860,boundary,20260817,45.56790178036708,1609.085674693113,0.06594692340013822,0.337887932697809,0.020608413562543195,0.06594692340013822,-0.07471183290713967,45.567901780365176,58.18905040074259,0.7855017177489441,False,,True,validity_envelope_gamma_exceeded,540,5.39,0,
traj_0861,normal,20260817,70.97578470212623,574.1160776858205,0.005911307108983625,0.5862232605941435,0.001847283471557383,0.005911307109037487,-0.019177612876882938,70.96040213358785,84.06826544016212,0.17649122465081624,False,,False,completed_normally,2001,20.0,0,
traj_0862,boundary,20260817,34.76929693662093,702.5354535832172,0.13640188123459976,0.3282590811015731,0.04262558788581242,0.6860060550281737,0.0932485748255244,22.173408860331463,46.8359952650088,0.6043852513879489,True,2.5100000000000002,False,completed_normally,2001,20.0,0,
traj_0863,normal,20260817,57.39989963883411,1732.698742521375,0.02834585044347533,0.42521623910981654,0.00885807826358604,0.029111522186833598,0.028249255453927924,56.85540107415136,57.482679711464506,0.009884385067384413,False,,False,completed_normally,2001,20.0,0,
traj_0864,normal,20260817,45.96211109243154,1978.7286093201164,0.06422474294396535,0.33976390890274805,0.020070232169989172,0.06422474294406681,0.004677406708961246,45.96211109243154,60.22681708946892,0.24130523841426757,False,,False,completed_normally,2001,20.0,0,
traj_0865,boundary,20260817,45.51442052580648,1527.9502529317506,0.06618389353883994,0.3376399484184161,0.02068246673088748,0.06618389353883994,-0.1250294692171694,45.51442052580576,53.521000944553826,0.7866039160468578,False,,True,validity_envelope_gamma_exceeded,421,4.2,0,
traj_0866,normal,20260817,44.9461168063239,1013.2806500099207,0.0687524692987134,0.33510286044383186,0.02148514665584794,0.07001065152173035,0.06757854315325117,44.47222115752855,45.41067103628336,0.010827563351538064,False,,False,completed_normally,2001,20.0,0,
traj_0867,boundary,20260817,57.72819991642501,959.0286916801,0.02761321233988336,0.42842705113278196,0.00862912885621355,0.027613212340047478,-0.12506113350728554,57.72819991642501,64.83329459666322,0.7879445452301789,False,,True,validity_envelope_gamma_exceeded,409,4.08,0,
traj_0868,normal,20260817,49.48976253670761,517.5899181829883,0.05054561813764118,0.36008145748247333,0.01579550566801287,0.10433058538820028,0.05054561813750443,39.17433032498012,49.48976253670761,0.2105744273233556,False,,False,completed_normally,2001,20.0,0,
traj_0869,boundary,20260817,37.12443434983161,1818.5860819756927,0.11613512476670265,0.32195178858945983,0.03629222648959458,0.11839497752079119,0.11381907819883463,36.6094260957388,37.70008069293548,0.01656809202194363,False,,False,completed_normally,2001,20.0,0,
traj_0870,normal,20260817,54.52760243929093,1501.5293405336001,0.035320451332308864,0.3987585477906308,0.011037641041346519,0.035320451332308864,0.007249920186353315,54.52760243929093,66.67486026429597,0.19035883861070937,False,,False,completed_normally,2001,20.0,0,
traj_0871,normal,20260817,38.053969278786944,683.452712043992,0.10905576285278165,0.3210058374858322,0.034079925891494264,0.10905576285278165,0.07158677909239028,38.05396927878215,42.41895356640175,0.1075791191793479,False,,False,completed_normally,2001,20.0,0,
traj_0872,stall,20260817,68.58032874259801,1167.775935679531,0.008936127796097228,0.5538843101474731,0.002792539936280384,0.008936127796136102,-0.22052376686017916,68.58032874259801,70.82994928621955,0.7899627313669768,False,,True,validity_envelope_gamma_exceeded,238,2.37,0,
traj_0873,boundary,20260817,54.062624312277926,1231.8592224601387,0.03655333221870439,0.394761256937367,0.011422916318345121,0.513048991215445,0.036553332218539555,13.115795327790897,54.062624312277926,0.7857072540902149,True,10.33,True,validity_envelope_gamma_exceeded,1594,15.93,0,
traj_0874,normal,20260817,63.98916157950272,901.6354635974101,0.015700058619916243,0.4964334722023216,0.004906268318723826,0.0157000586199618,0.0003751563851949469,63.98916157950272,71.26112757190913,0.10906337138362575,False,,False,completed_normally,2001,20.0,0,
traj_0875,normal,20260817,54.873270121366545,1655.6487817228062,0.034423786096625636,0.4017830925151669,0.010757433155195511,0.0655219050132022,-0.018195911272669618,53.10074828012387,64.98197353018195,0.3042386332731335,False,,False,completed_normally,2001,20.0,0,
traj_0876,stall,20260817,65.06486728335761,897.6922476694933,0.013987588107958946,0.5093441846544523,0.00437112128373717,0.014611137429372607,-0.4031040959277372,64.44974542483317,65.5308204210955,0.7887346860851634,True,6.24,True,validity_envelope_gamma_exceeded,674,6.73,0,
traj_0877,stall,20260817,54.49128285967298,1738.7111712837493,0.035415638241066714,0.3984433653339079,0.011067386950333349,0.03541563824112482,-0.2977119869678476,54.49128285967298,56.22137852419749,0.789823595425775,True,6.95,True,validity_envelope_gamma_exceeded,733,7.32,0,
traj_0878,boundary,20260817,51.89725051187097,770.5739847323622,0.04272883631857821,0.3772581113201164,0.013352761349555691,0.042728836318652624,-0.11041653243699245,51.89725051187097,60.381431095803485,0.7861668632486841,False,,True,validity_envelope_gamma_exceeded,599,5.98,0,
traj_0879,normal,20260817,45.93207257000187,1940.5096721286984,0.06435446928548819,0.33961800170499973,0.02011077165171506,0.06435446928548819,0.041204995199620675,45.932072569996095,50.88012419971431,0.10099826117484521,False,,False,completed_normally,2001,20.0,0,
traj_0880,stall,20260817,37.7254100088456,800.666872492824,0.11150367585403723,0.3212484582246663,0.03484489870438664,0.11150367585408254,-0.5062464362527896,37.7254100088456,42.00499754536507,0.7886151261591374,True,3.37,True,validity_envelope_gamma_exceeded,425,4.24,0,
traj_0881,stall,20260817,44.208760653809605,1314.7634196985814,0.07222788601010369,0.33208494461322524,0.022571214378157404,0.809956384962168,-0.22386895759858794,37.19534218724171,47.405949313270234,0.7910439072582689,True,6.8,True,validity_envelope_gamma_exceeded,1550,15.49,0,
traj_0882,normal,20260817,55.49043344944787,616.2919117076874,0.03286358860489322,0.40729377813943207,0.01026987143902913,0.03286358860489322,-0.00669620334208601,55.490433449446385,72.47445661383574,0.25036596197435396,False,,False,completed_normally,2001,20.0,0,
traj_0883,stall,20260817,36.25137826443318,1857.0861398319028,0.12323729946587722,0.3236019378968451,0.03851165608308663,1.280927330895191,0.05690568644013955,28.844639485234044,57.941272435424544,0.6049138889750137,True,1.34,False,completed_normally,2001,20.0,0,
traj_0884,stall,20260817,74.5050010200278,727.2350645665366,0.001970333877298885,0.6366895877883574,0.0006157293366559016,0.46049041114574485,0.0016645959285607284,67.31119261843264,75.0341687528735,0.7878579669083805,True,6.38,True,validity_envelope_gamma_exceeded,693,6.92,0,
traj_0885,normal,20260817,33.43759350337192,1701.6092499603642,0.14956372030311638,0.3346711393690353,0.04673866259472387,0.1506522310380589,0.14783566562810757,33.24381961579125,33.77824988136629,0.011515832886409604,False,,False,completed_normally,2001,20.0,0,
traj_0886,stall,20260817,48.49069311767938,1867.9081268089233,0.054127223508519104,0.3537124770617484,0.01691475734641222,0.054127223508519104,-0.5948170328459635,48.49069311767814,52.24148960888099,0.7863343572968952,True,3.77,True,validity_envelope_gamma_exceeded,465,4.64,0,
traj_0887,stall,20260817,35.100329726339865,1368.0638522538204,0.1333329677402461,0.3270039175718393,0.04166655241882691,0.9741675782721241,0.07784348104440131,27.255583269465458,51.8274504056123,0.49627298667925107,True,2.08,False,completed_normally,2001,20.0,0,
traj_0888,normal,20260817,56.05970924881983,1708.8932557326686,0.03146911277772492,0.4125006396416058,0.009834097743039038,0.0316372234205582,0.008414771208645137,55.816756224587685,62.056767446952286,0.10473964596456077,False,,False,completed_normally,2001,20.0,0,
traj_0889,boundary,20260817,43.19105976342871,1906.0427655975402,0.0773071419179927,0.32845057921487925,0.02415848184937272,0.07730714191806429,-0.10711848881531161,43.19105976342871,79.14184790936652,0.7284492353990484,False,,False,completed_normally,2001,20.0,0,
traj_0890,boundary,20260817,48.51764921416634,1879.1303062899874,0.054027754968709596,0.3538781917619556,0.01688367342772175,0.18618052412412883,0.038657451117912245,21.63339082024477,54.17087156416895,0.6311092241712006,False,,False,completed_normally,2001,20.0,0,
traj_0891,stall,20260817,55.24465741733252,1018.8398632125011,0.0334787624822432,0.405082367119378,0.010462113275701,0.03431147450130638,-0.2491223495452013,54.70856946521458,57.213878695909685,0.7878987826541821,False,,True,validity_envelope_gamma_exceeded,691,6.9,0,
traj_0892,normal,20260817,34.653599421508474,903.5579884397102,0.13749278739608348,0.3287283649427844,0.04296649606127609,0.14502225119830908,0.11765832331113454,33.0364156027917,37.365912581406604,0.07015584961301088,False,,False,completed_normally,2001,20.0,0,
traj_0893,normal,20260817,58.19403981040538,1413.996215376214,0.02659451519173608,0.4330465781086965,0.008310785997417526,0.04084347287161794,0.02659451519173608,53.02073744378587,58.19403981041089,0.08738004127469966,False,,False,completed_normally,2001,20.0,0,
traj_0894,boundary,20260817,73.01863274013009,1351.480912103109,0.003561223403245337,0.6150322525765551,0.001112882313514168,0.12123867959035439,0.003561223403245337,53.573248154438964,73.01863274013309,0.78657756943834,False,,True,validity_envelope_gamma_exceeded,774,7.73,0,
traj_0895,normal,20260817,37.786263466234885,538.9322165126354,0.11104588865384635,0.32119608736268773,0.034701840204326984,0.119597458729469,0.068858660549502,35.42126637014473,43.196983894212785,0.12395280625131339,False,,False,completed_normally,2001,20.0,0,
traj_0896,normal,20260817,50.559541804658544,598.0366846867339,0.0469375631984488,0.3674038296789973,0.01466798849951525,0.04764478692733777,0.046068020754367674,50.1883184524467,51.01292241176598,0.007863374755381685,False,,False,completed_normally,2001,20.0,0,
traj_0897,stall,20260817,34.54742895440014,703.4548438469831,0.13850235302252267,0.32917319195023836,0.043281985319538335,1.28840214969442,0.07126842517186055,25.594024884252836,54.23268939716884,0.5598194208209455,True,2.5,False,completed_normally,2001,20.0,0,
traj_0898,stall,20260817,70.65454033478255,547.2314382032398,0.006299343704508685,0.5817951521463722,0.001968544907658964,0.006299343704508685,-0.26901951852220385,70.64843565887558,71.29529170002878,0.7896834402426082,False,,True,validity_envelope_gamma_exceeded,255,2.54,0,
traj_0899,stall,20260817,61.268236041972315,1120.0354477652422,0.02043605846223986,0.46534338296459515,0.006386268269449957,0.020436058462420904,-0.29313513663951096,61.268236041972315,62.56076859557173,0.7910532625980338,True,6.58,True,validity_envelope_gamma_exceeded,684,6.83,0,
traj_0900,normal,20260817,48.967949232807335,1832.0610351161893,0.05238968269356184,0.35669708992190996,0.016371775841738073,0.10457103834402742,0.046253134133164564,36.54876202739086,51.88399972757961,0.2375648447956257,False,,False,completed_normally,2001,20.0,0,
traj_0901,boundary,20260817,37.710639747217684,509.096497029312,0.11161509413773649,0.3212616840362255,0.034879716918042654,0.3669918519462762,0.07393000529565957,20.005070853710986,49.79118758579275,0.48994523078903035,True,6.46,False,completed_normally,2001,20.0,0,
traj_0902,stall,20260817,36.88347703765948,1552.3826835173757,0.11804991869947748,0.32233109512652774,0.03689059959358671,1.2546935191753348,0.06354161773658046,36.18814836068295,54.15659802118473,0.49989713331767954,True,4.89,False,completed_normally,2001,20.0,0,
traj_0903,normal,20260817,69.96823000582049,746.2536631297999,0.007146146443861639,0.5724290562477377,0.0022331707637067624,0.022010830609528194,-0.02351703901821138,67.62624596237286,77.2928249556702,0.12226530432795851,False,,False,completed_normally,2001,20.0,0,
traj_0904,normal,20260817,38.29674251908742,1245.5045770002703,0.10728391925673741,0.32088901135252496,0.03352622476773044,0.10866186595878252,0.10587333445658678,37.951306449604424,38.67225221085721,0.008670651631986413,False,,False,completed_normally,2001,20.0,0,
traj_0905,stall,20260817,52.46374088585798,1164.3766093359945,0.0410406998669409,0.38165612868507637,0.012825218708419031,0.042082273443416716,0.04020116062869231,51.876878132884244,52.9552577346185,0.009857578123709484,False,,False,completed_normally,2001,20.0,0,
traj_0906,boundary,20260817,46.95055500843111,1438.9063170072286,0.060089235363019466,0.34483101378978037,0.018777886050943583,0.061093855141752244,0.058573359326733354,46.50436612892,47.606436590381634,0.012752772054109966,False,,False,completed_normally,2001,20.0,0,
traj_0907,boundary,20260817,57.855199797054006,1251.3817387368401,0.027333085994911997,0.4296790878930246,0.008541589373409998,0.027333085995017898,-0.12006326937568934,57.855199797054006,65.68091525541074,0.7856032952502219,False,,True,validity_envelope_gamma_exceeded,514,5.13,0,
traj_0908,boundary,20260817,67.62559746302506,1744.4725827157079,0.010231253954501647,0.5414392181936236,0.003197266860781765,0.010231642309133683,-0.07534344825267736,67.58234233801461,78.91455807530173,0.7869242245472886,False,,True,validity_envelope_gamma_exceeded,483,4.82,0,
traj_0909,stall,20260817,58.03539877595558,1866.872394030787,0.026938720024266238,0.4314650781353979,0.0084183500075832,1.1280341497986728,0.009141346146987028,25.465999396006545,72.47697293777452,0.5812724401645178,True,1.52,False,completed_normally,2001,20.0,0,
traj_0910,stall,20260817,46.29151400658857,1581.1381463474518,0.06281811202260448,0.34139555445073755,0.019630660007063903,0.9821523427041163,0.04692685563363436,42.018555716357504,52.18272616256995,0.23402848947488344,True,2.21,False,completed_normally,2001,20.0,0,
traj_0911,normal,20260817,62.334673093689574,559.7318299266769,0.018506777430528597,0.4772565948770205,0.005783367947040187,0.018842978253588185,0.018341729826015483,62.0362065383304,62.48700753735483,0.003897648319476782,False,,False,completed_normally,2001,20.0,0,
traj_0912,normal,20260817,71.4210178225516,1342.8211348891966,0.005382050569966344,0.5924066630269794,0.0016818908031144826,0.005524173764429672,0.005382050569966344,71.23993824675075,71.42101782256174,0.001825890711678235,False,,False,completed_normally,2001,20.0,0,
traj_0913,stall,20260817,49.90801987240758,1029.8014738093802,0.049108011726628514,0.36288367230179974,0.01534625366457141,0.050393937457815924,0.04856648994942622,49.27611941569744,50.19996115688241,0.012946782405213533,False,,False,completed_normally,2001,20.0,0,
traj_0914,boundary,20260817,56.66818914822318,1906.7418876379108,0.030024052376060092,0.4181951091511194,0.009382516367518778,0.0300240523761584,-0.07718088323622396,56.66818914822318,98.80340541725445,0.663672721245097,False,,False,completed_normally,2001,20.0,0,
traj_0915,normal,20260817,33.402967148081515,957.6716485137113,0.14992438445610476,0.33486859552422804,0.04685137014253274,0.16901934223335827,0.10434580607342078,29.985845171328233,37.58194307181894,0.12046042579331281,False,,False,completed_normally,2001,20.0,0,
traj_0916,boundary,20260817,65.08645175516224,1924.7268089520471,0.013954082968733086,0.5096067531167802,0.0043606509277290895,0.16872548948597166,0.013954082968733086,55.3840632164151,65.08645175517263,0.786919282153477,False,,True,validity_envelope_gamma_exceeded,622,6.21,0,
traj_0917,stall,20260817,71.70351614629342,862.158431860687,0.00505129035444723,0.5963577231802792,0.0015785282357647593,0.00505129035444723,-0.22532153961967072,71.70351614628386,73.46855889412672,0.7921003149106166,False,,True,validity_envelope_gamma_exceeded,485,4.84,0,
traj_0918,stall,20260817,69.96027516603432,1768.7804013419861,0.007156106368171252,0.5723212515526744,0.0022362832400535165,0.007156106368235987,-0.2277775636705821,69.96027516603432,71.70718286530915,0.7916893777132876,False,,True,validity_envelope_gamma_exceeded,668,6.67,0,
traj_0919,normal,20260817,42.86865682742832,1736.2838974577357,0.07898860991599466,0.3274329935376975,0.02468394059874833,0.08051650647493008,0.023037753116350188,41.95051415827076,49.61997156537465,0.1735389708405307,False,,False,completed_normally,2001,20.0,0,
traj_0920,normal,20260817,55.65008774061751,966.4009643681984,0.032468259530177304,0.40874215933671315,0.010146331103180408,0.03246825953026252,-0.022615564150900658,55.65008774061751,78.99077845144062,0.34380339123449394,False,,False,completed_normally,2001,20.0,0,
traj_0921,normal,20260817,70.39471020324967,1970.2941081905467,0.00661705168090803,0.5782341170678937,0.0020678286502837594,0.037034849788586344,-0.031431704612330316,70.32456506801786,78.70051404325217,0.2416809688433694,False,,False,completed_normally,2001,20.0,0,
traj_0922,normal,20260817,36.65916612577032,1108.7352629957966,0.11986313348502148,0.32273575659926135,0.03745722921406921,0.12441789856832551,0.07674611981595546,35.35497543581294,40.859202024574934,0.10487987603705895,False,,False,completed_normally,2001,20.0,0,
traj_0923,boundary,20260817,70.12849598218394,807.8358583653675,0.006946198211695712,0.574604689720652,0.00217068694115491,0.006946198211781336,-0.12224403029239972,70.12849598218394,76.62193137031765,0.7872867934244213,False,,True,validity_envelope_gamma_exceeded,661,6.6000000000000005,0,
traj_0924,boundary,20260817,72.85065162240429,574.3257687781249,0.0037471083803319993,0.612621288112661,0.0011709713688537497,0.0037471083803319993,-0.08715412680114154,72.8506516223998,82.51552017027933,0.7859352951246916,False,,True,validity_envelope_gamma_exceeded,568,5.67,0,
traj_0925,normal,20260817,36.14235224159704,1821.6580712645562,0.12415680408592503,0.3238626621181967,0.03879900127685157,0.1251753371268332,0.12317561092189831,35.92073023078712,36.36922770029769,0.0067401518142847896,False,,False,completed_normally,2001,20.0,0,
traj_0926,stall,20260817,64.24554518103247,1786.4878617927343,0.015284183369613583,0.4994793302761878,0.0047763073030042446,1.0532236100169652,0.012752233963636339,30.17596548776138,64.24554518103247,0.5919288769174444,True,6.390000000000001,False,completed_normally,2001,20.0,0,
traj_0927,normal,20260817,52.711138388936284,510.4055832165974,0.04032011708815847,0.3836177132977881,0.012600036590049522,0.05540454828096317,0.0005559003464889051,50.081688318940294,62.489863684617134,0.18490165897598282,False,,False,completed_normally,2001,20.0,0,
traj_0928,boundary,20260817,30.190027407518105,1144.7648875100356,0.18828888973452482,0.3611280141535718,0.058840278042039,0.45109463585634846,-0.06256575574590484,13.067515399585615,56.809652299154415,0.7675316286640143,True,18.92,True,validity_envelope_low_airspeed,1984,19.830000000000002,0,
traj_0929,stall,20260817,60.971912023072036,512.0860900011813,0.020989946475218787,0.46209670269839265,0.006559358273505871,0.020989946475218787,-0.2656276213116556,60.971912023050216,62.73156020054926,0.7928747798571126,False,,True,validity_envelope_gamma_exceeded,576,5.75,0,
traj_0930,normal,20260817,35.32792383502158,1318.8327684328933,0.13126710168941438,0.3262146835774103,0.04102096927794199,0.15932898474999757,0.12721372684344184,31.099845602846784,36.321392150718694,0.11080944265034406,False,,False,completed_normally,2001,20.0,0,
traj_0931,boundary,20260817,73.66695259951095,1367.4975322918935,0.0028555782549492042,0.6244072751367016,0.0008923682046716264,0.08897251414266405,0.0028555782547695524,60.414390488409104,73.66695259951095,0.7872643501262321,False,,True,validity_envelope_gamma_exceeded,771,7.7,0,
traj_0932,stall,20260817,61.14329430540703,1178.3390924970306,0.020668630627139976,0.4639710574438409,0.006458947070981242,1.0080320648199605,0.020668630627139976,33.78227961912899,61.14329430543632,0.5521621607764402,True,6.4,False,completed_normally,2001,20.0,0,
traj_0933,normal,20260817,34.52466911847844,1692.5741564059865,0.13871984011569233,0.32927033057728305,0.04334995003615385,0.18522068535037653,0.08574298921051562,26.95213840817544,39.0027035020617,0.24566102284316038,False,,False,completed_normally,2001,20.0,0,
traj_0934,boundary,20260817,42.56663575873835,569.0936768793695,0.08059685227661625,0.3265400913653518,0.02518651633644258,0.31774154782020436,0.08059685227661625,27.99131916743082,42.5666357587458,0.7860839015018413,True,8.52,True,validity_envelope_gamma_exceeded,919,9.18,0,
traj_0935,boundary,20260817,58.78545652208516,1884.7298302875101,0.025335411562411987,0.43901756176048645,0.007917316113253746,0.20541023931686642,0.025335411562411987,49.66280527210594,58.785456522098855,0.7873094607783387,False,,True,validity_envelope_gamma_exceeded,728,7.2700000000000005,0,
traj_0936,boundary,20260817,59.32050974701116,545.067498953282,0.02422812454278962,0.4445204858163021,0.007571288919621755,0.02471745657781538,0.022852470054818018,58.9128583599053,60.421275956704186,0.016531535755023814,False,,False,completed_normally,2001,20.0,0,
traj_0937,normal,20260817,36.26644599106812,1988.7961108479165,0.1231108049354796,0.3235668830391577,0.03847212654233738,0.12483831078245569,0.12088715970800185,35.889323725583985,36.78890270886783,0.012915240076080749,False,,False,completed_normally,2001,20.0,0,
traj_0938,stall,20260817,56.90477940237911,789.2571174398439,0.029474452782355314,0.4204447592435501,0.009210766494486036,0.030542901250732644,0.029146632358679796,56.16268909948026,57.1359692915066,0.010184218047857584,False,,False,completed_normally,2001,20.0,0,
traj_0939,normal,20260817,64.96082421902251,1899.39616982918,0.014149555332272804,0.5080804589744498,0.004421736041335251,0.028143314145503903,-0.028913090768184824,64.96082421902034,72.0251592665409,0.2106080900675517,False,,False,completed_normally,2001,20.0,0,
traj_0940,stall,20260817,58.10147148440105,1826.9192502010455,0.02679502412433689,0.43212271832718196,0.008373445038855279,0.026795024124386068,-0.271870046798273,58.10147148440105,59.65073827890178,0.7900137258553882,False,,True,validity_envelope_gamma_exceeded,529,5.28,0,
traj_0941,boundary,20260817,57.28218747091229,1317.1155733634207,0.028611562240852803,0.4240740943838755,0.008941113200266502,0.029783098494802887,0.027938821696422988,56.46006274370888,57.785397722180264,0.014302909628679132,False,,False,completed_normally,2001,20.0,0,
traj_0942,boundary,20260817,68.29462855857881,641.7073392061677,0.009318060943496707,0.5501333112984116,0.002911894044842721,0.13543144771051308,0.009318060943474465,57.32895241510842,68.29462855857881,0.7864464007203034,False,,True,validity_envelope_gamma_exceeded,344,3.43,0,
traj_0943,normal,20260817,65.73565190216328,997.9960411934569,0.012961539308557368,0.5175679727329858,0.004050481033924178,0.012961539308557368,-0.02347013816941007,65.73565190216274,87.09415447007231,0.2992668930895282,False,,False,completed_normally,2001,20.0,0,
traj_0944,normal,20260817,70.63162581900474,510.61296769744837,0.0063272229960390225,0.5814803641020037,0.0019772571862621945,0.01951264234433965,-0.02914331052652852,68.28344096697289,84.09414390317845,0.1933324583645986,False,,False,completed_normally,2001,20.0,0,
traj_0945,stall,20260817,36.26490381204466,1285.4500057668806,0.12312374513863888,0.32357046002614803,0.03847617035582465,0.8781513442129983,0.09583491509119592,31.832177404353104,43.85092954726877,0.28862959147605366,True,1.9000000000000001,False,completed_normally,2001,20.0,0,
traj_0946,normal,20260817,52.292624405227826,1227.2770902056059,0.041544970197936515,0.3803138387337111,0.012982803186855161,0.04176652728193995,0.041263985664117146,52.16539667583273,52.45145603609481,0.0025878648161225515,False,,False,completed_normally,2001,20.0,0,
traj_0947,stall,20260817,58.71288339110244,1070.29841778072,0.025487902176657418,0.4382785178146731,0.007964969430205443,0.02590036311056557,0.024613307234193513,58.39745149801278,59.388042986594954,0.005201171126345003,False,,False,completed_normally,2001,20.0,0,
traj_0948,stall,20260817,36.84959604047651,1674.811542613018,0.11832188184627859,0.32238900511706464,0.03697558807696206,0.9662451568648182,-0.26101738737022206,35.79534081202706,54.34125447846047,0.7922916470350173,True,1.52,True,validity_envelope_gamma_exceeded,912,9.11,0,
traj_0949,stall,20260817,65.71756970689158,1367.092736281938,0.01298879160961404,0.517344560043144,0.004058997378004387,0.012988791609641783,-0.2398217572529069,65.71756970689158,67.4334443024345,0.7927748249690316,False,,True,validity_envelope_gamma_exceeded,714,7.13,0,
traj_0950,boundary,20260817,51.04521582807861,1594.8656250283,0.04537211038121311,0.37089371534996735,0.014178784494129097,0.04537211038129961,-0.1294102986544554,51.04521582807861,58.39823043857642,0.7887818492985555,False,,True,validity_envelope_gamma_exceeded,418,4.17,0,
traj_0951,boundary,20260817,44.08588903611691,1947.355609249412,0.0728233240826453,0.33161292415180316,0.022757288775826657,0.0728233240826453,-0.11077288079419734,44.08588903611316,53.26020802657177,0.7856487345361052,False,,True,validity_envelope_gamma_exceeded,522,5.21,0,
traj_0952,boundary,20260817,30.738293939055826,1263.2662877567836,0.18095954526629712,0.35542397446486246,0.05654985789571785,0.18095954526629918,-0.07744257028552415,30.738293939055826,66.99387233724275,0.7856250662405534,False,,True,validity_envelope_gamma_exceeded,1315,13.14,0,
traj_0953,stall,20260817,70.48420035919116,905.4061378745184,0.006507234590193513,0.5794585249815692,0.0020335108094354727,0.006507234590344207,-0.33315739909348197,70.48420035919116,70.91648405986857,0.785764801426708,True,2.06,True,validity_envelope_gamma_exceeded,241,2.4,0,
traj_0954,boundary,20260817,31.500207018230928,714.4819870487572,0.1713652100090993,0.3483908911637672,0.05355162812784353,0.1740948028474575,0.16792460628793204,31.083031589468753,32.085073408724305,0.02029240524731735,False,,False,completed_normally,2001,20.0,0,
traj_0955,stall,20260817,53.62626805281247,1068.4532211076437,0.037739048443728426,0.39108531792183016,0.011793452638665134,0.03773904844379505,-0.23380801123143735,53.62626805281247,56.78130533426056,0.7888616993486204,False,,True,validity_envelope_gamma_exceeded,674,6.73,0,
traj_0956,normal,20260817,69.08881715446027,1926.5837512452401,0.008267926619128788,0.5606166664941191,0.002583727068477746,0.028892634064554945,-0.0009433260538248694,62.95101378049961,69.4874075628161,0.14434454182950182,False,,False,completed_normally,2001,20.0,0,
traj_0957,stall,20260817,55.59354393102414,1249.9591811678558,0.032607888205845606,0.4082281298036986,0.010189965064326753,0.032607888205845606,-0.2631176043700518,55.5935439310215,57.79470598661882,0.7917712445282561,False,,True,validity_envelope_gamma_exceeded,387,3.86,0,
traj_0958,normal,20260817,40.334269685715405,862.8291381523467,0.09356098536149884,0.3218658267835589,0.029237807925468387,0.14313153154371672,0.08979528598844139,35.485907397891296,41.556243644964596,0.12131883410281165,False,,False,completed_normally,2001,20.0,0,
traj_0959,boundary,20260817,30.618637416570404,923.955642731289,0.18252694605593292,0.35662139376384216,0.057039670642479036,0.18252694605593292,-0.075463723832772,30.618637416569786,43.755720745328674,0.7862623152621809,False,,True,validity_envelope_gamma_exceeded,655,6.54,0,
traj_0960,normal,20260817,34.25877508079411,1101.6841824130709,0.1412888869643771,0.3304523208880576,0.04415277717636785,0.19880106701313788,0.11589439605421228,27.615512620406356,40.27154663678385,0.18616289264484825,False,,False,completed_normally,2001,20.0,0,
traj_0961,normal,20260817,60.14665388863792,611.9941723306528,0.022575295591462274,0.4532027231939266,0.007054779872331961,0.022871262094796074,-0.005255058252291417,59.697115222621086,71.31018462888967,0.17202147120955155,False,,False,completed_normally,2001,20.0,0,
traj_0962,normal,20260817,57.99832183270856,1174.0070747266136,0.02701956739191701,0.4310966934258293,0.008443614809974067,0.05718486440815289,-0.010177093540369858,50.66171077169649,65.42366220715954,0.18679954045034794,False,,False,completed_normally,2001,20.0,0,
traj_0963,stall,20260817,49.53357865319427,1302.8747061725765,0.05039335105811109,0.36037130997962896,0.015747922205659716,0.052194976648059326,0.04949271041665838,48.66388362671325,49.97872023640452,0.01425000719611937,False,,False,completed_normally,2001,20.0,0,
traj_0964,normal,20260817,52.823182339507255,1505.1314780470027,0.03999702916882382,0.384514183344727,0.012499071615257444,0.04056378092107192,0.03968364985101973,52.49768507603207,53.01287535150126,0.005329560672353014,False,,False,completed_normally,2001,20.0,0,
traj_0965,normal,20260817,53.771033204921615,1286.6653451987515,0.037342537106167355,0.3922966957326695,0.011669542845677299,0.037342537106167355,0.0035595601257573523,53.771033204918545,68.15305899295524,0.21872993929204051,False,,False,completed_normally,2001,20.0,0,
traj_0966,stall,20260817,30.434751604146715,1717.8909809523018,0.18497009882444684,0.3585127281492823,0.05780315588263964,1.369545552647915,0.18497009882444684,29.646794016263424,45.7492082838853,0.7861150034725962,True,5.94,True,validity_envelope_gamma_exceeded,1013,10.120000000000001,0,
traj_0967,normal,20260817,69.8674377587752,1745.6293378019343,0.007272593313827914,0.5710643945433339,0.0022726854105712233,0.037407147353820225,0.007272593313827914,46.9394303531558,69.86743775878291,0.3130271342763322,False,,False,completed_normally,2001,20.0,0,
traj_0968,normal,20260817,68.06292712605551,663.3814124259777,0.009631307478671514,0.5471080731090259,0.0030097835870848484,0.009773175189702532,0.009458250783428282,67.90469228764597,68.25856689807675,0.001861627614986138,False,,False,completed_normally,2001,20.0,0,
traj_0969,boundary,20260817,59.08562668595482,632.2218776186406,0.024710563450165726,0.44209302885583274,0.0077220510781767894,0.13936961612979426,0.02471056345000941,45.34870850676604,59.08562668595482,0.7861350326212867,False,,True,validity_envelope_gamma_exceeded,482,4.8100000000000005,0,
traj_0970,normal,20260817,42.39581421665046,1541.8896950613105,0.0815209516380504,0.32606134884673227,0.02547529738689075,0.08253603482752805,0.07962637352904323,42.06578799496268,43.038923620817826,0.012822718055975114,False,,False,completed_normally,2001,20.0,0,
traj_0971,stall,20260817,68.75617414765094,1028.4529650316708,0.0087033905724638,0.5562043494692419,0.0027198095538949374,0.0087033905724638,-0.22392490010607546,68.75617414765021,70.81722070497808,0.7868539293401646,False,,True,validity_envelope_gamma_exceeded,355,3.54,0,
traj_0972,normal,20260817,72.64458775964302,1781.195068393667,0.003976881769324759,0.6096739620205573,0.0012427755529139872,0.004341508236713707,0.00393812052538661,72.16034269180115,72.70210186434599,0.004907519566932697,False,,False,completed_normally,2001,20.0,0,
traj_0973,normal,20260817,47.82441811199908,1748.1018503838525,0.05663792864631452,0.34972724082361856,0.017699352701973287,0.05663792864643971,-0.003351711947506608,47.82441811199908,70.94443375330376,0.3618007666328531,False,,False,completed_normally,2001,20.0,0,
traj_0974,normal,20260817,58.87425083008706,896.6705248470366,0.025149592175853736,0.439924192332557,0.007859247554954292,0.0600355659494243,-0.007654874039752131,52.60307099808463,62.061248098529816,0.1804787397790072,False,,False,completed_normally,2001,20.0,0,
traj_0975,boundary,20260817,66.85245064974451,996.6177369940356,0.011320518209095933,0.531550033594833,0.003537661940342479,0.011885504715442079,0.011149842727308934,66.25211402999658,67.04428715306621,0.0070252736897830756,False,,False,completed_normally,2001,20.0,0,
traj_0976,normal,20260817,33.532858350150775,576.25927466389,0.1485764800637833,0.3341362571081155,0.046430150019932274,0.19933653862785883,0.13011282430194848,28.967899264974097,37.51688748229482,0.1299266983601339,False,,False,completed_normally,2001,20.0,0,
traj_0977,boundary,20260817,58.9568892267021,1496.3541520681135,0.024977397839980885,0.44077033573481617,0.007805436824994026,0.203794830070419,0.024977397839940824,48.7276915853419,58.9568892267021,0.7873562010575174,False,,True,validity_envelope_gamma_exceeded,814,8.13,0,
traj_0978,normal,20260817,48.74077296201929,1174.756861522649,0.05321057284797562,0.3552630559588384,0.016628304014992382,0.08718415944183877,0.05321057284797562,39.7178311338444,48.74077296202237,0.15798165027833747,False,,False,completed_normally,2001,20.0,0,
traj_0979,boundary,20260817,35.23984004260146,1166.9791363571978,0.13206243581773383,0.3265131101264968,0.04126951119304182,0.6465708958262704,0.12986657708248195,24.824293336141004,35.23984004261156,0.2825011530368029,True,5.59,False,completed_normally,2001,20.0,0,
traj_0980,boundary,20260817,39.17371090624753,567.9631192950177,0.1011341654553937,0.32089275121461874,0.03160442670481053,0.10113416545554663,-0.1181001983124822,39.17371090624753,65.05767249337556,0.7887107800530947,False,,True,validity_envelope_gamma_exceeded,1081,10.8,0,
traj_0981,boundary,20260817,74.67002615448325,1403.8455133773982,0.0017994865338231266,0.6391298092591072,0.0005623395418197271,0.0022849660941724644,0.0016043490465831643,73.97873669205848,74.95306953270187,0.0036850502174042765,False,,False,completed_normally,2001,20.0,0,
traj_0982,normal,20260817,50.315806718104206,1466.9839245348016,0.047739907856983274,0.36569096207925994,0.014918721205307272,0.10934900310191942,0.047739907856983274,34.436683988815915,50.315806718110046,0.2934858248567541,False,,False,completed_normally,2001,20.0,0,
traj_0983,boundary,20260817,71.67236603836585,924.9142217720482,0.005087572245861761,0.5959210006232061,0.0015898663268318002,0.13167075541054207,0.0050875722458252615,53.99014771061868,71.67236603836585,0.7867718436664007,False,,True,validity_envelope_gamma_exceeded,524,5.23,0,
traj_0984,normal,20260817,45.83595136668386,909.088921440532,0.06477123848834468,0.339154373402255,0.020241012027607714,0.06518691740947133,0.06439651425431493,45.67005519014376,45.98995234905895,0.0034972761102291727,False,,False,completed_normally,2001,20.0,0,
traj_0985,stall,20260817,38.81764623199312,1291.425253768207,0.1035847720465401,0.3208123896972762,0.03237024126454378,1.1760793560847451,0.03023996065520619,37.44032960871377,62.360667520759826,0.5218209464744364,True,2.19,False,completed_normally,2001,20.0,0,
traj_0986,boundary,20260817,60.93697869951431,869.8827261336276,0.02105576950224194,0.4617157944919994,0.006579927969450607,0.13638776659258012,0.021055769502102462,46.474194476664245,60.93697869951431,0.7876295937024534,False,,True,validity_envelope_gamma_exceeded,864,8.63,0,
traj_0987,normal,20260817,69.97239883301444,1543.780358857778,0.007140928171263371,0.5724855594949001,0.0022315400535198033,0.007140928171263371,-0.0062382271314809085,69.97239883301124,75.06346649444953,0.07252753412629943,False,,False,completed_normally,2001,20.0,0,
traj_0988,stall,20260817,33.57257539335626,1981.0866395213436,0.14816705307279138,0.3339168617727711,0.0463022040852473,0.14816705307279138,-0.29594099773600746,33.57257539335617,37.58273088199446,0.78771384439395,True,2.38,True,validity_envelope_gamma_exceeded,283,2.82,0,
traj_0989,boundary,20260817,31.00489717810737,1903.3674726640868,0.17752829812369617,0.35284840466873385,0.05547759316365505,0.17752829812370272,0.019848067817617665,26.63278235725651,55.01349673024434,0.6689724748362962,False,,False,completed_normally,2001,20.0,0,
traj_0990,normal,20260817,41.72661261741751,605.3233739705693,0.08524528625122901,0.3243732194002995,0.026639151953509067,0.1368897159309988,0.07825569769177407,33.83032601655021,44.11486185929783,0.16932634052189743,False,,False,completed_normally,2001,20.0,0,
traj_0991,boundary,20260817,30.73027147376353,1036.8324601663078,0.1810640922983567,0.355503444712643,0.056582528843236474,0.1810640922983567,-0.047265491327395326,30.730271473758897,45.081940290880176,0.7861442547884949,False,,True,validity_envelope_gamma_exceeded,789,7.88,0,
traj_0992,normal,20260817,58.42713448464245,825.982566170424,0.02609376780134379,0.43538581990784186,0.008154302437919935,0.05008030566952097,0.02609376780134379,49.33473706212503,58.427134484647894,0.15538208148094337,False,,False,completed_normally,2001,20.0,0,
traj_0993,stall,20260817,33.7971812371407,1428.8612452972714,0.14587536015625394,0.3327155847137326,0.04558605004882936,0.1485077068133275,-0.2273802138146298,33.31783930034491,38.39993254562052,0.7875837400568676,False,,True,validity_envelope_gamma_exceeded,703,7.0200000000000005,0,
traj_0994,normal,20260817,71.97590874513654,1119.6047089745184,0.004736007728566307,0.6001877458966633,0.001480002415176971,0.030854914133180346,0.004736007728566307,64.68103098521902,71.97590874513688,0.10494934463473615,False,,False,completed_normally,2001,20.0,0,
traj_0995,boundary,20260817,42.22503989042144,691.3920629042631,0.08245544923677209,0.32560197575770267,0.025767327886491276,0.08245544923691948,-0.07937041504739384,42.22503989042144,68.00693608227597,0.787670393558604,False,,True,validity_envelope_gamma_exceeded,706,7.05,0,
traj_0996,normal,20260817,30.71233162056534,1867.328265796693,0.18129815991530293,0.3556815768548021,0.05665567497353217,0.2193065342686638,0.16229819645618868,26.950560741253277,34.00599655312026,0.11650273227356346,False,,False,completed_normally,2001,20.0,0,
traj_0997,boundary,20260817,74.10828996045184,1018.0243696711498,0.002385677854608397,0.6308525214219425,0.0007455243295651241,0.0029243875906549673,0.0022372931605587273,73.356953354815,74.3256713465203,0.00740673835858338,False,,False,completed_normally,2001,20.0,0,
traj_0998,normal,20260817,40.7507323993387,1581.4925390987821,0.09098959869629941,0.3224682127201904,0.028434249592593566,0.1693682297024795,0.08511125878602513,28.711277810505667,42.2821281423319,0.28543994152054075,False,,False,completed_normally,2001,20.0,0,
traj_0999,stall,20260817,36.56474118720706,1988.4198801417801,0.1206354180421079,0.32292120536238456,0.03769856813815872,0.1206354180421079,-0.23214173491928825,36.56474118720603,41.4093764925718,0.7855477267657347,False,,True,validity_envelope_gamma_exceeded,356,3.5500000000000003,0,
