trajectory_id,generation_mode,random_seed,initial_airspeed,initial_altitude,initial_alpha,trim_throttle,trim_elevator,maximum_alpha,minimum_alpha,minimum_airspeed,maximum_airspeed,maximum_abs_gamma,whether_stall_occurred,time_of_first_stall,whether_validity_envelope_was_exceeded,termination_reason,n_steps,duration_actual_s,n_sanity_issues,sanity_issues
traj_0000,normal,20260817,68.78192774906715,1811.0736227008274,0.008669453031237,0.5565448567760994,0.0027092040722615624,0.008669453031237,-0.033018513860573695,68.78192774906096,102.10131423351632,0.4371642489948522,False,,False,completed_normally,2001,20.0,0,
traj_0001,normal,20260817,60.09848135276853,1486.9395926027835,0.022669830955446106,0.45269034231768496,0.007084322173576908,0.05818283807703739,0.022669830955415735,44.41938237205215,60.09848135276853,0.23916750025745956,False,,False,completed_normally,2001,20.0,0,
traj_0002,stall,20260817,44.47761110909309,1011.0973196788224,0.07094148394118388,0.3331487936448832,0.022169213731619963,0.9931883217908976,-0.2413795250494445,41.62600782317198,53.39710072112198,0.7921232151051892,True,3.73,True,validity_envelope_gamma_exceeded,1127,11.26,0,
traj_0003,near_boundary,20260817,74.11847633420471,1300.9420861288006,0.0023749303158961932,0.6310018852810406,0.0007421657237175604,0.13456588686833285,0.0023749303158961932,43.68001736656585,74.11847633420867,0.4554530685824478,False,,False,completed_normally,2001,20.0,0,
traj_0004,stall,20260817,66.29826598338902,804.760767621146,0.012124587193873548,0.5245667493752278,0.0037889334980854843,0.9212580789593122,0.012124587193873548,46.13770176472516,66.29826598338902,0.7860788543214221,True,1.94,True,validity_envelope_gamma_exceeded,487,4.86,0,
traj_0005,normal,20260817,42.48380585267969,1285.6435857086472,0.08104361882500968,0.32630556288142515,0.025326130882815528,0.08104361882500968,0.03439778147914968,42.48380585266776,53.834315555115104,0.2265942023491378,False,,False,completed_normally,2001,20.0,0,
traj_0006,normal,20260817,45.37949562347059,535.7375874248528,0.06678532086615144,0.33702132114304567,0.020870412770672322,0.0675865672948785,0.06582525684128736,45.06177390837502,45.75758315809536,0.0067970162537819715,False,,False,completed_normally,2001,20.0,0,
traj_0007,normal,20260817,58.87933492268489,1673.1515170338723,0.025138977782999554,0.439976183059038,0.007855930557187361,0.04345951718946666,0.0037923576094014873,56.75956170814362,60.5436801900126,0.07501436558686056,False,,False,completed_normally,2001,20.0,0,
traj_0008,normal,20260817,66.75012610590942,1048.9036623375941,0.01146749188495495,0.5302540001439873,0.003583591214048422,0.011467491885101218,0.011158516091463852,66.75012610590942,67.081968025501,0.00496403737351329,False,,False,completed_normally,2001,20.0,0,
traj_0009,normal,20260817,58.328302310121224,1208.6623320712781,0.026305362895689643,0.43439173271505893,0.008220425904903014,0.04925921727277224,0.02630536289551578,50.54373902473275,58.328302310121224,0.13269527563213365,False,,False,completed_normally,2001,20.0,0,
traj_0010,stall,20260817,63.0055663171125,1845.8104964587087,0.017342318381390495,0.4849321355208102,0.00541947449418453,0.2648903710945001,0.017342318381390495,54.80716288779131,63.00556631711516,0.786734618686443,False,,True,validity_envelope_gamma_exceeded,323,3.22,0,
traj_0011,normal,20260817,38.1174342780373,1878.846563945559,0.10858957828760452,0.32097022684579374,0.03393424321487641,0.11231921931649919,0.09196922779088615,37.11883747378958,39.70612454382079,0.039866403478293365,False,,False,completed_normally,2001,20.0,0,
traj_0012,normal,20260817,69.90866120799907,1691.044538881343,0.007220811841060256,0.5716221963577531,0.00225650370033133,0.007220811841060256,-0.0350093798191739,69.90866120798628,102.50339334823394,0.5043058881027567,False,,False,completed_normally,2001,20.0,0,
traj_0013,stall,20260817,36.9480770649069,1480.8489389727413,0.11753324431774359,0.3222238211902939,0.03672913884929487,0.8505445965510535,0.09313219080779069,35.60353521094015,43.350122314859355,0.2554501270544382,True,5.94,False,completed_normally,2001,20.0,0,
traj_0014,near_boundary,20260817,37.24352651950885,530.6213077590808,0.11520114485195618,0.3217851585988959,0.03600035776623631,0.11577116185544854,0.11466058539463259,37.10927161053915,37.377353560169446,0.003844045408932459,False,,False,completed_normally,2001,20.0,0,
traj_0015,near_boundary,20260817,47.92572598781018,589.9527054267604,0.056249611386535295,0.3503193527086148,0.017578003558292282,0.3246269695485465,0.022958355599702884,19.133627780632143,68.92952816807258,0.7053498899869838,True,3.0300000000000002,False,completed_normally,2001,20.0,0,
traj_0016,stall,20260817,63.86290726766996,1366.045537977832,0.015906674096433274,0.49494080536732615,0.004970835655135398,1.0105879565427704,0.015906674096433274,31.558089619595084,63.86290726767291,0.5348645018819658,True,6.67,False,completed_normally,2001,20.0,0,
traj_0017,stall,20260817,54.02828457750409,1276.0159253102042,0.03664562366310367,0.3944693158731249,0.011451757394719897,0.9821149200321457,0.03402254597154067,43.5293926375332,55.60192428859363,0.33662587646896036,True,3.33,False,completed_normally,2001,20.0,0,
traj_0018,normal,20260817,63.468929821035815,1529.2301487416983,0.016559267575403595,0.4903138086255594,0.005174771117313623,0.05249799427536185,0.016559267575403595,54.23802293149399,63.46892982103598,0.15506773449644903,False,,False,completed_normally,2001,20.0,0,
traj_0019,normal,20260817,36.60073572759443,1091.2386340236285,0.12034039086866877,0.3228494488156894,0.03760637214645899,0.12267884257754512,0.11696629275181707,36.080469327640884,37.41687539931767,0.023856684316424924,False,,False,completed_normally,2001,20.0,0,
traj_0020,stall,20260817,74.347107028355,1388.2839828933345,0.002134854848290825,0.6343614643425969,0.0006671421400908828,0.002134854848290825,-0.2566313266407749,74.34710702835487,75.13586397906622,0.7914844587731988,False,,True,validity_envelope_gamma_exceeded,281,2.8000000000000003,0,
traj_0021,near_boundary,20260817,35.148651814454205,745.481989731756,0.13289138006441434,0.32683138459935884,0.041528556270129476,0.47099860466501253,0.1092602284518853,28.49754277714515,41.06447777249099,0.19564401623393024,True,3.56,False,completed_normally,2001,20.0,0,
traj_0022,stall,20260817,43.28485890660066,1537.1382737138765,0.07682464939291705,0.32875894405883255,0.02400770293528658,0.07682464939291705,-0.29459211513423433,43.28485890659983,46.135181466083246,0.7898511183852834,True,2.06,True,validity_envelope_gamma_exceeded,250,2.49,0,
traj_0023,normal,20260817,36.396408869970514,1113.2243254059354,0.12202559877665012,0.32327431307078863,0.03813299961770316,0.1708986229336354,0.10566954231811515,31.305839477770594,40.69155147397993,0.13717550280415414,False,,False,completed_normally,2001,20.0,0,
traj_0024,normal,20260817,39.98261722589599,637.236554280875,0.09579094492932891,0.3214593018495227,0.029934670290415282,0.0974879627249039,0.09388601123506504,39.50875291010585,40.54765949605565,0.011469811970565544,False,,False,completed_normally,2001,20.0,0,
traj_0025,normal,20260817,70.7695042518857,1853.6772665575575,0.006159875571616943,0.5833766229608615,0.0019249611161302946,0.006159875571616943,-0.020211431546113684,70.76950425187748,83.60707507315632,0.17304813078714135,False,,False,completed_normally,2001,20.0,0,
traj_0026,normal,20260817,41.64896829275536,704.5353477523523,0.08568842774136143,0.3241970663983703,0.026777633669175446,0.08757270283618813,0.06875902893008695,40.948888279428076,44.04319960925219,0.054033937691632984,False,,False,completed_normally,2001,20.0,0,
traj_0027,stall,20260817,73.65654261865402,1276.3580781704268,0.0028667630859485786,0.6242558664072023,0.0008958634643589309,0.28422085556217247,0.002866763085805041,65.23837192171233,73.65654261865402,0.7934267283830966,True,5.3,True,validity_envelope_gamma_exceeded,540,5.39,0,
traj_0028,normal,20260817,37.2555234876304,813.9203621125358,0.11510750847882975,0.32176912934785845,0.0359710963996343,0.11510750847882975,0.039024666413363995,37.25552348762576,51.49784274054733,0.3018930902514548,False,,False,completed_normally,2001,20.0,0,
traj_0029,stall,20260817,36.37784129683433,1145.9838997325514,0.12218000181685251,0.32331504198735905,0.03818125056776641,0.9979627664263828,-0.1864127978843978,36.09920058704536,51.318847223927335,0.7902108564150592,True,6.67,True,validity_envelope_gamma_exceeded,1344,13.43,0,
traj_0030,normal,20260817,71.28783966300388,1999.9778648315546,0.005539332991503438,0.5905514705757231,0.0017310415598448244,0.005539332991504959,-0.03077341776566317,71.28783966300388,98.72725979859945,0.3555088796318762,False,,False,completed_normally,2001,20.0,0,
traj_0031,stall,20260817,73.29172241945133,1398.30499061771,0.003261725053157352,0.6189677392288826,0.0010192890791116723,0.5986217500654523,0.003261725053064046,64.44644831125265,73.29172241945133,0.787287265123435,True,6.26,True,validity_envelope_gamma_exceeded,706,7.05,0,
traj_0032,normal,20260817,71.33706163951199,1545.4241783559153,0.0054811005802545484,0.5912365830269642,0.0017128439313295464,0.005838394300810953,0.005154522007790811,70.88514780591032,71.75695456048662,0.002761156392557788,False,,False,completed_normally,2001,20.0,0,
traj_0033,normal,20260817,61.4370351516656,1597.0000201072726,0.020124068828353946,0.4672052701050086,0.0062887715088606085,0.020124068828353946,-0.017616583621871434,61.43703515166509,78.64278778320325,0.25958044958370874,False,,False,completed_normally,2001,20.0,0,
traj_0034,normal,20260817,63.14719393774426,1824.2239084572243,0.017101170734100685,0.48657011288065405,0.005344115854406464,0.017368913593041255,0.016940791769095628,62.900718554085834,63.29663047327935,0.0016314356551537408,False,,False,completed_normally,2001,20.0,0,
traj_0035,normal,20260817,45.02098931766573,1221.4454891775486,0.06840870928963694,0.33542676223195605,0.021377721653011543,0.06994983584406854,0.016443401361467685,44.42247526521106,54.51485295976875,0.20513501712091725,False,,False,completed_normally,2001,20.0,0,
traj_0036,normal,20260817,68.7520628492307,1567.3817823431739,0.008708811846518755,0.556150008073249,0.002721503702037111,0.008708811846518755,-0.015722274719308718,68.75206284922264,81.47289103165666,0.17848484669558617,False,,False,completed_normally,2001,20.0,0,
traj_0037,normal,20260817,50.33092445976087,1899.9415921842988,0.0476898111704057,0.3657964470224642,0.014903065990751783,0.04768981117049082,-0.00040611917033875344,50.33092445976087,64.21708255980634,0.24963168767197846,False,,False,completed_normally,2001,20.0,0,
traj_0038,normal,20260817,30.22504346614533,1946.7973477823323,0.1878091665099092,0.36074682810385206,0.058690364534346624,0.2539985300396085,0.16118114540649198,25.035553860056677,34.841335397245984,0.1656589941904321,False,,False,completed_normally,2001,20.0,0,
traj_0039,near_boundary,20260817,56.68066606694443,529.7337703034187,0.02999489928983649,0.41831325376254697,0.009373406028073903,0.17872356981047025,0.029682002949812138,38.314497047063895,56.94582965958989,0.3504367556769275,False,,False,completed_normally,2001,20.0,0,
traj_0040,near_boundary,20260817,51.718063053254454,1101.4772726151143,0.04327414229868702,0.37589442649408733,0.013523169468339693,0.19996462392548395,0.029191616023827693,30.630728276330757,59.95681878182718,0.4482306561712114,False,,False,completed_normally,2001,20.0,0,
traj_0041,normal,20260817,32.40820244759433,912.3835897250906,0.16071954639988387,0.3412600866820798,0.05022485824996371,0.21342848275315457,0.1461452886700102,29.64730695007145,34.53737913412945,0.11561051393114367,False,,False,completed_normally,2001,20.0,0,
traj_0042,near_boundary,20260817,59.43330518304185,1718.4023563582114,0.023998448833792634,0.4456926876678624,0.007499515260560198,0.023998456306677747,-0.13156094687213107,59.43282533287387,88.69685198594846,0.4688594763120946,False,,False,completed_normally,2001,20.0,0,
traj_0043,normal,20260817,48.72070623406558,1076.7528445737867,0.053283620118780475,0.35513754746550696,0.016651131287118898,0.05428444114642014,0.05242300807406468,48.25604059786573,49.135271839100255,0.008084058628227284,False,,False,completed_normally,2001,20.0,0,
traj_0044,near_boundary,20260817,54.88129996657428,1407.9365665768617,0.03440315407557012,0.4018538844586962,0.010750985648615662,0.20628751002304055,0.03440315407539177,35.165912500345584,54.88129996657428,0.39165601101857805,False,,False,completed_normally,2001,20.0,0,
traj_0045,normal,20260817,57.908451147131174,1553.5710592658015,0.02721616789711487,0.4302057166070305,0.008505052467848398,0.027598177549279443,0.026616658575810543,57.629119550044,58.3552002263707,0.003983364205457557,False,,False,completed_normally,2001,20.0,0,
traj_0046,normal,20260817,50.268880958970506,1871.6287616236423,0.047895689836176265,0.3653641743005836,0.014967403073805082,0.09045519195613062,0.047895689836176265,41.00475558645263,50.268880958979096,0.17397185652751343,False,,False,completed_normally,2001,20.0,0,
traj_0047,stall,20260817,53.77822728124454,888.5005849450436,0.037322914406015956,0.39235710660574247,0.011663410751879986,0.037322914406086496,-0.4130641713908406,53.77822728124454,55.78375212447586,0.7876396307952372,True,4.41,True,validity_envelope_gamma_exceeded,502,5.01,0,
traj_0048,near_boundary,20260817,59.52503582303353,1387.1551114618399,0.02381261357623529,0.44664907209525195,0.007441441742573527,0.024040575142987387,0.023726997311884435,59.34622205810162,59.59598794729917,0.0023501096196941415,False,,False,completed_normally,2001,20.0,0,
traj_0049,near_boundary,20260817,55.53714569159026,1524.2111331033784,0.032747575032315054,0.4077165866146001,0.010233617197598454,0.03294785430058585,0.03248081405143313,55.402603875738215,55.713543981502774,0.0026760958087610905,False,,False,completed_normally,2001,20.0,0,
traj_0050,normal,20260817,43.58508207412295,1938.640202374369,0.0753002619271256,0.3297826956888231,0.023531331852226754,0.11931971889936036,0.07324109081520165,35.756354505454674,44.32828410670961,0.17773657037481166,False,,False,completed_normally,2001,20.0,0,
traj_0051,near_boundary,20260817,60.6424509844418,1824.6526425093361,0.021615200938990633,0.45851979862292574,0.006754750293434573,0.021990873606571162,0.021453422169450093,60.33255344767888,60.7822733947716,0.004073104554269956,False,,False,completed_normally,2001,20.0,0,
traj_0052,stall,20260817,39.58659603740479,1242.612343585691,0.09836884016889333,0.3211165661632778,0.030740262552779164,0.0983688401689808,-0.38625654228531225,39.58659603740479,43.130829165148185,0.7892567390642585,True,2.22,True,validity_envelope_gamma_exceeded,285,2.84,0,
traj_0053,near_boundary,20260817,72.17452435323237,1375.8896351605279,0.004508344012028407,0.6029929448770924,0.0014088575037588772,0.004508344012028407,-0.14406096723969664,72.17452435321829,108.7276316561408,0.48887018441283775,False,,False,completed_normally,2001,20.0,0,
traj_0054,stall,20260817,72.19921641737717,1403.9745433090836,0.00448017063410266,0.6033424268279804,0.001400053323157081,0.4447386508264386,0.004480170634086596,63.98968181895425,72.19921641737717,0.7864765133373026,True,3.49,True,validity_envelope_gamma_exceeded,408,4.07,0,
traj_0055,normal,20260817,54.562577168688705,1080.4520455756278,0.03522896529810779,0.39906253001828196,0.011009051655658684,0.035228965298278694,0.004462583807155911,54.56202701769629,59.331887498488705,0.08720778643115557,False,,False,completed_normally,2001,20.0,0,
traj_0056,normal,20260817,44.57387574330601,1411.9383677110097,0.07048629174221033,0.3335399791169984,0.022026966169440727,0.08911691154249253,0.032540357061879924,43.14057403866291,48.05426954264123,0.0812399155746446,False,,False,completed_normally,2001,20.0,0,
traj_0057,stall,20260817,63.09445908444488,1945.0262014426007,0.017190774366999236,0.4859594988264749,0.0053721169896872615,1.0730205286308747,-0.7254712255886222,40.484557185963695,63.09445908446821,0.7866129198372547,True,5.57,True,validity_envelope_gamma_exceeded,1401,14.0,0,
traj_0058,near_boundary,20260817,56.082743952216816,988.05739966144,0.0314135648604459,0.4127137961233781,0.009816739018889343,0.03141356486047766,-0.12497579339014472,56.082743952216816,87.49657722511522,0.5198398813092586,False,,False,completed_normally,2001,20.0,0,
traj_0059,normal,20260817,59.46364108024058,986.2136299788211,0.02393689813559032,0.4460086632019456,0.007480280667371974,0.02393689813560866,-0.023754659605671594,59.46364108024058,72.8331288081729,0.21752891114082729,False,,False,completed_normally,2001,20.0,0,
traj_0060,near_boundary,20260817,42.12922846645523,1189.7253475273715,0.08298446347545071,0.3253527498744594,0.02593264483607835,0.08819271042994581,-0.1643800001526686,38.15146688958775,63.82903929854499,0.4836465040281459,False,,False,completed_normally,2001,20.0,0,
traj_0061,near_boundary,20260817,61.26088828103786,554.7039801396353,0.02044969707222542,0.46526254032129105,0.006390530335070444,0.02044969707222542,-0.16621902802365995,61.26088828103643,99.88590374211797,0.5923933769327093,False,,False,completed_normally,2001,20.0,0,
traj_0062,near_boundary,20260817,44.47442588919496,1951.952910310689,0.07095659387867978,0.3331359420711641,0.022173935587087433,0.24074484383483155,0.046671930725669386,30.2810915100771,56.15014152411074,0.33947340718005836,False,,False,completed_normally,2001,20.0,0,
traj_0063,normal,20260817,40.06492033680587,1077.778301061102,0.09526411414602032,0.3215459303092292,0.02977003567063135,0.09526411414602032,0.01848139310053898,40.0649203368049,56.773921943733285,0.3049975872890011,False,,False,completed_normally,2001,20.0,0,
traj_0064,normal,20260817,51.159277322618244,1791.7686118203778,0.0450107601114072,0.37172798252049155,0.01406586253481475,0.045010760111501756,-0.0007027982654529696,51.159277322618244,68.6571588507178,0.2742387764041514,False,,False,completed_normally,2001,20.0,0,
traj_0065,normal,20260817,54.45718242690475,666.582938383881,0.035505179358653674,0.3981478942498496,0.011095368549579274,0.03572167768596561,0.035159843449518134,54.31750979904283,54.673977360543304,0.0032936813251444705,False,,False,completed_normally,2001,20.0,0,
traj_0066,near_boundary,20260817,70.94972601400686,1859.890736348607,0.0059425894802416215,0.5858630180816841,0.0018570592125755068,0.0059425894802416215,-0.17403533841833102,70.94972601400335,113.44895174354424,0.5781568829087119,False,,False,completed_normally,2001,20.0,0,
traj_0067,normal,20260817,53.35543434236509,647.2909750405105,0.03848937546130233,0.38884091183256336,0.012027929831656979,0.03848937546130233,0.01196084309671304,53.355434342362976,59.36545382277653,0.10723326261452078,False,,False,completed_normally,2001,20.0,0,
traj_0068,normal,20260817,48.228659167176296,1056.904268588289,0.05510259129071596,0.3521196468205414,0.017219559778348735,0.055102591290753594,0.035913615479289424,48.228659167176296,49.8530521420554,0.0369571839705291,False,,False,completed_normally,2001,20.0,0,
traj_0069,normal,20260817,60.016922413488736,1930.6860353485977,0.022830396845578665,0.45182456965727014,0.007134499014243333,0.02310074108307706,0.02275614372406418,59.79991345632014,60.080899930269126,0.0028528112997068165,False,,False,completed_normally,2001,20.0,0,
traj_0070,near_boundary,20260817,55.69526508790274,1808.2320311072365,0.03235699926038743,0.409153696157365,0.010111562268871072,0.1902816729596301,0.03235699926038743,27.524086681843947,55.69526508792643,0.5710065951342148,False,,False,completed_normally,2001,20.0,0,
traj_0071,stall,20260817,54.79670356726993,1802.4344569420082,0.034620965003757234,0.401109283546207,0.010819051563674135,0.03562819871555463,0.03307081346043595,54.13625025463782,55.79908620731542,0.017585520121217172,False,,False,completed_normally,2001,20.0,0,
traj_0072,stall,20260817,71.71847544867141,1005.1610330041462,0.0050338832385663675,0.596567544312392,0.0015730885120519898,0.005161357084603287,0.004500707114075744,71.54511400836569,72.41502174330155,0.0069178856522111865,False,,False,completed_normally,2001,20.0,0,
traj_0073,normal,20260817,63.34922339116512,1443.2826533178347,0.016759938038325047,0.48891723898863115,0.005237480636976577,0.057459373570631495,-0.018141090057620605,60.09869042739574,69.8676755446853,0.137692411119929,False,,False,completed_normally,2001,20.0,0,
traj_0074,stall,20260817,35.451766357190486,1869.2708387163711,0.1301577660690513,0.3258099495741133,0.04067430189657854,0.13465916559368202,0.12675718194782484,34.48882277867268,36.172612068861135,0.029376199084412146,False,,False,completed_normally,2001,20.0,0,
traj_0075,normal,20260817,31.191108614128584,1317.247066519215,0.17517987868917717,0.35112349150332123,0.054743712090367866,0.2287648993396015,0.16349747709511273,28.651643504078567,33.22206028105417,0.07695691597455145,False,,False,completed_normally,2001,20.0,0,
traj_0076,normal,20260817,68.2409700662813,1908.8351162404197,0.009390323234492813,0.5494313714441351,0.002934476010779004,0.009390323234492813,0.00888588083389276,68.24097006624973,68.81782434014401,0.007343275627297877,False,,False,completed_normally,2001,20.0,0,
traj_0077,normal,20260817,68.25027876264414,1307.1464724190707,0.009377775053183185,0.5495530863397668,0.0029305547041197453,0.009428593001670708,0.008998692663321907,68.18626343837076,68.6830516554728,0.004715252100995444,False,,False,completed_normally,2001,20.0,0,
traj_0078,normal,20260817,61.49591440628137,1664.0966679786409,0.020015838788398698,0.4678568353712147,0.006254949621374593,0.020015838788398698,0.0010079938960751572,61.49591440628105,69.52086225512767,0.12620804713970368,False,,False,completed_normally,2001,20.0,0,
traj_0079,normal,20260817,50.15688047870234,1316.548340897089,0.04826922889211524,0.3645881296358614,0.015084134028786013,0.049162699662443896,0.04688175644553673,49.709410406904176,50.87815793128901,0.010697549743377359,False,,False,completed_normally,2001,20.0,0,
traj_0080,stall,20260817,42.26266830897722,1374.5961825807683,0.08224861916487097,0.3257015312327263,0.02570269348902218,1.0539736880197799,0.03147517907071817,37.50653381551,61.86033026300425,0.5108849120015602,True,2.7800000000000002,False,completed_normally,2001,20.0,0,
traj_0081,near_boundary,20260817,64.20541607645403,1993.7757962849141,0.01534895131380903,0.4990012944987185,0.004796547285565322,0.015395738935809995,0.014851865600891918,64.15206214267141,64.68918047998932,0.005678455669437846,False,,False,completed_normally,2001,20.0,0,
traj_0082,near_boundary,20260817,68.06634247300198,1941.0179726934543,0.00962666713938077,0.5471525564615871,0.0030083334810564904,0.009779298857464511,0.00959947930408352,67.89536352739573,68.09925254750738,0.0018332997072694286,False,,False,completed_normally,2001,20.0,0,
traj_0083,stall,20260817,39.19963534712163,1983.0572898090893,0.1009581491359424,0.32090271606767695,0.031549421604981996,0.8586757397564675,-0.42764628331420806,37.13770910325199,41.95386499148968,0.7886865123020375,True,2.9,True,validity_envelope_gamma_exceeded,734,7.33,0,
traj_0084,normal,20260817,39.542186664040145,696.9354858347766,0.09866242171268477,0.32108588062382454,0.030832006785213993,0.10001553211564503,0.09740515009328769,39.17430677041225,39.904984873964864,0.009756986081598442,False,,False,completed_normally,2001,20.0,0,
traj_0085,normal,20260817,65.55330006394125,816.3745542931675,0.013237390122619094,0.515319312053559,0.004136684413318466,0.02319206865532475,-0.018280948331239097,65.55330006393638,72.59038125712732,0.1620418605568643,False,,False,completed_normally,2001,20.0,0,
traj_0086,normal,20260817,66.11989710624445,876.3434619749821,0.012387645459188069,0.5223379514400439,0.0038711392059962717,0.012829603399124615,0.01222265007265198,65.66309998689496,66.2983489956705,0.005185165796197159,False,,False,completed_normally,2001,20.0,0,
traj_0087,normal,20260817,39.34743424828343,1437.876982829166,0.09996080354100484,0.32097005272868556,0.031237751106564012,0.09996080354109241,0.044138282731905704,39.34743424828343,48.77980903667497,0.20840531704290283,False,,False,completed_normally,2001,20.0,0,
traj_0088,near_boundary,20260817,68.41794508766553,1090.9018139762932,0.009152626723408348,0.5517495496260699,0.002860195851065109,0.1713857638626337,0.00915262672332712,34.1918216244841,68.41794508766553,0.5682486675219002,False,,False,completed_normally,2001,20.0,0,
traj_0089,near_boundary,20260817,59.116664930343944,864.0237276322209,0.02464648726573344,0.44241275161605664,0.0077020272705417,0.16785163155084892,0.02452577823277102,30.615081678432624,59.23361001022866,0.5407956175106295,False,,False,completed_normally,2001,20.0,0,
traj_0090,normal,20260817,33.94016083095132,1195.3173310147029,0.14443718447466117,0.33198532737187736,0.04513662014833161,0.14596470141085402,0.1428221591710213,33.65699497036414,34.26368897717827,0.010317290389788595,False,,False,completed_normally,2001,20.0,0,
traj_0091,near_boundary,20260817,39.137254929200786,1785.9220372312893,0.10138223446475544,0.3208796754007412,0.03168194827023608,0.5301752876006454,0.07340269229143674,27.783368811901557,48.83379867589235,0.29772149777252177,True,3.17,False,completed_normally,2001,20.0,0,
traj_0092,normal,20260817,30.236323796096773,1780.4376970593312,0.18765497595741581,0.3606245303889609,0.05864217998669244,0.2104288245254436,0.14243179135911094,27.140230229223114,33.515408767491415,0.11505335964209,False,,False,completed_normally,2001,20.0,0,
traj_0093,near_boundary,20260817,71.41745000286076,1791.9233069373356,0.005386252784301099,0.5923569003991596,0.0016832039950940936,0.21936380963104507,0.005386252784214935,63.33474056564972,71.41745000286076,0.7906760447079804,False,,True,validity_envelope_gamma_exceeded,281,2.8000000000000003,0,
traj_0094,near_boundary,20260817,64.6810223705197,1582.8116482072553,0.014588970070536188,0.5046977993734446,0.004559053147042559,0.14562096951433443,0.014588970070495809,35.21564638027085,64.6810223705197,0.5072209231475902,False,,False,completed_normally,2001,20.0,0,
traj_0095,normal,20260817,73.42923539937946,1406.2778793740797,0.0031121656754543097,0.6209568922893516,0.0009725517735794717,0.0032137124441905035,0.0026504960043518795,73.28428463975779,74.07153236116588,0.004610218874321931,False,,False,completed_normally,2001,20.0,0,
traj_0096,normal,20260817,62.79648909171573,1823.1658986227746,0.01770126066670907,0.48252528898941827,0.0055316439583465845,0.01770126066670907,0.0054810297583629194,62.796489091703776,68.31307188902211,0.08380556602036002,False,,False,completed_normally,2001,20.0,0,
traj_0097,normal,20260817,55.45407391455881,1071.50534095997,0.032954089823341956,0.4069652286758397,0.010298153069794362,0.032954089823491066,-0.0018632893472018686,55.45407391455881,65.41619749282407,0.1720766930248579,False,,False,completed_normally,2001,20.0,0,
traj_0098,near_boundary,20260817,30.51612621229338,1728.7274853774097,0.18388371197324163,0.35766804810074476,0.05746365999163801,0.7613836371476299,0.15974313684009184,27.789391789840597,34.748330198938625,0.17737236384319105,True,6.140000000000001,False,completed_normally,2001,20.0,0,
traj_0099,normal,20260817,61.168821901729785,1558.1343442686436,0.020620998101905735,0.46425104325515604,0.006444061906845542,0.021055841853117596,0.020620998101905735,60.80150407024618,61.16882190176903,0.005517983201682373,False,,False,completed_normally,2001,20.0,0,
traj_0100,near_boundary,20260817,39.083244878674165,981.6526164254234,0.101750933355747,0.3208623227846744,0.03179716667367094,0.36258307362531733,0.0701269402169262,25.923560504672277,50.316245960150816,0.3635398531867482,True,3.79,False,completed_normally,2001,20.0,0,
traj_0101,stall,20260817,45.741180056975665,1675.0967837869275,0.06518463684381473,0.33870214541778015,0.020370199013692105,0.06518463684381473,-0.26348597792886386,45.74118005696957,48.71492410328199,0.788965412401673,False,,True,validity_envelope_gamma_exceeded,450,4.49,0,
traj_0102,stall,20260817,36.53761218294113,1072.0048272552356,0.12085829770368939,0.3229761574225816,0.037768218032402934,1.1758789182380807,-0.1868093077073888,35.977187081867086,54.71172563628895,0.7888362467822702,True,4.49,True,validity_envelope_gamma_exceeded,1095,10.94,0,
traj_0103,stall,20260817,65.08773799297329,1085.6555081389133,0.013952087407910072,0.5096224041366071,0.004360027314971898,0.013952087407953506,-0.24106215585238244,65.08773799297329,66.84002153864625,0.7925739647595524,False,,True,validity_envelope_gamma_exceeded,209,2.08,0,
traj_0104,near_boundary,20260817,45.0714300933617,1553.890513568962,0.06817804967013633,0.33564675684329615,0.021305640521917604,0.06817804967025835,-0.153253290548804,45.0714300933617,67.50159959881182,0.4680235876245007,False,,False,completed_normally,2001,20.0,0,
traj_0105,normal,20260817,62.88455256051544,1491.7264199507135,0.017549642979701293,0.48353742222997526,0.005484263431156653,0.03809856453122859,0.017549642979701293,58.24265690261547,62.88455256051816,0.07100210825030373,False,,False,completed_normally,2001,20.0,0,
traj_0106,stall,20260817,48.84420375685138,1876.1383404003736,0.05283544954846284,0.35591296507310205,0.01651107798389464,0.052835449548545604,-0.31215008828778135,48.84420375685138,51.13966577031707,0.7872981895514611,True,6.76,True,validity_envelope_gamma_exceeded,722,7.21,0,
traj_0107,near_boundary,20260817,73.19259085463997,1546.0722426882076,0.0033700590904186577,0.6175368777866553,0.0010531434657558305,0.18520309561699277,0.0033700590904186577,27.60678399811315,73.19259085463997,0.7433828218111769,False,,False,completed_normally,2001,20.0,0,
traj_0108,normal,20260817,58.88286466366176,860.0021554585818,0.025131610105299424,0.4400122838239706,0.00785362815790607,0.02575967738043372,0.02477140456392815,58.40404291196323,59.163511378750414,0.004435194580313724,False,,False,completed_normally,2001,20.0,0,
traj_0109,near_boundary,20260817,58.66614365033633,1256.5419694920647,0.02558640695574854,0.4378034819790722,0.007995752173671418,0.24816027671555368,0.02558640695560046,25.126033138349136,58.66614365033633,0.6673033275124962,False,,False,completed_normally,2001,20.0,0,
traj_0110,normal,20260817,62.07201734140407,1525.72160816902,0.018972849413967093,0.4742894743023025,0.005929015441864717,0.05150386188758188,0.018972849413967093,44.93884241940902,62.072017341420185,0.25388748756108864,False,,False,completed_normally,2001,20.0,0,
traj_0111,normal,20260817,47.275870308228235,1676.0652204610778,0.058782731406475414,0.3466090534624618,0.018369603564523565,0.058782731406475414,0.013248292574548154,47.275870308228235,59.36793314019041,0.22795631026886398,False,,False,completed_normally,2001,20.0,0,
traj_0112,near_boundary,20260817,69.28820028292523,1472.7276874239717,0.008009883464937136,0.5632760896725266,0.0025030885827928553,0.00800988346500898,-0.15898210716699496,69.28820028292523,109.16296704903458,0.5538807890789568,False,,False,completed_normally,2001,20.0,0,
traj_0113,stall,20260817,42.89417289886265,1834.8106556307328,0.07885421645376312,0.32751112078961925,0.024641942641800973,1.1858237697425447,0.043666520996716335,40.65471193060938,57.450962872653996,0.4345597795188706,True,2.67,False,completed_normally,2001,20.0,0,
traj_0114,normal,20260817,61.37853429958643,1566.6193634304598,0.020231907811143823,0.46655897514122924,0.006322471190982444,0.042648230230841716,0.02023190781103552,52.92638678072446,61.37853429958643,0.1386725293314343,False,,False,completed_normally,2001,20.0,0,
traj_0115,stall,20260817,31.226915536613227,1396.824012461443,0.17473270375759198,0.350798656943544,0.05460396992424749,0.17473270375763242,-0.312398749781609,31.226915536613227,35.50759174463438,0.7879203030412978,True,3.16,True,validity_envelope_gamma_exceeded,371,3.7,0,
traj_0116,normal,20260817,56.78993513842533,1579.513444226273,0.02974039239209127,0.4193502803778424,0.009293872622528522,0.02974039239209127,0.01752242476738823,56.78993513842224,59.09256959435915,0.03981043307165875,False,,False,completed_normally,2001,20.0,0,
traj_0117,normal,20260817,39.755359842959976,590.325159576641,0.0972615060008995,0.32124750753383546,0.030394220625281094,0.09927261471283765,0.09566714283350784,39.183508547571876,40.203653000556116,0.012643301050708317,False,,False,completed_normally,2001,20.0,0,
traj_0118,near_boundary,20260817,36.95524407095108,1591.9641712477917,0.11747607301059804,0.3222121730007562,0.036711272815811886,0.14707719111096024,-0.1364726037145732,29.649531434791463,52.284486615171275,0.39570978906961973,False,,False,completed_normally,2001,20.0,0,
traj_0119,normal,20260817,32.95820201431615,1307.8300821386874,0.15464545597874543,0.3375517614067058,0.04832670499335795,0.1926052553125231,0.12089634498775068,29.790847048422762,36.79548210068186,0.12497256122043997,False,,False,completed_normally,2001,20.0,0,
traj_0120,normal,20260817,34.89372697817966,1473.8537906734377,0.13523928779965796,0.3277721784552379,0.042262277437393116,0.1448922489302029,0.09954149572474681,32.65991264445778,39.8396114795631,0.12555002331074316,False,,False,completed_normally,2001,20.0,0,
traj_0121,stall,20260817,33.95417321654679,1012.1380657938674,0.14429709338033844,0.3319151844101921,0.045092841681355765,0.14980233054125125,0.138236010349671,32.95524437500772,35.20066798722995,0.03960668234350217,False,,False,completed_normally,2001,20.0,0,
traj_0122,normal,20260817,42.20331439731398,894.3155898968902,0.08257510538737461,0.3255449252130917,0.025804720433554567,0.13637832782525705,0.0813377755437808,33.97752340558497,42.59112134442205,0.19010728362315438,False,,False,completed_normally,2001,20.0,0,
traj_0123,stall,20260817,55.439912701603426,1932.702437449539,0.032989385335392675,0.4068373972648335,0.010309182917310212,1.015077564789342,0.02871159649179017,41.66672630669943,58.12270565813982,0.41827924037045106,True,4.05,False,completed_normally,2001,20.0,0,
traj_0124,normal,20260817,33.148292196070024,635.4335075675232,0.1526074003056698,0.3363713140007269,0.04768981259552182,0.17841948678182143,0.13971226468168066,30.138742597421544,35.75273991725716,0.08459205956190034,False,,False,completed_normally,2001,20.0,0,
traj_0125,stall,20260817,43.22236742853986,610.9992082237176,0.07714576578109625,0.32855289068050264,0.024108051806592576,0.07714576578109625,-0.20748080711080852,43.22236742853891,47.927766650499315,0.7902990547615716,False,,True,validity_envelope_gamma_exceeded,428,4.2700000000000005,0,
traj_0126,stall,20260817,51.07882048827208,1393.6172414203213,0.04526540406003859,0.3711389306076468,0.014145438768762059,1.0615887467273197,0.034331977804646,31.85890081782251,51.0788204882771,0.3591928179496006,True,4.55,False,completed_normally,2001,20.0,0,
traj_0127,stall,20260817,58.63484929190809,1374.5952672192475,0.025652490066333095,0.43748583424145937,0.008016403145729092,0.025652490066333095,-0.24967094835958548,58.634849291907905,60.973461588820605,0.7892857050290815,False,,True,validity_envelope_gamma_exceeded,266,2.65,0,
traj_0128,near_boundary,20260817,72.4984353685042,1388.214864594945,0.004141027944481772,0.6075903894087671,0.0012940712326505537,0.0043072034177872075,0.004132644347511467,72.2791537958511,72.51209719388467,0.002065690963271899,False,,False,completed_normally,2001,20.0,0,
traj_0129,normal,20260817,67.86537738709404,1184.1758143224383,0.009900893504594992,0.5445406660059235,0.003094029220185935,0.028465301943786214,-0.03289993552183776,67.86537738708135,76.9654821020215,0.24562424367753516,False,,False,completed_normally,2001,20.0,0,
traj_0130,stall,20260817,66.50530151029572,649.420781258984,0.011821871931545748,0.5271652687843124,0.0036943349786080462,0.01230229501625524,0.010752770497121424,66.00167023847258,67.661034828,0.009597382380026533,False,,False,completed_normally,2001,20.0,0,
traj_0131,normal,20260817,51.306876084255194,1596.913836172034,0.0445466530012026,0.3728157444494357,0.013920829062875813,0.04454665300131419,0.010290105877698755,51.306876084255194,59.07851898679891,0.14199967013970402,False,,False,completed_normally,2001,20.0,0,
traj_0132,normal,20260817,36.47585903537354,803.9589592638381,0.12136730124369463,0.3231040397849139,0.03792728163865457,0.12293614558632265,0.11989208275368167,36.12782631171962,36.8255390864623,0.010276150128169386,False,,False,completed_normally,2001,20.0,0,
traj_0133,normal,20260817,59.40341070251705,819.9127420711092,0.0240591948475959,0.44538160675395444,0.007518498389873719,0.024205094616675468,0.023961148147453936,59.28899996121238,59.48222651193919,0.0015500760829626227,False,,False,completed_normally,2001,20.0,0,
traj_0134,normal,20260817,31.051421831292288,1804.2237871980315,0.1769379086021884,0.35241179957188284,0.05529309643818387,0.28037615684479505,0.1526541451707942,24.780925201543234,35.58224272284824,0.1948239948237914,False,,False,completed_normally,2001,20.0,0,
traj_0135,normal,20260817,51.6337487779485,989.2503984259484,0.04353265145138041,0.37525737535870557,0.013603953578556378,0.04353265145138041,-0.003363199732153599,51.63374877793697,71.12307850148197,0.2503380688735067,False,,False,completed_normally,2001,20.0,0,
traj_0136,normal,20260817,73.78596407363919,575.3532465226066,0.0027280414706528726,0.6261402711834749,0.0008525129595790227,0.0027280414706528726,0.0023426113901355784,73.78596407361711,74.32751685035763,0.005130896067493244,False,,False,completed_normally,2001,20.0,0,
traj_0137,near_boundary,20260817,30.415191271193883,511.63753877896215,0.18523249282635698,0.358717606778843,0.05788515400823655,0.7698398164135056,0.16027627875587286,27.237982809674726,34.77260482766724,0.17969874895720928,True,5.8,False,completed_normally,2001,20.0,0,
traj_0138,normal,20260817,64.82021315096986,725.7237854321487,0.014369675056775128,0.50637764902007,0.004490523455242227,0.014369675056775128,-0.011793548123778641,64.82021315095666,82.03523675337283,0.22610644682210448,False,,False,completed_normally,2001,20.0,0,
traj_0139,normal,20260817,53.05880054220289,1309.608660769711,0.03932413409144318,0.38641571294200056,0.012288791903575994,0.04003907300298357,0.039152286069912494,52.64614604218857,53.172978695303705,0.009112737293955668,False,,False,completed_normally,2001,20.0,0,
traj_0140,normal,20260817,44.43865122462359,1986.9921780466225,0.07112651455377536,0.3329920061534784,0.0222270357980548,0.07273433886130735,0.04192366080706224,43.47494263547565,50.83450866057868,0.12437278007919186,False,,False,completed_normally,2001,20.0,0,
traj_0141,normal,20260817,41.15830391181059,1233.1056888373853,0.08854371778013861,0.3231812817372002,0.02766991180629332,0.13768724607744406,0.08552041475443434,35.25543165246857,42.176693644599965,0.1429899874495794,False,,False,completed_normally,2001,20.0,0,
traj_0142,stall,20260817,62.96918679204395,1983.6400938988172,0.017404520873538838,0.48451238151772213,0.0054389127729808865,0.017404520873538838,-0.2252392045125048,62.9691867920439,65.98971901074151,0.7861001237080766,False,,True,validity_envelope_gamma_exceeded,342,3.41,0,
traj_0143,stall,20260817,37.16314700802418,1989.519729073544,0.11583062847321393,0.32189612237392234,0.03619707139787936,0.8880552468779048,-0.2681621976933005,35.869868777931785,48.166772191144254,0.7912725562428821,True,3.79,True,validity_envelope_gamma_exceeded,1004,10.03,0,
traj_0144,near_boundary,20260817,47.21621413495995,675.5111069164177,0.0590203612046145,0.3462789893487508,0.01844386287644203,0.24361325659358923,0.043877593818953786,26.787511952945863,53.78858157786064,0.47971692334712646,False,,False,completed_normally,2001,20.0,0,
traj_0145,stall,20260817,40.51966632460516,829.9672669228323,0.09240710963929583,0.322117998880327,0.028877221762279946,1.0303631379331815,0.05741736259429439,38.3638777407243,52.909527606629716,0.39630668531582935,True,1.85,False,completed_normally,2001,20.0,0,
traj_0146,normal,20260817,70.13434670238227,1114.1761920477877,0.006938924499271174,0.5746842471795008,0.0021684139060222417,0.052034525617952965,0.0069389244991698434,46.91181591057377,70.13434670238227,0.3243112722099084,False,,False,completed_normally,2001,20.0,0,
traj_0147,normal,20260817,57.74649233701146,549.8678100787623,0.027572752174076866,0.42860704654591325,0.008616485054399022,0.02763196751843739,0.026798151156034244,57.6863316787993,58.31603454327566,0.010482849031284526,False,,False,completed_normally,2001,20.0,0,
traj_0148,normal,20260817,47.01038958278465,1407.30026623471,0.05984696115368485,0.3451540141895637,0.018702175360526513,0.10479435800097678,0.05984696115368485,41.2164690591342,47.01038958278835,0.12742239859209886,False,,False,completed_normally,2001,20.0,0,
traj_0149,near_boundary,20260817,73.83898723468987,1400.0743477820931,0.002671416667424699,0.6269135710894499,0.0008348177085702184,0.18312467570388002,0.002545528024932908,27.175903600997117,73.83898723468987,0.757875331785652,False,,False,completed_normally,2001,20.0,0,
traj_0150,normal,20260817,36.86076291832107,584.9647504053517,0.11823217041277204,0.32236979293567813,0.03694755325399126,0.14450397310922822,0.11062969966900496,34.206947032946225,38.82756001067149,0.0814440000684813,False,,False,completed_normally,2001,20.0,0,
traj_0151,normal,20260817,51.97798859278423,1379.139218166157,0.04248493367650155,0.3778768973193199,0.013276541773906735,0.04248493367650155,0.015989208765293333,51.97798859277295,62.81813097259027,0.1494272197385033,False,,False,completed_normally,2001,20.0,0,
traj_0152,normal,20260817,35.18127942561475,1882.3960940455886,0.13259412455207004,0.3267164090095377,0.04143566392252188,0.1699852095061632,0.12650128422773882,32.33108328149749,36.61682610119751,0.0744875191087312,False,,False,completed_normally,2001,20.0,0,
traj_0153,near_boundary,20260817,61.70898381591075,1968.3804883331075,0.01962673267064286,0.47022380478245646,0.006133353959575894,0.15023612841423406,0.019472061325321543,39.40651324771996,61.89076801960963,0.3928256228781693,False,,False,completed_normally,2001,20.0,0,
traj_0154,near_boundary,20260817,71.41623068592968,1709.0710587724013,0.005387689051139441,0.5923398946046402,0.0016836528284810753,0.16733197655509624,0.005387689051026275,37.72348093889113,71.41623068592968,0.532513826861322,False,,False,completed_normally,2001,20.0,0,
traj_0155,normal,20260817,62.49231987608357,1159.871527955569,0.01822982130090696,0.4790477362710921,0.005696819156533425,0.01822982130090696,-0.005938685281180814,62.49231987608241,69.70255533840104,0.11288630499364413,False,,False,completed_normally,2001,20.0,0,
traj_0156,normal,20260817,57.31229911187861,1703.2386556409272,0.028543437823523518,0.4243658048888597,0.008919824319851099,0.028911078262609,-0.004442514007109544,56.96985590661399,66.22537391400618,0.14870349490977172,False,,False,completed_normally,2001,20.0,0,
traj_0157,near_boundary,20260817,70.08473166556308,526.9880219913607,0.007000663941834141,0.5740098845080853,0.002187707481823169,0.0070006639418993665,-0.1408307369667266,70.08473166556308,100.80531749348259,0.42253125166090566,False,,False,completed_normally,2001,20.0,0,
traj_0158,stall,20260817,64.15919587084062,1410.5382374413118,0.015423699067496948,0.4984512955069195,0.0048199059585927965,1.0318536350002052,-0.5350611799309469,35.91592819267083,64.15919587084062,0.7861146588861755,True,3.7800000000000002,True,validity_envelope_gamma_exceeded,1198,11.97,0,
traj_0159,stall,20260817,50.32417867178192,772.7604068746856,0.04771215970479056,0.3657493654898023,0.014910049907747051,1.0204909351675453,0.04755969912046229,42.146240460790814,50.32417867178192,0.28882836331301415,True,6.7,False,completed_normally,2001,20.0,0,
traj_0160,stall,20260817,30.986289321350352,1874.7374880560903,0.17776511589372015,0.35302408739699037,0.05555159871678755,1.0407646337828225,-0.2572735944368546,30.986289321350352,52.92499403168928,0.7885868163337632,True,6.13,True,validity_envelope_gamma_exceeded,1263,12.620000000000001,0,
traj_0161,near_boundary,20260817,56.40428985187157,1501.262253428515,0.030645133085397187,0.41570917368073984,0.00957660408918662,0.030645133085570257,-0.1793267778931305,56.40428985187157,88.16517224965682,0.5334821979275349,False,,False,completed_normally,2001,20.0,0,
traj_0162,stall,20260817,39.24743295100981,996.8430595462229,0.10063446923537156,0.3209225366535477,0.03144827163605361,0.10063446923537156,-0.20144211776235033,39.247432951005585,44.52831774734879,0.7904387159548116,False,,True,validity_envelope_gamma_exceeded,433,4.32,0,
traj_0163,near_boundary,20260817,66.46557004634485,673.2435270521327,0.011879748141134426,0.5266656381228851,0.003712421294104508,0.011879748141249476,-0.18359966881275153,66.46557004634485,114.03809668182025,0.6803151899417651,False,,False,completed_normally,2001,20.0,0,
traj_0164,stall,20260817,48.49559429831015,900.7267965624458,0.05410912606447109,0.3537425817970832,0.016909101895147216,0.05426199329135529,-0.2477246227980635,48.341808122848704,51.09783445023572,0.7856318984320941,False,,True,validity_envelope_gamma_exceeded,720,7.19,0,
traj_0165,normal,20260817,63.387019121435706,1314.3522065878794,0.01669645767272069,0.48935771783910303,0.005217643022725215,0.017000281151021913,0.016597675430366814,63.10516219209174,63.48375670896234,0.003510294519690382,False,,False,completed_normally,2001,20.0,0,
traj_0166,normal,20260817,42.72199413014519,1023.7473011530248,0.0797655302306931,0.32699203388670856,0.024926728197091595,0.11546986050486965,0.0737168108492453,36.96611711782264,44.95520052889035,0.1322851645585862,False,,False,completed_normally,2001,20.0,0,
traj_0167,normal,20260817,66.97341597190791,854.1476075386764,0.011147628475320137,0.5330860358698247,0.003483633898537543,0.026917686351433462,0.011147628475320137,61.41215114047193,66.97341597191637,0.08400782120162578,False,,False,completed_normally,2001,20.0,0,
traj_0168,normal,20260817,68.81400477074301,1673.046989381047,0.008627235338732928,0.5569692290109868,0.00269601104335404,0.008627235338732928,-0.027667507095059815,68.81400477074259,98.65729015107944,0.3696712111823009,False,,False,completed_normally,2001,20.0,0,
traj_0169,normal,20260817,74.17535488030711,1125.6940898153607,0.0023149989636588593,0.6318364006652006,0.0007234371761433936,0.03910383419923168,-0.01479048057748858,60.6590075264114,78.4218003512707,0.21848741816179867,False,,False,completed_normally,2001,20.0,0,
traj_0170,stall,20260817,66.22739162633088,1583.095667000303,0.012228861042553833,0.5236800415339837,0.0038215190757980725,0.012228861042553833,-0.283014249308565,66.22739162631684,67.03230017095406,0.7923152144147012,True,4.93,True,validity_envelope_gamma_exceeded,505,5.04,0,
traj_0171,normal,20260817,31.08545976633557,980.8959718692404,0.17650751914806492,0.352094762935041,0.05515859973377029,0.20772422360415238,0.11132517859114534,26.688190994434738,36.55562364751364,0.15929747140201458,False,,False,completed_normally,2001,20.0,0,
traj_0172,stall,20260817,33.85379283252867,853.5070573731261,0.14530402174290324,0.3324232694901413,0.045407506794657264,1.1635816497386424,-0.20668019112182323,33.50649618942885,59.8497020479604,0.7889219670829866,True,3.4,True,validity_envelope_gamma_exceeded,1076,10.75,0,
traj_0173,normal,20260817,44.86094232366337,1886.441782351837,0.06914554067680484,0.33473825766893867,0.021607981461501512,0.09020411760151081,0.04947056835480789,41.876878876743724,47.67326582165165,0.08668883197199789,False,,False,completed_normally,2001,20.0,0,
traj_0174,stall,20260817,30.10331629938712,1357.457890904359,0.18948401252428218,0.3620821203455895,0.05921375391383818,1.0277001820620526,0.08205265352938018,29.393567858866582,56.53736186789536,0.7582472071805144,True,5.19,False,completed_normally,2001,20.0,0,
traj_0175,normal,20260817,46.97411111531065,1823.335840293736,0.05999374817971388,0.34495795699722237,0.018748046306160587,0.05999374817974298,0.004407266640972907,46.97411111531065,67.55144380905465,0.2995649250169783,False,,False,completed_normally,2001,20.0,0,
traj_0176,near_boundary,20260817,59.50996702819218,1780.4758112499449,0.023843083014700974,0.44649177449645755,0.007450963442094055,0.02411529751254431,0.02373605292638973,59.295936365622076,59.598571873596,0.002908437085229083,False,,False,completed_normally,2001,20.0,0,
traj_0177,normal,20260817,43.33592803129218,1166.4985005989913,0.07656321039241518,0.3289291448822773,0.023926003247629744,0.07656321039241663,0.05592399737540811,43.33592803129218,46.62216215702433,0.07208025050019164,False,,False,completed_normally,2001,20.0,0,
traj_0178,stall,20260817,35.86993995761405,1800.7789063965747,0.12648710719533057,0.324569088673018,0.03952722099854081,1.1177899226980497,-0.30694926560025027,35.07350424016775,51.438685317123614,0.7861583087410572,True,5.22,True,validity_envelope_gamma_exceeded,1134,11.33,0,
traj_0179,normal,20260817,39.52637499752971,777.5697582723245,0.09876717142959252,0.3210753366650842,0.03086474107174766,0.16152052472303305,0.08611249832011071,30.96638042162965,43.456111118269156,0.21198171471317592,False,,False,completed_normally,2001,20.0,0,
traj_0180,near_boundary,20260817,33.054552743162546,816.8250102792958,0.1536085941866906,0.3369470732207163,0.04800268568334081,0.16796997777613715,-0.08467383370758105,28.76497549956186,47.64405220447811,0.40601612173256724,False,,False,completed_normally,2001,20.0,0,
traj_0181,normal,20260817,57.71370903584723,1336.0197238075914,0.027645290940837272,0.4282845441744079,0.008639153419011647,0.028586845595706196,0.0276452909406995,57.037729008244085,57.71370903584723,0.012357070545551596,False,,False,completed_normally,2001,20.0,0,
traj_0182,normal,20260817,53.43786681850532,1668.6108954906506,0.03825981746550128,0.38952099914553195,0.01195619295796915,0.038259817465536756,0.01222373860420238,53.43786681850532,64.01107543895105,0.14985961789202082,False,,False,completed_normally,2001,20.0,0,
traj_0183,stall,20260817,65.37695865246081,959.6682304399022,0.013506321683426987,0.5131540102787497,0.004220725526070933,0.3473593471614157,0.013506321683426987,56.84131108277512,65.37695865246796,0.7892936099330156,True,6.47,True,validity_envelope_gamma_exceeded,705,7.04,0,
traj_0184,normal,20260817,55.05017146492545,1316.1218031564763,0.033971304341514116,0.4033482374420026,0.01061603260672316,0.08387538946572984,0.03397130434134796,39.036881474758516,55.05017146492545,0.30698527868896064,False,,False,completed_normally,2001,20.0,0,
traj_0185,normal,20260817,32.4578987158701,1395.535254802017,0.16015958296891483,0.3409066990191611,0.05004986967778589,0.16304790781993778,0.15710902193950596,31.948371167425197,32.98930702960607,0.017155215646508116,False,,False,completed_normally,2001,20.0,0,
traj_0186,normal,20260817,43.5410459271035,1480.6499716823723,0.07552197416188283,0.32962905187563907,0.02360061692558838,0.07639744381200778,0.07381584747859624,43.23585653228169,44.15977427317228,0.012156281664366298,False,,False,completed_normally,2001,20.0,0,
traj_0187,stall,20260817,35.325774499497534,1446.4474768161235,0.13128644596843106,0.3262218606407416,0.0410270143651347,1.2903532909942377,0.03966920462346246,34.45684693754251,67.4201675120648,0.7637372814208279,True,1.67,False,completed_normally,2001,20.0,0,
traj_0188,normal,20260817,43.07350250265126,1632.3204629570846,0.0779160894602732,0.3280719120622514,0.024348777956335374,0.13104223793449343,0.06592808558220571,36.02575614319202,47.780807218093514,0.1657175749402826,False,,False,completed_normally,2001,20.0,0,
traj_0189,normal,20260817,40.18786203624284,939.4826705614046,0.09448277075001238,0.3216850617436854,0.02952586585937887,0.09510289121550569,0.09331672322426735,40.005057993012336,40.52369972227424,0.004848035026953545,False,,False,completed_normally,2001,20.0,0,
traj_0190,normal,20260817,43.69210400898779,1806.333788385761,0.07476409654692939,0.33016104870916013,0.023363780170915435,0.07501441403278626,0.046152290852068026,43.38693008046897,48.066858283285505,0.09987562986503594,False,,False,completed_normally,2001,20.0,0,
traj_0191,normal,20260817,63.36530268193907,717.4224591209656,0.016732918121018674,0.48910457719050365,0.005229036912818335,0.04207010090698325,0.016732918121018674,54.30816684627942,63.36530268194543,0.14668890777110802,False,,False,completed_normally,2001,20.0,0,
traj_0192,normal,20260817,36.95247185254693,1074.9776790299036,0.11749818347142427,0.3222166725672204,0.03671818233482008,0.11898907222954248,0.1161955415999879,36.60606079049964,37.27382180646871,0.009470704946836246,False,,False,completed_normally,2001,20.0,0,
traj_0193,normal,20260817,45.001165251137444,1042.8259968539392,0.06849956648972011,0.3353406937720681,0.021406114528037534,0.06849956648972011,0.024702029206018453,45.00116525113408,51.25311656580481,0.1318001619794122,False,,False,completed_normally,2001,20.0,0,
traj_0194,near_boundary,20260817,38.24980555029603,1436.7933155300323,0.10762407177760783,0.32090751682464885,0.03363252243050245,0.14787678500655366,-0.09781825931165675,29.581942280580403,50.61729190111991,0.3123793284142342,False,,False,completed_normally,2001,20.0,0,
traj_0195,normal,20260817,34.67576985800048,1531.5884314890604,0.13728299917934994,0.32863719507517175,0.042900937243546856,0.14357910903831056,0.10346069153142237,33.23426138854564,37.88423286893001,0.08496008951451364,False,,False,completed_normally,2001,20.0,0,
traj_0196,normal,20260817,34.59637264442136,1596.4370920200158,0.1380359367925365,0.3289664345477459,0.04313623024766766,0.15762235018750292,0.07855558434521238,30.786741931420266,39.84193038850356,0.1405896954347301,False,,False,completed_normally,2001,20.0,0,
traj_0197,normal,20260817,42.65925967218221,577.4710955126973,0.08010018342037922,0.32680765152424496,0.025031307318868507,0.12346093549803377,0.07699167140956373,34.91454977488729,43.74049998940813,0.1766617696692626,False,,False,completed_normally,2001,20.0,0,
traj_0198,stall,20260817,39.934573447185485,1820.93401510856,0.09609988294002098,0.3214111623054899,0.030031213418756555,0.09763823813703844,0.09440052141321485,39.49092136910603,40.418574746510835,0.011796947203695897,False,,False,completed_normally,2001,20.0,0,
traj_0199,stall,20260817,48.577895753687486,1482.3210664113633,0.053806025432500244,0.3542498073081611,0.016814382947656328,0.053806025432500244,-0.33972219745935583,48.57789575368189,50.67685244542623,0.7859899083904605,True,4.7,True,validity_envelope_gamma_exceeded,524,5.23,0,
traj_0200,near_boundary,20260817,43.27822135215124,705.4786828300201,0.07685869394894568,0.3287369421593152,0.024018341859045524,0.26849151905165336,0.040228162725345046,22.161430540607046,61.69857146114939,0.540774326786437,False,,False,completed_normally,2001,20.0,0,
traj_0201,normal,20260817,35.66693094208323,1542.0792392622254,0.12825474606474616,0.32514748786467224,0.040079608145233175,0.14125354063159487,0.075798770721948,32.881672677272,39.47316543169534,0.10624705404894097,False,,False,completed_normally,2001,20.0,0,
traj_0202,normal,20260817,53.807185070311036,1737.9791114879524,0.03724400663321403,0.3926004763858849,0.011638752072879385,0.056015478154023995,0.03724400663305873,50.09600581907949,53.807185070311036,0.0687651371713912,False,,False,completed_normally,2001,20.0,0,
traj_0203,stall,20260817,57.25408415018044,823.3269622306657,0.02867523849108149,0.4238021245190753,0.008961012028462965,0.028893959648248865,0.02835678460706234,57.09483113298156,57.48195639276698,0.0032174124710467166,False,,False,completed_normally,2001,20.0,0,
traj_0204,normal,20260817,57.42261757605096,1071.228945251346,0.02829475426114278,0.4254372221200227,0.008842110706607119,0.028393054735942336,0.02808560983844614,57.348996568060514,57.57357047340064,0.0021231494066684857,False,,False,completed_normally,2001,20.0,0,
traj_0205,normal,20260817,32.454803245774706,1857.0459621597324,0.1601943959491016,0.34092860264095043,0.050060748734094246,0.22461858051115988,0.12636924666992666,25.936792845766114,39.79822147384866,0.24100626774580916,False,,False,completed_normally,2001,20.0,0,
traj_0206,stall,20260817,42.61921577014966,1002.5986917603041,0.08031452977821837,0.32669129301890587,0.025098290555693244,0.08031452977821837,-0.233363767243299,42.6192157701396,46.6792309285731,0.7914412684595201,False,,True,validity_envelope_gamma_exceeded,605,6.04,0,
traj_0207,normal,20260817,55.30345534733278,1053.6530412829482,0.03333085868274273,0.40560938911812006,0.010415893338357103,0.06820336304505818,0.03333085868259903,45.06247703361117,55.30345534733278,0.18815512437247003,False,,False,completed_normally,2001,20.0,0,
traj_0208,normal,20260817,47.734924860251404,1579.7030987077367,0.056982956716270766,0.34920836149701207,0.017807173973834616,0.084900813497466,0.05623624752093547,42.54682589988738,48.12168714334718,0.10500363676634687,False,,False,completed_normally,2001,20.0,0,
traj_0209,near_boundary,20260817,68.62837991745161,607.53863328359,0.008872354669966817,0.5545174229360814,0.0027726108343646303,0.17082329484172892,0.008872354669966817,29.219826475924293,68.62837991745441,0.6699678700865105,False,,False,completed_normally,2001,20.0,0,
traj_0210,near_boundary,20260817,55.35865065069287,1134.4850570436638,0.03319243818380751,0.4061052786512842,0.010372636932439847,0.03319243818380751,-0.18238467060271213,55.35865065068626,90.10644741925726,0.5893477463220628,False,,False,completed_normally,2001,20.0,0,
traj_0211,near_boundary,20260817,70.28948969948469,1048.9213449910715,0.006746703627444146,0.5767972807494155,0.0021083448835762953,0.12361119287759392,0.006746703627303365,46.07712644452438,70.28948969948469,0.3741163068013056,False,,False,completed_normally,2001,20.0,0,
traj_0212,normal,20260817,65.52881253856499,1773.861012530569,0.013274606838224835,0.5150180850347164,0.0041483146369452615,0.040359838356050545,-0.02176408327570782,63.51362774741314,73.03701815715048,0.19942663127524518,False,,False,completed_normally,2001,20.0,0,
traj_0213,normal,20260817,30.409628311902335,1539.858035909807,0.18530720723671654,0.35877600502643076,0.05790850226147392,0.1885497458552701,0.18231200044847262,29.919377353572184,30.838986173001754,0.017831629432458373,False,,False,completed_normally,2001,20.0,0,
traj_0214,normal,20260817,39.73660412999466,1056.1010038435866,0.09738392276237423,0.32123183982161563,0.030432475863241947,0.09814244314162886,0.09640996955151711,39.52654220923675,40.019249091103106,0.006223909365034951,False,,False,completed_normally,2001,20.0,0,
traj_0215,stall,20260817,68.08931821454628,877.1527644262969,0.009595468576781913,0.5474518904028989,0.0029985839302443477,0.5289486352608087,0.009595468576749634,59.413400758676424,68.08931821454628,0.7860807649307736,True,2.81,True,validity_envelope_gamma_exceeded,354,3.5300000000000002,0,
traj_0216,stall,20260817,64.73314052635668,1195.496295916383,0.014506694208384671,0.5053261248638701,0.004533341940120209,0.9116095379003857,-0.45904824095050456,22.929626707458127,64.73314052635668,0.785434997142094,True,6.93,True,validity_envelope_gamma_exceeded,1541,15.4,0,
traj_0217,normal,20260817,63.62083921390092,581.7686761437608,0.016306222477197232,0.492092328229532,0.005095694524124135,0.02890823023330736,0.016306222477041114,58.46598792707744,63.62083921390092,0.07990744286857294,False,,False,completed_normally,2001,20.0,0,
traj_0218,normal,20260817,34.26245194882656,1639.250975411242,0.14125300343441083,0.3304353781949783,0.044141563573253384,0.14294579081108916,0.13941959948134358,33.942306393043474,34.63836467346611,0.011857742440362673,False,,False,completed_normally,2001,20.0,0,
traj_0219,near_boundary,20260817,50.191240178979044,1591.133387992751,0.04815437458540682,0.36482561760149207,0.015048242057939632,0.048154374585514303,-0.1474390784890427,50.191240178979044,85.33123498214405,0.6364465134165189,False,,False,completed_normally,2001,20.0,0,
traj_0220,stall,20260817,61.28180940007747,872.885836962403,0.020410876885082755,0.4654927667514136,0.006378399026588361,0.020410876885082755,-0.35021868729799677,61.281809400070095,62.437865278028,0.7915955038694055,True,4.95,True,validity_envelope_gamma_exceeded,542,5.41,0,
traj_0221,near_boundary,20260817,74.84865890940802,1478.7361269030143,0.0016158121169908414,0.6417792400098804,0.0005049412865596379,0.0016158121169908414,-0.18501341051187903,74.84865890939895,129.98610286328423,0.740290289207068,False,,False,completed_normally,2001,20.0,0,
traj_0222,near_boundary,20260817,30.9144604912102,1102.3617415859817,0.17868298023106854,0.35370795429423174,0.05583843132220892,0.23041255942369157,-0.044151794532607536,23.5787808479752,42.56894045264822,0.349113389895557,False,,False,completed_normally,2001,20.0,0,
traj_0223,stall,20260817,60.395404016282455,1109.1031277416396,0.02209068465633843,0.455860482142714,0.006903338955105759,1.1134604195228042,0.020306830096058326,43.187451708189094,60.395404016285944,0.3812180449748056,True,4.93,False,completed_normally,2001,20.0,0,
traj_0224,stall,20260817,41.259522582445584,790.377942043349,0.08794683690456559,0.3233769154217413,0.027483386532676745,0.9879529937464683,-0.3089723430030863,38.53562123941258,49.14584363647107,0.7857379379612556,True,6.26,True,validity_envelope_gamma_exceeded,1267,12.66,0,
traj_0225,stall,20260817,52.200800431213096,1303.3717796640615,0.04181757324929311,0.37959845235442397,0.013067991640404097,0.7155279954234368,0.019925814505683426,17.687651515531236,63.99266795575218,0.7620050539030174,True,4.73,False,completed_normally,2001,20.0,0,
traj_0226,normal,20260817,47.02927678203171,812.3427996276954,0.05977067137450366,0.34525635031438784,0.018678334804532393,0.06055506108405064,0.0593168320146192,46.69624498271764,47.236468323879976,0.007128105087256066,False,,False,completed_normally,2001,20.0,0,
traj_0227,near_boundary,20260817,49.802178693312854,855.5852693403192,0.049468468883407335,0.3621671269537078,0.015458896526064792,0.05013024581937624,0.04890784107174846,49.47585836510225,50.08715412312638,0.00590322018128321,False,,False,completed_normally,2001,20.0,0,
traj_0228,stall,20260817,40.1587229164173,598.441783786438,0.09466735583563926,0.3216510359840841,0.02958354869863727,0.09466735583563926,-0.37581070777202275,40.158722916417005,43.44085486316155,0.7876913207987719,True,1.57,True,validity_envelope_gamma_exceeded,224,2.23,0,
traj_0229,normal,20260817,46.72142096137025,1434.3867777490202,0.06102535520690237,0.34361105190616004,0.01907042350215699,0.08619507206773575,0.058833148950737685,41.6693671608611,47.72982190691512,0.10603394712615975,False,,False,completed_normally,2001,20.0,0,
traj_0230,normal,20260817,44.10469959133185,1673.504319093589,0.07273185883716135,0.33168460524082505,0.02272870588661292,0.12314627298457372,0.050687720944941894,37.40733135331532,51.01488538041975,0.17541278063538027,False,,False,completed_normally,2001,20.0,0,
traj_0231,stall,20260817,44.17668010968801,1576.1521059887332,0.0723828901023175,0.3319608414121032,0.022619653156974215,0.0723828901024487,-0.48050691035359816,44.17668010968801,47.56775597306824,0.7861854370520502,True,6.32,True,validity_envelope_gamma_exceeded,708,7.07,0,
traj_0232,stall,20260817,46.738340176630054,1497.4937013753208,0.06095577670122182,0.3437002101072889,0.01904868021913182,0.06260171984588292,0.05907316080096564,46.041552270447006,47.54828657633386,0.015525424166857479,False,,False,completed_normally,2001,20.0,0,
traj_0233,normal,20260817,57.443510975205115,518.8539419429352,0.028247814406635378,0.42564061541053694,0.008827442002073554,0.028393498026083208,0.027904308121345527,57.33384973566718,57.69139460151112,0.0034176968635221943,False,,False,completed_normally,2001,20.0,0,
traj_0234,near_boundary,20260817,54.642595255295035,1634.1700841334882,0.03502030410633042,0.3997597389632109,0.010943845033228256,0.03502030410633042,-0.15450900758102099,54.642595255288406,85.2748359557473,0.5243188728263518,False,,False,completed_normally,2001,20.0,0,
traj_0235,normal,20260817,35.64181235520268,913.2364711477582,0.12847532894627506,0.32522218419369503,0.04014854029571096,0.13091331943303888,0.12677124302663587,35.0982321952828,36.00551124852628,0.01710176290218072,False,,False,completed_normally,2001,20.0,0,
traj_0236,stall,20260817,57.33490331050074,971.7743829100409,0.028492367593940592,0.42458499331523114,0.008903864873106435,0.028735225434522355,0.027762731079045044,57.14986937134755,57.86279414175522,0.007439414548265183,False,,False,completed_normally,2001,20.0,0,
traj_0237,stall,20260817,52.30632502481024,928.142100177385,0.04150441680122603,0.38042087264458974,0.012970130250383136,0.9531989551112798,-0.2388473396945029,42.426287376426195,52.30632502481231,0.7886311532385696,True,2.12,True,validity_envelope_gamma_exceeded,966,9.65,0,
traj_0238,normal,20260817,60.25684406238465,1599.8450742002178,0.022359894713718385,0.45437757534136236,0.006987467098036995,0.022359894713718385,-0.008470651124173403,60.256844062379145,70.16800815357092,0.15723226964773865,False,,False,completed_normally,2001,20.0,0,
traj_0239,stall,20260817,40.01448276260679,1464.6586089793914,0.09558661060589399,0.3214922198080689,0.02987081581434187,0.09558661060598138,-0.44004073460609905,40.01448276260679,43.747530450835484,0.7902927602323293,True,6.22,True,validity_envelope_gamma_exceeded,693,6.92,0,
traj_0240,stall,20260817,66.03986413623531,848.7791757996761,0.012506363509216169,0.5213408968953855,0.003908238596630053,0.012506363509228268,-0.24048314298026163,66.03986413623531,67.7181362725386,0.7860380189502589,False,,True,validity_envelope_gamma_exceeded,391,3.9,0,
traj_0241,normal,20260817,50.588853846500164,971.2714671291452,0.04684183327475307,0.367611567421008,0.014638072898360333,0.04728597171246726,0.0465617209410312,50.36051460246781,50.73996261415695,0.00395408665704088,False,,False,completed_normally,2001,20.0,0,
traj_0242,normal,20260817,67.17398272441936,1252.6664576071846,0.010863001309089907,0.5356420186447306,0.0033946879090905957,0.028864424976842135,0.010863001309089907,58.47794784983369,67.17398272442196,0.1288249988092523,False,,False,completed_normally,2001,20.0,0,
traj_0243,near_boundary,20260817,42.31593713574944,897.4298145394334,0.08195671322048087,0.3258440770960299,0.025611472881400272,0.28697384044589846,0.050407743618066936,24.845863819571726,56.237226587631966,0.45298152662000174,True,3.59,False,completed_normally,2001,20.0,0,
traj_0244,normal,20260817,33.89919986374629,905.3707735636601,0.14484756953027675,0.33219182212389203,0.045264865478211486,0.1726859465701376,0.08878496914432875,29.077107136258924,38.79814106301501,0.15855962691136452,False,,False,completed_normally,2001,20.0,0,
traj_0245,stall,20260817,71.02155607380236,1407.8105905419259,0.005856442991679672,0.5868564620089032,0.0018301384348998976,0.005856442991733595,-0.30999296050467184,70.95466467787261,71.33534346168271,0.7891009117927721,True,2.84,True,validity_envelope_gamma_exceeded,316,3.15,0,
traj_0246,normal,20260817,35.95384846168848,1575.1023296690573,0.12576428452143432,0.3243430527988957,0.03930133891294822,0.1612452730769978,0.06926238987207185,31.59760824744473,39.95905365087395,0.13458759956231137,False,,False,completed_normally,2001,20.0,0,
traj_0247,stall,20260817,68.29678132054826,1281.664520892758,0.009315165318547914,0.5501614897553501,0.002910989162046223,1.0588139305328084,-0.6708947007836853,35.629435919267536,68.29678132054826,0.786300557664774,True,2.0,True,validity_envelope_gamma_exceeded,1123,11.22,0,
traj_0248,normal,20260817,63.41930361526394,1540.5375789150517,0.01664232252810364,0.48973431098311393,0.005200725790032387,0.017085579141431148,0.016329955822135103,63.008223852125404,63.71538324603813,0.0039061860370185686,False,,False,completed_normally,2001,20.0,0,
traj_0249,stall,20260817,47.33966517529836,702.0061299211644,0.05852957798988619,0.3469639952119512,0.018290493121839436,0.9970218378536262,0.03851761830393957,42.413799117942716,56.24134872534679,0.32662497306016064,True,5.97,False,completed_normally,2001,20.0,0,
traj_0250,stall,20260817,70.54842577822785,555.0855161044085,0.0064286757839198735,0.5803386050950274,0.00200896118247496,0.7301166997753079,0.0064286757839198735,60.27562917511855,70.54842577822798,0.7854523620709386,True,1.9000000000000001,True,validity_envelope_gamma_exceeded,298,2.97,0,
traj_0251,stall,20260817,41.244341164975175,1759.1776750651863,0.08803609722531147,0.3233471078997797,0.027511280382909835,0.08803609722531147,-0.2581510965505778,41.244341164975175,45.38554538663257,0.789742830060643,False,,True,validity_envelope_gamma_exceeded,373,3.72,0,
traj_0252,normal,20260817,43.039483558612574,1027.461210417474,0.07809319509398438,0.3279639600078491,0.02440412346687012,0.15338437200381774,0.07159410367998303,32.04301449046554,45.24599006469484,0.23330459301870562,False,,False,completed_normally,2001,20.0,0,
traj_0253,stall,20260817,58.40311208397536,1209.9257105630895,0.026145101337150735,0.4351438905738169,0.008170344167859606,0.027059640891634013,-0.2974652931669015,57.56689758260041,59.11823287795653,0.7914943842314806,True,5.19,True,validity_envelope_gamma_exceeded,551,5.5,0,
traj_0254,near_boundary,20260817,50.93519827445237,1936.9207621413739,0.04572289808251179,0.3700942838315749,0.014288405650784933,0.04572289808267116,-0.12266657073565851,50.93519827445237,81.3405245765832,0.5454085319957842,False,,False,completed_normally,2001,20.0,0,
traj_0255,normal,20260817,55.768456046169426,1591.0418584067138,0.032177312232764634,0.409821995700976,0.010055410072738948,0.07997395614100092,0.032177312232764634,45.62657830464053,55.76845604618095,0.18627596278677186,False,,False,completed_normally,2001,20.0,0,
traj_0256,normal,20260817,57.51034164171698,1062.9564332045297,0.02809800820349299,0.42629221499118014,0.00878062756359156,0.05082648793917265,-0.01596947003830397,57.51034164171698,65.65703474594639,0.22662021463012902,False,,False,completed_normally,2001,20.0,0,
traj_0257,normal,20260817,74.4432517816853,1921.4860392031828,0.0020345513011072198,0.6357783295554819,0.0006357972815960063,0.03303100692098691,0.0020178021390669233,60.95379321806851,74.54098763441982,0.18908451711938984,False,,False,completed_normally,2001,20.0,0,
traj_0258,near_boundary,20260817,30.30439434341149,1226.8931233561134,0.1867281183076668,0.359891683308419,0.05835253697114588,0.2942061863082834,-0.09697253994025301,20.297771837560585,43.75760483568285,0.41051845520434815,True,18.01,False,completed_normally,2001,20.0,0,
traj_0259,normal,20260817,72.56073837515483,1421.2180039730479,0.0040709342659768204,0.6084778963619096,0.0012721669581177563,0.00418175415492576,0.003727375757774337,72.40799039948926,73.0220343362629,0.004502051997059647,False,,False,completed_normally,2001,20.0,0,
traj_0260,near_boundary,20260817,39.1914584449581,1013.9708737607607,0.1010136320404749,0.32089951330290156,0.0315667600126484,0.2883433875276097,0.07128592066576996,27.249991694981233,49.69998479667694,0.3260676848829955,True,3.3000000000000003,False,completed_normally,2001,20.0,0,
traj_0261,normal,20260817,71.0416482720022,1254.7596132391957,0.005832392517098436,0.5871345967676073,0.0018226226615932612,0.03268119686113767,0.005832392517098436,58.830375029603616,71.04164827200724,0.17723535176234714,False,,False,completed_normally,2001,20.0,0,
traj_0262,stall,20260817,68.46497528931326,1939.072902773,0.009089766621205163,0.5523670689136866,0.0028405520691266134,1.0691791066664451,0.009089766621201027,30.380647088513772,68.46497528931326,0.6007063338990557,True,1.87,False,completed_normally,2001,20.0,0,
traj_0263,near_boundary,20260817,52.79174010533717,1559.6646901550157,0.04008749210793838,0.3842621052879934,0.012527341283730745,0.2657715516735517,0.04008749210789905,28.912052982366877,52.79174010533717,0.5083001659597819,False,,False,completed_normally,2001,20.0,0,
traj_0264,near_boundary,20260817,30.73768986413411,683.4487817511025,0.1809674147569735,0.35542995436575525,0.056552317111554215,0.2725235785639232,-0.05258617567217147,20.77041904560327,44.31126631432832,0.39687771166936286,False,,False,completed_normally,2001,20.0,0,
traj_0265,normal,20260817,56.0525719158599,1819.4056575467112,0.03148633803462185,0.4124346316057571,0.009839480635819327,0.03148633803462185,-0.013873707136994401,56.05257191585183,82.32045717359804,0.33916441807111253,False,,False,completed_normally,2001,20.0,0,
traj_0266,normal,20260817,55.01466643079273,1639.5551208895909,0.03406177613309259,0.4030331707594061,0.010644305041591433,0.034061776133218626,0.00511087439792049,55.01466643079273,66.05709491926686,0.16816226652876123,False,,False,completed_normally,2001,20.0,0,
traj_0267,near_boundary,20260817,30.87836833462033,1915.6063411552195,0.1791464296654964,0.35405501886549895,0.05598325927046763,0.23893796942849704,-0.06642123622855789,23.207405198977707,41.509134502586875,0.3267348807511505,False,,False,completed_normally,2001,20.0,0,
traj_0268,normal,20260817,32.773699861682225,1638.1756151304505,0.15665326539260058,0.33874661347752016,0.04895414543518768,0.19526589282097895,0.09073567653805983,26.871048008162184,40.204744569958756,0.20217072365978372,False,,False,completed_normally,2001,20.0,0,
traj_0269,normal,20260817,60.08031855614078,1900.537661398554,0.022705532438977973,0.4524973516800131,0.007095478887180616,0.02320020260182251,0.022490884097022008,59.682804800262964,60.26158178850855,0.0053418627592992695,False,,False,completed_normally,2001,20.0,0,
traj_0270,stall,20260817,56.14002106879295,626.4264525443101,0.03127573300978567,0.41324464964183316,0.009773666565558023,0.9698233781862354,0.03127573300972522,37.13656445341152,56.14002106879295,0.37997695555832917,True,4.54,False,completed_normally,2001,20.0,0,
traj_0271,normal,20260817,31.762766803777176,918.1695401437496,0.16820342896410964,0.3461942847574589,0.052563571551284265,0.1895713073277429,0.15932553840531485,29.424326888197346,33.394089544785714,0.07843190081067314,False,,False,completed_normally,2001,20.0,0,
traj_0272,stall,20260817,32.80892762816959,1914.7505294551424,0.15626761921950885,0.3385146959430858,0.048833631006096515,1.0995235805185997,-0.22245416562159204,32.37632392306828,49.03439271184145,0.7904553477129715,True,3.35,True,validity_envelope_gamma_exceeded,872,8.71,0,
traj_0273,stall,20260817,41.37525332039559,1923.985669665339,0.08726942838444993,0.3236095127461354,0.027271696370140604,1.102292507631358,0.04728444827327377,38.838989680367064,56.88835579562793,0.45985224471817027,True,5.61,False,completed_normally,2001,20.0,0,
traj_0274,stall,20260817,67.57002669854074,998.0648313377715,0.010308314407246905,0.5407227557125849,0.003221348252264658,0.01030831440729746,-0.28044353970267466,67.57002669854074,68.86827725175608,0.7873594863897305,True,5.46,True,validity_envelope_gamma_exceeded,547,5.46,0,
traj_0275,near_boundary,20260817,71.29607095320455,1453.4941830573102,0.005529586588738051,0.5906659950002755,0.001727995808980641,0.005529586588738051,-0.15655480284317086,71.29607095319862,107.3009470450635,0.4877943204709638,False,,False,completed_normally,2001,20.0,0,
traj_0276,near_boundary,20260817,68.47378891605432,1430.7460678315363,0.009078000671382841,0.552482863074195,0.002836875209807138,0.2138845272517746,0.009078000671365667,58.54676136717872,68.47378891605432,0.7861058637318661,False,,True,validity_envelope_gamma_exceeded,694,6.93,0,
traj_0277,stall,20260817,34.37688298128876,647.0127455913172,0.14014128201844123,0.32991650817351376,0.04379415063076288,0.14111370860151087,0.13930051296652907,34.19144841067404,34.549632227644715,0.00543288485865174,False,,False,completed_normally,2001,20.0,0,
traj_0278,normal,20260817,38.61461819784972,1733.9170059361131,0.10501018236142193,0.32081442635958113,0.03281568198794435,0.1700808055458144,0.08154390698775657,30.774690650065505,46.17585914880943,0.2258890094184116,False,,False,completed_normally,2001,20.0,0,
traj_0279,near_boundary,20260817,59.01799998939829,1611.2535234869656,0.024850518928627288,0.44139752065858884,0.0077657871651960276,0.024850518928627288,-0.13081004594835366,59.01799998939765,95.81323590262424,0.5770714281136509,False,,False,completed_normally,2001,20.0,0,
traj_0280,normal,20260817,39.5782443213216,1867.184753751008,0.09842398162149066,0.32111067490218936,0.03075749425671583,0.09987440012880015,0.09710991653591029,39.18325896707505,39.956821618083055,0.010139539724260602,False,,False,completed_normally,2001,20.0,0,
traj_0281,normal,20260817,55.66158605897232,1539.156737556286,0.03243991685245079,0.4088468311367342,0.010137474016390872,0.03299313346152166,0.03190915283253963,55.29828298221537,56.02401585342945,0.007383357381264697,False,,False,completed_normally,2001,20.0,0,
traj_0282,stall,20260817,46.29284263241636,1198.4444278282356,0.06281249708704234,0.34140225223088344,0.01962890533970073,0.928305220975534,0.05576920281224326,40.57848996722579,49.50088428284271,0.25271551813426496,True,5.55,False,completed_normally,2001,20.0,0,
traj_0283,near_boundary,20260817,65.53840964188926,1250.531901516331,0.013260016022015125,0.5151361204582119,0.004143755006879727,0.013391425852837972,0.012982097151927849,65.4011489191626,65.82223571201853,0.0032033975762788703,False,,False,completed_normally,2001,20.0,0,
traj_0284,normal,20260817,73.45258185549832,1130.2996745668431,0.003086856621673655,0.6212950987974771,0.0009646426942730172,0.003086856621673655,-0.03090131854468023,73.45258185549697,90.94295459249963,0.22727779220787175,False,,False,completed_normally,2001,20.0,0,
traj_0285,stall,20260817,74.70708396486327,1992.9878705648794,0.0017612754653496161,0.6396787575379533,0.000550398582921755,0.0017612754653496161,-0.2173152247904282,74.70708396486253,76.6588722520045,0.7929483423651478,False,,True,validity_envelope_gamma_exceeded,249,2.48,0,
traj_0286,normal,20260817,67.04339300235355,1172.5068199144416,0.011048036067309107,0.5339765051359042,0.003452511271034096,0.04584938564581442,1.3247509070946073e-05,54.587409154595704,67.04339300235355,0.2717415122905315,False,,False,completed_normally,2001,20.0,0,
traj_0287,normal,20260817,74.13720174834174,1698.2354219705235,0.002355184773377536,0.631276528857895,0.0007359952416804799,0.002355184773481616,-0.019429168190065682,74.13720174834174,96.89538737551563,0.27132818413996374,False,,False,completed_normally,2001,20.0,0,
traj_0288,normal,20260817,33.013715046083426,1697.44125177298,0.15404709442599715,0.33720176404500907,0.04813971700812411,0.17908519822624006,0.1360319020971799,31.424846466607352,34.906403063435434,0.061921017147472245,False,,False,completed_normally,2001,20.0,0,
traj_0289,near_boundary,20260817,66.44499010844008,833.1309638460251,0.011909766986328722,0.5264070202436287,0.0037218021832277257,0.17696626098389484,0.011909766986328722,38.74155492033383,66.44499010847703,0.46219205347677833,False,,False,completed_normally,2001,20.0,0,
traj_0290,normal,20260817,67.5713367250082,979.9187814003902,0.010306495617955672,0.5407396355502281,0.0032207798806111474,0.037770380495389416,0.010306495617797591,51.50510746673477,67.5713367250082,0.22388089913802411,False,,False,completed_normally,2001,20.0,0,
traj_0291,near_boundary,20260817,47.74973054328177,955.2881050550423,0.056925745672477754,0.34929393298976097,0.0177892955226493,0.2894870006493351,0.03233472239639834,23.517674471184773,60.91438657974504,0.5789774117264472,True,4.0600000000000005,False,completed_normally,2001,20.0,0,
traj_0292,near_boundary,20260817,59.15868560093837,1928.858922589975,0.02455989696069271,0.44284611353657927,0.0076749678002164725,0.1707618994810362,0.02455989696069271,32.211326488158974,59.15868560094299,0.5073446632259603,False,,False,completed_normally,2001,20.0,0,
traj_0293,stall,20260817,70.98451702895196,1976.138245367937,0.005900831943841654,0.5863440198515885,0.0018440099824505167,0.23489378446948417,0.005846965054320099,63.36668053567823,71.09990924875137,0.790016801006432,False,,True,validity_envelope_gamma_exceeded,411,4.1,0,
traj_0294,near_boundary,20260817,47.56859015324898,906.4740148490827,0.05762925888228629,0.34825443275399137,0.018009143400714463,0.23776808560316864,0.03790414145477036,29.062774332768928,57.90674330645712,0.42544801074434657,False,,False,completed_normally,2001,20.0,0,
traj_0295,stall,20260817,73.05743267126535,936.1409241642314,0.0035184685399154703,0.6155901948932069,0.0010995214187235845,0.003518468540057033,-0.22132282060758401,73.05743267126535,75.03777466223441,0.7909274980539832,False,,True,validity_envelope_gamma_exceeded,681,6.8,0,
traj_0296,near_boundary,20260817,46.28745327035531,943.6312591524716,0.0628352760854872,0.341375089514037,0.019636023776714747,0.0628352760854872,-0.15874319235828266,46.28745327035431,73.77159657896516,0.5468816099713085,False,,False,completed_normally,2001,20.0,0,
traj_0297,stall,20260817,31.435327038339402,1301.8089829357018,0.17215747443325308,0.34895115875437455,0.05379921076039159,0.17215747443325308,-0.40820278648090735,31.435327038338688,35.99668828413963,0.7861586022880375,True,2.52,True,validity_envelope_gamma_exceeded,322,3.21,0,
traj_0298,normal,20260817,50.683551870535695,900.7905818705951,0.04653366695145795,0.368285250890608,0.01454177092233061,0.10448850669198032,0.04653366695145795,36.031642770503154,50.683551870535695,0.24741520602048034,False,,False,completed_normally,2001,20.0,0,
traj_0299,near_boundary,20260817,59.35439065405431,1628.4973573766958,0.0241590001376478,0.4448721442167296,0.007549687543014937,0.02453627328448316,0.023892066882441058,59.06030203069512,59.56837293941494,0.003996323700312509,False,,False,completed_normally,2001,20.0,0,
traj_0300,stall,20260817,38.91566181610274,767.0395401615505,0.10290398104110543,0.3208239285992279,0.03215749407534545,0.10534009837504743,0.10080452818569675,38.28602648377366,39.49945631276384,0.015926979394388377,False,,False,completed_normally,2001,20.0,0,
traj_0301,normal,20260817,47.16939137636836,673.3722845305981,0.05920748321380907,0.34602118599364007,0.018502338504315336,0.11575428841731203,0.05920748321380907,34.463314890814,47.16939137636878,0.24928694996924386,False,,False,completed_normally,2001,20.0,0,
traj_0302,stall,20260817,49.44825069677114,808.4859635894801,0.050690241311164334,0.359807653135425,0.015840700409738853,0.8031965143633353,0.050690241311164334,32.7014664402476,49.44825069677273,0.43127700239517175,True,6.57,False,completed_normally,2001,20.0,0,
traj_0303,normal,20260817,53.89036021564925,774.8885055862387,0.03701805400594254,0.3933013047964362,0.011568141876857044,0.03794286411894763,0.03631275761534585,53.33292614786785,54.33469953090339,0.009373526897983332,False,,False,completed_normally,2001,20.0,0,
traj_0304,normal,20260817,68.07198095748365,1150.6644416281824,0.009619007795568298,0.5472260023574951,0.003005939936115093,0.048421088696011916,0.009619007795568298,53.209296500020194,68.07216664309522,0.22589832326951687,False,,False,completed_normally,2001,20.0,0,
traj_0305,near_boundary,20260817,30.578495854234358,1085.3335173707583,0.18305668003136108,0.35702894323745105,0.05720521250980034,0.27570239358944687,-0.02203470620308992,21.062321888256744,43.22259912901787,0.37090514326745044,False,,False,completed_normally,2001,20.0,0,
traj_0306,normal,20260817,46.04890688903924,1868.9713430769525,0.06385127595416926,0.3401882252080975,0.019953523735677894,0.06415150863734453,0.06277624110464741,45.90326989467523,46.48188771962663,0.012708403254538342,False,,False,completed_normally,2001,20.0,0,
traj_0307,near_boundary,20260817,60.16868772220755,529.6577359448055,0.022532130275555753,0.45343733411617393,0.007041290711111173,0.2088356742888489,0.022532130275377586,31.812358089411113,60.16868772220755,0.5299518818314427,False,,False,completed_normally,2001,20.0,0,
traj_0308,near_boundary,20260817,58.830110206242495,1445.2763807057092,0.025241861420513746,0.4394731666062894,0.007888081693910545,0.236883667199707,0.020336178629362434,24.201510400999062,58.88072455017506,0.6909245631114528,False,,False,completed_normally,2001,20.0,0,
traj_0309,near_boundary,20260817,36.113633307504486,802.0177465037865,0.12440025484200767,0.32393341876263737,0.0388750796381274,0.12440025484200767,-0.13300028995852115,36.11363330749406,55.6026362595809,0.4971221001972804,False,,False,completed_normally,2001,20.0,0,
traj_0310,normal,20260817,41.275623387067085,1000.1080557438233,0.087852272303448,0.32340870697937774,0.0274538350948275,0.1076512781257339,0.028665584390247356,35.65477838224205,49.106165863343264,0.221265219474467,False,,False,completed_normally,2001,20.0,0,
traj_0311,near_boundary,20260817,71.92451817062951,1102.3974656490373,0.004795218697121288,0.5994636372755894,0.0014985058428504026,0.004795218697121288,-0.12216062348928017,71.92451817062931,104.70253474717848,0.43910091406382895,False,,False,completed_normally,2001,20.0,0,
traj_0312,near_boundary,20260817,51.95764444034475,1186.379358729572,0.04254628676987836,0.377720724127295,0.013295714615586986,0.28429292606520207,0.03486725870239671,18.12151161748739,51.957644440375226,0.7827529303370311,True,7.1000000000000005,False,completed_normally,2001,20.0,0,
traj_0313,normal,20260817,55.64272534680812,1913.7302269689646,0.03248641646461169,0.40867516310536034,0.010152005145191155,0.032486416464768735,-0.0065554597338613185,55.64272534680812,71.16713677683897,0.22091535862199246,False,,False,completed_normally,2001,20.0,0,
traj_0314,near_boundary,20260817,68.70281782645571,1946.5357716145727,0.008773822590539871,0.5554994744277378,0.0027418195595437095,0.009061226496259414,0.008682700372939047,68.37438035617329,68.81198503380718,0.0033912605737692614,False,,False,completed_normally,2001,20.0,0,
traj_0315,near_boundary,20260817,38.61411336055556,1490.993361648424,0.10501375252926312,0.32081447536632035,0.03281679766539472,0.10501375252935294,-0.14562454495233895,38.61411336055556,58.64948580013883,0.4840099130683485,False,,False,completed_normally,2001,20.0,0,
traj_0316,normal,20260817,54.425820009990844,1698.1745871652215,0.03558767683015247,0.3978765355208616,0.011121149009422649,0.03582182810304216,0.03522782067429919,54.27447163582993,54.65197175814873,0.003792232542919097,False,,False,completed_normally,2001,20.0,0,
traj_0317,near_boundary,20260817,38.25672125413898,1325.6786668576885,0.10757388149379771,0.32090466798707556,0.03361683796681179,0.10813937731632692,-0.11171607388496752,38.05751861896654,58.91099106982206,0.4968308118384664,False,,False,completed_normally,2001,20.0,0,
traj_0318,stall,20260817,44.66900544310646,580.6296491774697,0.07003923686866675,0.33393182333438287,0.02188726152145836,0.9584786350550278,0.06086302684797227,40.60691203848119,48.50605467041164,0.20037506780605713,True,3.11,False,completed_normally,2001,20.0,0,
traj_0319,stall,20260817,32.484278842316215,1706.8765929103588,0.1598632548627513,0.3407206138114129,0.04995726714460978,0.1624736926554441,0.15726079709573135,32.02225098494133,32.92627740787208,0.015538308373052371,False,,False,completed_normally,2001,20.0,0,
traj_0320,normal,20260817,49.47884068265791,544.4953270390884,0.05058363444390733,0.3600093429928239,0.01580738576372104,0.05099285289262187,0.050147824865584875,49.27657229952941,49.69253591745311,0.0031976251782799446,False,,False,completed_normally,2001,20.0,0,
traj_0321,near_boundary,20260817,40.03664200163812,587.2387995983611,0.09544478501785322,0.3215155746898038,0.029826495318079134,0.09544478501785322,-0.1635896025627166,38.89112823988561,70.51986549055965,0.6768626850280154,False,,False,completed_normally,2001,20.0,0,
traj_0322,normal,20260817,41.90665042100766,958.215249895773,0.08422669409707581,0.32479761234175236,0.026320841905336193,0.08486404117655155,0.0834973153875385,41.69865210266564,42.13943852038112,0.0052317303022994255,False,,False,completed_normally,2001,20.0,0,
traj_0323,normal,20260817,62.09784173225397,1128.9152740227369,0.018926766178504275,0.4745802523355317,0.005914614430782586,0.05141689968670396,0.018926766178342786,52.730056681227076,62.09784173225397,0.15325901806895326,False,,False,completed_normally,2001,20.0,0,
traj_0324,stall,20260817,72.4451952411206,703.9155638196901,0.004201067457369232,0.6068328022295578,0.001312833580427885,0.004201067457369232,-0.2842685912452756,72.3278678797582,72.72155042471611,0.7930146057864806,True,5.0,True,validity_envelope_gamma_exceeded,513,5.12,0,
traj_0325,normal,20260817,35.91495832832183,996.4371870769945,0.12609873835123245,0.32444687581106263,0.03940585573476014,0.12828580397843964,0.12386065988930309,35.451161535983076,36.42877300410872,0.015357806385773842,False,,False,completed_normally,2001,20.0,0,
traj_0326,near_boundary,20260817,56.555558004310925,863.5486631909355,0.03028808135947814,0.4171310954909922,0.009465025424836918,0.03028808135947814,-0.17382255726118684,56.555558004305844,98.55413299183803,0.6849793071634852,False,,False,completed_normally,2001,20.0,0,
traj_0327,near_boundary,20260817,37.80215511348595,1571.8892949908684,0.11092667124770086,0.3211829712318814,0.03466458476490652,0.3815252049097746,0.09069591112998376,26.84169752935308,43.62564623436979,0.308845957227395,True,6.42,False,completed_normally,2001,20.0,0,
traj_0328,near_boundary,20260817,32.29413423472407,575.0145138058998,0.16201342656570383,0.3420852984700198,0.05062919580178245,0.2500610389514786,-0.06442567424866252,20.99796466698517,48.77159127366184,0.45195440155999067,False,,False,completed_normally,2001,20.0,0,
traj_0329,normal,20260817,53.16036778704326,1217.8092149142085,0.03903677125440045,0.3872421934094897,0.012198991017000142,0.039477559779639466,0.03845526664438738,52.890798106306875,53.50248267662835,0.00756373273877801,False,,False,completed_normally,2001,20.0,0,
traj_0330,normal,20260817,50.16300171197465,904.8678478947706,0.04824875057132173,0.36463040030342275,0.015077734553538042,0.04896066412400118,0.047193980084452386,49.799775100227514,50.70267347190273,0.00726003001430914,False,,False,completed_normally,2001,20.0,0,
traj_0331,near_boundary,20260817,66.1261598853887,1758.3293244656275,0.012378373451334971,0.5224160517211056,0.0038682417035421786,0.012504458889412158,0.012050373910870783,65.98996111737242,66.47012678874411,0.00396346010422114,False,,False,completed_normally,2001,20.0,0,
traj_0332,near_boundary,20260817,72.1723655912011,815.3037419251407,0.004510808497409629,0.6029623983357042,0.001409627655440509,0.004510808497409629,-0.12447022749496836,72.1723655911986,112.676935850538,0.5374770576286462,False,,False,completed_normally,2001,20.0,0,
traj_0333,normal,20260817,46.857540407769605,1380.2962214861445,0.06046764212827023,0.3443325325774217,0.01889613816508445,0.08392068674212161,0.01784668398183191,44.691075057654395,56.26153699381059,0.20028536613258743,False,,False,completed_normally,2001,20.0,0,
traj_0334,near_boundary,20260817,35.59386534394094,1709.5989891009208,0.12889753640517268,0.3253666959130142,0.04028048012661646,0.176796721642618,-0.10154800960951935,26.336401531250974,51.10912653631191,0.4060643748440591,False,,False,completed_normally,2001,20.0,0,
traj_0335,normal,20260817,68.97274517139087,747.3440285984402,0.008419168762785638,0.5590735452985075,0.002630990238370512,0.008698412972795529,0.008315583016801218,68.64960459115078,69.09579511192929,0.0023010535315762764,False,,False,completed_normally,2001,20.0,0,
traj_0336,normal,20260817,49.27124036673055,1113.4212170975868,0.05131092734234115,0.358648948626002,0.016034664794481606,0.0515348554655302,0.031865745957140534,49.128794705179125,52.36078902256521,0.06249476400982286,False,,False,completed_normally,2001,20.0,0,
traj_0337,normal,20260817,43.30507278614313,1185.6338433964395,0.07672106268745998,0.3288261175656887,0.023975332089831245,0.07788294210924356,0.0759738100190282,42.897470831950535,43.56518555649978,0.00802736650301241,False,,False,completed_normally,2001,20.0,0,
traj_0338,near_boundary,20260817,37.963539979632195,1056.2399831452472,0.1097237129666723,0.32106283327712803,0.03428866030208509,0.1468885354382245,-0.10640205800902336,29.12765224678892,54.34092848889349,0.40401237562331305,False,,False,completed_normally,2001,20.0,0,
traj_0339,normal,20260817,64.26935326922083,1064.3225961007624,0.015245814010055422,0.49976317026692263,0.004764316878142319,0.04360703871575837,0.015245814010055422,57.567901470940356,64.26935326922609,0.1064842526920393,False,,False,completed_normally,2001,20.0,0,
traj_0340,normal,20260817,72.00043400639359,948.7712724297711,0.004707794568844953,0.6005335635275469,0.0014711858027640478,0.005309080522492607,0.004707794568679395,71.22275092890249,72.00043400639359,0.008847454542330576,False,,False,completed_normally,2001,20.0,0,
traj_0341,normal,20260817,41.58525387795116,1250.533414103122,0.08605381866317774,0.3240556324803864,0.026891818332243043,0.08606385412674478,0.039616258588248826,41.56723209161689,51.65082972725711,0.18613184049812428,False,,False,completed_normally,2001,20.0,0,
traj_0342,normal,20260817,35.610005309294586,990.3767786347327,0.12875524328873697,0.32531776703702475,0.0402360135277303,0.12942825704667138,0.05518275370405437,35.419015277229406,46.92461830348935,0.2622848194739564,False,,False,completed_normally,2001,20.0,0,
traj_0343,stall,20260817,36.95356484053661,701.9574504976783,0.11748946555923362,0.3222148976448164,0.03671545798726051,1.034827766908296,0.07101444442479021,31.55860558787495,51.3829055359315,0.44423815797428234,True,2.08,False,completed_normally,2001,20.0,0,
traj_0344,stall,20260817,45.378189594090514,766.0031150629994,0.0667911677339825,0.33701538218100807,0.020872239916869532,1.191826925228741,-0.22829599376311027,43.091513295854476,56.995084696054136,0.7920596356793609,True,1.46,True,validity_envelope_gamma_exceeded,818,8.17,0,
traj_0345,near_boundary,20260817,46.00774644699943,1958.3502281476183,0.06402812788963727,0.339986502093025,0.020008789965511645,0.3023230461036556,0.03225193907079782,19.88982247023918,62.840094687523916,0.6546747220958893,True,4.3100000000000005,False,completed_normally,2001,20.0,0,
traj_0346,normal,20260817,55.5965682369321,1692.711156832978,0.03260040941972202,0.4082555936852595,0.010187627943663131,0.03260040941984234,-0.007611651739694331,55.5965682369321,73.40947412850923,0.2742211396088567,False,,False,completed_normally,2001,20.0,0,
traj_0347,near_boundary,20260817,52.622523546424496,1395.2864369434517,0.040577077727742654,0.38291226484064816,0.01268033678991958,0.23168716770366138,0.04057707772772701,28.264412162029974,52.622523546424496,0.5189008095036837,False,,False,completed_normally,2001,20.0,0,
traj_0348,stall,20260817,30.189550231841295,708.7193668309774,0.18829543851244904,0.36113322496230166,0.05884232453514032,1.002802068296864,0.07566105916458682,29.94157699037936,58.84002910325595,0.7859727551188875,True,2.5300000000000002,True,validity_envelope_gamma_exceeded,1737,17.36,0,
traj_0349,stall,20260817,66.421471424259,720.7794901107302,0.011944106209392086,0.526111622003832,0.003732533190435027,1.0504409783262958,0.011944106209392086,32.57324000861242,66.42147142426118,0.6502377374816347,True,2.59,False,completed_normally,2001,20.0,0,
traj_0350,normal,20260817,61.44016780085165,1162.0443445665724,0.020118302754543734,0.4672399088693354,0.006286969610794917,0.020732085427922153,0.019814466034874773,60.9176068474332,61.708963368387124,0.005902054150557107,False,,False,completed_normally,2001,20.0,0,
traj_0351,normal,20260817,36.64891003757204,1680.326992275696,0.1199467562006967,0.32275546325513504,0.03748336131271772,0.1216836767703096,0.11781755623318911,36.26724445043241,37.1637019923161,0.015072886854635249,False,,False,completed_normally,2001,20.0,0,
traj_0352,stall,20260817,33.77489824517564,1520.3932960973573,0.14610093433640636,0.33283179144336,0.04565654198012699,1.1560993483389637,0.054385104851589816,33.33779920962555,61.88672576427532,0.7011910149920266,True,5.12,False,completed_normally,2001,20.0,0,
traj_0353,stall,20260817,49.308631013834145,1736.0451321295914,0.051179274886974754,0.35889251290899643,0.01599352340217961,0.7050413676835242,-0.6346241942731138,27.298172636989715,49.386377977455595,0.7869596406397198,True,6.51,True,validity_envelope_gamma_exceeded,1285,12.84,0,
traj_0354,near_boundary,20260817,51.996919177890796,614.1947835844953,0.04242790682510825,0.3780223722305851,0.013258720882846327,0.042741270335093215,0.04217853565597702,51.82360355560102,52.138826947863066,0.0029031581995831853,False,,False,completed_normally,2001,20.0,0,
traj_0355,normal,20260817,37.304906667670004,1924.1135765677886,0.11472293497062208,0.321704598945036,0.0358509171783194,0.11611954165897394,0.11373105197727298,36.964532110867815,37.558617403433566,0.008181867905262381,False,,False,completed_normally,2001,20.0,0,
traj_0356,normal,20260817,54.897317405815635,1487.793069570202,0.03436202514068938,0.4019951677109858,0.010738132856465432,0.08219291256766457,0.03436202514068938,47.821052349959245,54.89731740581727,0.13971967788359071,False,,False,completed_normally,2001,20.0,0,
traj_0357,normal,20260817,71.23311990345488,1584.4458930207354,0.0056042099444482026,0.5897906030274135,0.0017513156076400633,0.046251741376887257,0.0056042099444482026,48.94631901234016,71.233119903476,0.32000075597450156,False,,False,completed_normally,2001,20.0,0,
traj_0358,normal,20260817,66.1929951719012,1592.567766309917,0.01227958620377866,0.5232502313778439,0.0038373706886808308,0.03216227576482907,-0.02254521522005261,65.58637750733935,73.17993110927551,0.1861225736702499,False,,False,completed_normally,2001,20.0,0,
traj_0359,stall,20260817,46.15480468703697,817.2953711498532,0.06339836678449731,0.34071137714681404,0.019811989620155408,0.06339836678449731,-0.46693214928792925,46.15480468703697,49.213482696161066,0.7879680831144935,True,6.71,True,validity_envelope_gamma_exceeded,747,7.46,0,
traj_0360,stall,20260817,42.99985427406364,1342.6498618516225,0.07830001354224034,0.3278391294088464,0.024468754231950104,1.0441194217402687,0.05775175163809834,39.890979575590386,51.1560159326602,0.2759464381407586,True,2.99,False,completed_normally,2001,20.0,0,
traj_0361,normal,20260817,65.9070746253994,1895.3060850327668,0.012704282786939185,0.5196906970024197,0.003970088370918495,0.012908971749881211,0.01252285169955731,65.69576754529527,66.09410101104916,0.0019250441063668562,False,,False,completed_normally,2001,20.0,0,
traj_0362,normal,20260817,41.38198619388147,742.3907041325136,0.08723018351163739,0.3236233358752319,0.027259432347386685,0.08723018351163739,0.04548764499103217,41.381986193867434,48.928930821401494,0.14544592813383386,False,,False,completed_normally,2001,20.0,0,
traj_0363,near_boundary,20260817,73.91766840004892,838.1045982339035,0.0025876134060620034,0.6280624325975928,0.000808629189394376,0.0025876134060620034,-0.15783001215125397,73.91766840004532,129.63684686419026,0.7557123945322642,False,,True,ground_contact,1827,18.26,0,
traj_0364,near_boundary,20260817,64.58153191277785,1661.7766227896252,0.014746576644842302,0.5035006003933,0.004608305201513219,0.014807643770168329,0.014527555077360291,64.51846301348424,64.79602779367829,0.002463179861137564,False,,False,completed_normally,2001,20.0,0,
traj_0365,near_boundary,20260817,36.643304808626866,1899.75011568173,0.11999248498498974,0.32276627828963944,0.03749765155780929,0.13795240587779883,-0.1397702442221445,30.095989085161932,57.981040325308726,0.530840066010108,False,,False,completed_normally,2001,20.0,0,
traj_0366,near_boundary,20260817,59.157834519878676,1180.2286089247139,0.02456164894559928,0.44283733046545753,0.007675515295499776,0.2564621793823361,0.02456164894550033,48.7986539795166,59.157834519878676,0.7855182073282228,False,,True,validity_envelope_gamma_exceeded,474,4.73,0,
traj_0367,normal,20260817,30.098758046061977,869.7888544730877,0.1895471237718585,0.3621326787580484,0.059233476178705786,0.2510183783659148,0.16453613538211145,24.153895487564256,32.21956887382406,0.21510670562939954,False,,False,completed_normally,2001,20.0,0,
traj_0368,near_boundary,20260817,61.16936927574407,1381.6774125987731,0.020619977388812088,0.4642570490994507,0.006443742934003778,0.02086642962340747,0.020221236439575473,60.95621083647269,61.50908191849631,0.00427732092464915,False,,False,completed_normally,2001,20.0,0,
traj_0369,normal,20260817,30.86907447958508,996.2652260868597,0.17926601454719207,0.3541447632430294,0.05602062954599752,0.21358967491924585,0.11895242114259906,26.196075911219616,36.689344494964566,0.17073480375034647,False,,False,completed_normally,2001,20.0,0,
traj_0370,stall,20260817,32.30406098525673,1322.924575384067,0.16190034842844483,0.3420127013759451,0.050593858883889016,0.1619003484284453,-0.2246511948288188,32.30406098525511,37.84891241117612,0.7908942915856074,False,,True,validity_envelope_gamma_exceeded,734,7.33,0,
traj_0371,normal,20260817,51.23872907179648,1344.972513285161,0.04476044639951221,0.3723123735780024,0.013987639499847566,0.04533985088027267,0.044279788908553344,50.931069619596876,51.500895233966276,0.003482541063261887,False,,False,completed_normally,2001,20.0,0,
traj_0372,normal,20260817,45.50463656051115,1307.8593848026278,0.06622733239931078,0.3375947517213786,0.02069604137478462,0.06670194395752214,0.06569133449172779,45.318788776707656,45.72129528664796,0.0038105158724161697,False,,False,completed_normally,2001,20.0,0,
traj_0373,normal,20260817,69.39246015286597,764.3096350431462,0.00787582520476689,0.564671115655977,0.002461195376489653,0.025290328895182873,0.00787582520476689,60.37490039913045,69.39246015286597,0.13204748960387125,False,,False,completed_normally,2001,20.0,0,
traj_0374,near_boundary,20260817,57.94158068053026,626.5808707147555,0.027143589133676583,0.43053384086510393,0.008482371604273932,0.22750163548144664,0.027143589133676583,26.85799474744771,57.941580680553905,0.6160300010499263,False,,False,completed_normally,2001,20.0,0,
traj_0375,normal,20260817,53.86458622333965,1017.582502619168,0.03708796158096713,0.39308384954001985,0.011589987994052227,0.037778660467021545,0.03664035021290673,53.4471995759816,54.14196900767058,0.005195013557962608,False,,False,completed_normally,2001,20.0,0,
traj_0376,normal,20260817,53.63206605555843,1068.1338773011455,0.03772310718843279,0.3911336786542401,0.011788470996385246,0.03772310718860109,0.023398930983583074,53.63206605555843,57.208184123667934,0.06434353551086298,False,,False,completed_normally,2001,20.0,0,
traj_0377,near_boundary,20260817,74.39940833563234,1367.4667736149545,0.0020802434308275558,0.635131918422133,0.0006500760721336112,0.14000326439197291,0.0020802434306535595,36.85389639491401,74.39940833563234,0.5757708010672278,False,,False,completed_normally,2001,20.0,0,
traj_0378,stall,20260817,49.059285385277825,1513.711361615903,0.05206276615615851,0.35728041838449687,0.016269614423799535,0.052062766156285634,-0.5218593390702503,49.059285385277825,52.17945349672758,0.7883479509687036,True,3.23,True,validity_envelope_gamma_exceeded,399,3.98,0,
traj_0379,normal,20260817,52.71951619580971,1475.2300545612545,0.040295889194541135,0.38368457073333173,0.012592465373294105,0.04067836630470008,0.03933176455183882,52.478229784356905,53.27607007668211,0.012632309575056035,False,,False,completed_normally,2001,20.0,0,
traj_0380,normal,20260817,44.775441418371265,1540.3769335390189,0.06954228710871896,0.33437641469236085,0.021731964721474675,0.07552452033331183,0.01685823442156674,42.13905805882608,53.101497070916146,0.19654340319119754,False,,False,completed_normally,2001,20.0,0,
traj_0381,normal,20260817,48.99249221104671,1833.4709645392384,0.052301662022372866,0.3568534559846852,0.01634426938199152,0.09550023949680071,0.03537695869007236,42.61347682269892,50.76911848522641,0.18054513348268963,False,,False,completed_normally,2001,20.0,0,
traj_0382,stall,20260817,41.30848931143069,1168.319489866128,0.08765956456096385,0.3234741725784525,0.027393613925301204,1.2322359493627497,0.0549511528700498,39.329050375617015,49.039037631230826,0.47059163971509543,True,3.11,False,completed_normally,2001,20.0,0,
traj_0383,normal,20260817,74.21486072582938,1648.8804864112121,0.0022734530668687292,0.6324165240840796,0.0007104540833964779,0.02992052352694008,0.0022734530668687292,53.616918585379636,74.21486072583217,0.28045140700310384,False,,False,completed_normally,2001,20.0,0,
traj_0384,normal,20260817,45.37095789016275,1462.3953527849023,0.06682355161864142,0.33698251425279147,0.020882359880825443,0.09504234362869257,0.06682355161860377,40.50883222216767,45.37095789016275,0.09854352916368926,False,,False,completed_normally,2001,20.0,0,
traj_0385,normal,20260817,52.051791136150115,1181.0074534540463,0.04226295328123826,0.37844487673379607,0.013207172900386956,0.076697655609936,0.042262953281138285,44.874310294088865,52.051791136150115,0.1328693555777697,False,,False,completed_normally,2001,20.0,0,
traj_0386,stall,20260817,31.66748296732035,1052.8967831916775,0.1693427177619867,0.3469784406252136,0.052919599300620845,0.9813432485492549,0.0668008068248584,18.608692339266987,59.05136285768716,0.739303602167419,True,2.0300000000000002,False,completed_normally,2001,20.0,0,
traj_0387,normal,20260817,50.77462932315642,1913.7096976058708,0.046238869115127104,0.3689368380813307,0.01444964659847722,0.06251482088993321,0.04623886911511851,47.73641729601571,50.77462932315642,0.05919831675669272,False,,False,completed_normally,2001,20.0,0,
traj_0388,stall,20260817,65.98026037969376,1843.1612495381685,0.012595055217744653,0.5205995569176273,0.003935954755545204,0.31987632998899496,0.012595055217744653,57.995423433369666,65.98026037969376,0.7870677100469151,True,2.23,True,validity_envelope_gamma_exceeded,267,2.66,0,
traj_0389,normal,20260817,43.98087958531062,737.2208336627,0.0733359917500524,0.33121664293088493,0.022917497421891374,0.07518999929520868,0.07241880236066506,43.31373812356255,44.31410790402715,0.013299583616189358,False,,False,completed_normally,2001,20.0,0,
traj_0390,normal,20260817,57.55900589871805,1819.239105748906,0.02798924643106229,0.42676766446904,0.008746639509706965,0.051286462624577187,0.02798924643089784,50.37311746269798,57.55900589871805,0.12463129057238442,False,,False,completed_normally,2001,20.0,0,
traj_0391,normal,20260817,35.4209719441023,1172.456627565839,0.13043264754745687,0.32590897824540654,0.04076020235858027,0.13200977253328586,0.12871769067564856,35.097202228605596,35.80081261828587,0.011538649907658727,False,,False,completed_normally,2001,20.0,0,
traj_0392,stall,20260817,62.88912477748956,1960.1288600220846,0.017541788225034185,0.4835900366643993,0.005481808820323183,0.017541788225051154,-0.2609533370146341,62.88912477748956,64.3808643441166,0.7923932688190699,False,,True,validity_envelope_gamma_exceeded,608,6.07,0,
traj_0393,normal,20260817,74.24267811730773,1878.7679647345456,0.0022442386237547397,0.6328252534122506,0.0007013245699233561,0.03507422110763153,0.0022442386237547397,56.13689857562275,74.24267811732634,0.2550745302674497,False,,False,completed_normally,2001,20.0,0,
traj_0394,normal,20260817,32.83284512002215,535.0480846567305,0.1560064072849924,0.338358259202744,0.048752002276560125,0.1576890067568511,0.1543165087091582,32.526174386791894,33.125913718307764,0.010181476247215875,False,,False,completed_normally,2001,20.0,0,
traj_0395,normal,20260817,55.15512649413737,810.7276624184991,0.03370486680097032,0.4042823278689086,0.010532770875303224,0.03418132453387151,0.033524633595272385,54.84853063778063,55.279118244951555,0.004798929604091596,False,,False,completed_normally,2001,20.0,0,
traj_0396,near_boundary,20260817,51.79554671717382,1156.5971392420347,0.04303766360203425,0.3764824738884555,0.013449269875635704,0.1905321623919212,0.04224542854496477,35.54085634111692,51.79554671717382,0.33766134991050617,False,,False,completed_normally,2001,20.0,0,
traj_0397,normal,20260817,39.0021806938301,808.9692053794945,0.10230697699341232,0.3208408230627518,0.03197093031044135,0.10430964936742904,0.100160840617525,38.47848325883247,39.602386645728714,0.016331032329582124,False,,False,completed_normally,2001,20.0,0,
traj_0398,stall,20260817,69.7543905662283,1768.0589056355911,0.007415060372893087,0.5695371282371572,0.0023172063665290897,0.3977837573332167,0.006983358397201118,62.45538545624197,70.27750431526941,0.7861358929578753,True,5.69,True,validity_envelope_gamma_exceeded,627,6.26,0,
traj_0399,normal,20260817,49.16484298454033,848.6441807549201,0.051687153353109236,0.357959384279945,0.016152235422846637,0.051687153353109236,0.026955169616284136,49.164842984539916,56.57823083523745,0.13635330771908474,False,,False,completed_normally,2001,20.0,0,
traj_0400,normal,20260817,41.477653017155376,1493.6958557178402,0.08667450183687747,0.3238231916648863,0.02708578182402421,0.08810673158201385,0.08530294244932221,41.038151579537285,41.92106841530795,0.011258440451811057,False,,False,completed_normally,2001,20.0,0,
traj_0401,normal,20260817,35.1873400366665,652.0698684480387,0.13253898956251428,0.32669518681476617,0.041418434238285715,0.13511345658982776,0.13010368107832673,34.639916038816985,35.690800112402115,0.016814698025834306,False,,False,completed_normally,2001,20.0,0,
traj_0402,normal,20260817,32.50387618193055,1617.1244084287405,0.15964352729840056,0.3405830466906499,0.04988860228075018,0.16125494747172844,0.15762169275470145,32.25707726455646,32.8887509290294,0.016367057555257126,False,,False,completed_normally,2001,20.0,0,
traj_0403,near_boundary,20260817,54.370746532988434,534.2748831176071,0.03573288436116309,0.3974009215200068,0.011166526362863466,0.22336748770207165,0.026645620108317836,23.63060975121658,57.426895247786995,0.6546979203059246,False,,False,completed_normally,2001,20.0,0,
traj_0404,near_boundary,20260817,74.1588940176344,1450.7377282583252,0.002332329271699381,0.6315948017348413,0.0007288528974060567,0.18303733977039993,0.002332329271699381,37.035566427884056,74.15889401764402,0.5721803775987138,False,,False,completed_normally,2001,20.0,0,
traj_0405,normal,20260817,68.1998866998563,1665.0263074431202,0.009445764609025221,0.5488944806435709,0.0029518014403203817,0.02376962649577362,-0.01939840155960136,68.1998866998563,76.07976238633886,0.20026371989568412,False,,False,completed_normally,2001,20.0,0,
traj_0406,normal,20260817,60.440222362025004,1637.3223368839156,0.022003997031344032,0.456341466867524,0.00687624907229501,0.02241838994043975,0.021766531506078338,60.101306035572236,60.641851456261904,0.0047018508553548395,False,,False,completed_normally,2001,20.0,0,
traj_0407,stall,20260817,56.143893685734696,1715.2381321435928,0.03126642889474884,0.41328058424998254,0.009770759029609014,0.6944140747515997,0.03126642889474884,40.48752712069424,56.1438936857363,0.7854777963353594,True,2.45,True,validity_envelope_gamma_exceeded,449,4.48,0,
traj_0408,stall,20260817,59.749032986955804,1132.6581171413186,0.023362362377431126,0.44899609185335093,0.007300738242947227,0.023362362377431126,-0.386508616436148,59.749032986955804,61.01424995824162,0.7887848453757453,True,2.7,True,validity_envelope_gamma_exceeded,325,3.24,0,
traj_0409,normal,20260817,69.37671158098983,1899.7770655786726,0.00789603651204562,0.5644602027302169,0.0024675114100142564,0.00789603651204562,-0.02255192841806425,69.37671158098983,90.18426314572338,0.27825713507647265,False,,False,completed_normally,2001,20.0,0,
traj_0410,normal,20260817,67.6471144529146,703.2912884859911,0.010201466599810315,0.5417168671335512,0.0031879583124407238,0.041834027092439566,0.010201466599810315,58.713514799954595,67.64711445291496,0.14308124545769366,False,,False,completed_normally,2001,20.0,0,
traj_0411,normal,20260817,56.539770334969695,1088.880570562741,0.030325214733907983,0.4169823108617135,0.009476629604346245,0.05695281768063014,0.030325214733907983,48.91691202397556,56.539770334974875,0.13640774990118953,False,,False,completed_normally,2001,20.0,0,
traj_0412,normal,20260817,55.99123101445131,1974.04377676525,0.0316346453704615,0.4118680909980353,0.009885826678269219,0.06440308353504184,0.015254200050569239,50.088103225507574,55.99123101445131,0.17113492539929703,False,,False,completed_normally,2001,20.0,0,
traj_0413,near_boundary,20260817,63.17007318527434,799.7597131593071,0.017062364715472265,0.48683529420657323,0.0053319889735850825,0.017233993687636156,0.016589256251288348,63.004325082647306,63.6107534124615,0.005495462678604015,False,,False,completed_normally,2001,20.0,0,
traj_0414,normal,20260817,40.97835095936765,1806.6741445957157,0.08961518164314147,0.3228515988625932,0.02800474426348171,0.09038954929344803,0.08894617741901842,40.747458068642906,41.18715022637173,0.005379142841646665,False,,False,completed_normally,2001,20.0,0,
traj_0415,stall,20260817,37.585360133479256,1867.425281055576,0.11256494759757368,0.321381988288858,0.03517654612424177,1.1130114189706108,0.055810867710123835,36.66890615177748,53.366934128618986,0.38381185947754176,True,1.97,False,completed_normally,2001,20.0,0,
traj_0416,normal,20260817,66.10685782510095,1406.6385961955891,0.012406958397967915,0.5221753809141889,0.0038771744993649736,0.022891043581149767,-0.03005162613423361,66.1068578250723,69.87468845520097,0.1301218813728721,False,,False,completed_normally,2001,20.0,0,
traj_0417,normal,20260817,36.47546221984685,1181.6752630983726,0.12137057952882671,0.3231048741318696,0.037928306102758345,0.17665579771994866,0.11083504406128093,31.173483640050804,39.1932047242766,0.13894113923949356,False,,False,completed_normally,2001,20.0,0,
traj_0418,normal,20260817,44.26422858301268,1876.7286433325842,0.07196064188093815,0.3323009562400174,0.02248770058779317,0.07330168728858055,0.07085530532448256,43.788548491069704,44.7021318853006,0.016644357944014743,False,,False,completed_normally,2001,20.0,0,
traj_0419,near_boundary,20260817,66.294654858324,1965.8203226008588,0.012129892065743046,0.5245215355691196,0.003790591270544702,0.012192507663888557,0.011823539263148029,66.22402132957846,66.61769974461617,0.0036532251043225146,False,,False,completed_normally,2001,20.0,0,
traj_0420,near_boundary,20260817,54.39309109748957,763.1723694138491,0.03567391817495137,0.39759375041183087,0.011148099429672303,0.03567391817505527,-0.20146211860090124,54.39309109748957,59.20425039376094,0.7876081587332471,False,,True,validity_envelope_gamma_exceeded,769,7.68,0,
traj_0421,normal,20260817,30.771048469230248,1659.6635507213002,0.18053349315945602,0.35510071276600436,0.056416716612330005,0.2183658428203995,0.16485065581473662,27.68497123687079,33.45529827248473,0.0949461761608433,False,,False,completed_normally,2001,20.0,0,
traj_0422,normal,20260817,49.21123383787564,1995.9871076896593,0.05152282114648028,0.3582594045848774,0.016100881608275087,0.05152282114660402,0.011417987927334103,49.21123383787564,59.451385543205014,0.19175978151055337,False,,False,completed_normally,2001,20.0,0,
traj_0423,stall,20260817,46.19778971823693,1738.834424212183,0.06321538328161497,0.34092543301329037,0.019754807275504677,0.8268210411761958,0.05915108746863881,36.19240974683075,47.84577419016105,0.27242895086503327,True,5.3,False,completed_normally,2001,20.0,0,
traj_0424,stall,20260817,44.063289731740205,1743.3274808508547,0.0729333602081203,0.3315270839111176,0.022791675065037594,0.07293336020820466,-0.30299870565586384,44.063289731740205,46.92944928074494,0.7872168929353516,True,7.09,True,validity_envelope_gamma_exceeded,752,7.51,0,
traj_0425,near_boundary,20260817,30.909623822379277,1648.1229530609085,0.17874499896743976,0.3537543301712498,0.055857812177324925,0.6002906782332599,0.17035203131165658,30.35876116774622,31.56520233361753,0.06007941448292831,True,1.8800000000000001,False,completed_normally,2001,20.0,0,
traj_0426,normal,20260817,67.11489646830532,1969.0984366207372,0.010946589293845971,0.5348878426275414,0.0034208091543268663,0.03146783612931202,0.010946589293732264,60.08713925909575,67.11489646830532,0.10711323137161738,False,,False,completed_normally,2001,20.0,0,
traj_0427,stall,20260817,50.91765197324615,1692.3879235539137,0.04577904935492873,0.369967264239632,0.014305952923415226,0.04678031848876556,0.045543902727961466,50.40070185189536,51.0605744876308,0.012848833428348881,False,,False,completed_normally,2001,20.0,0,
traj_0428,normal,20260817,52.875701356373604,1336.0222294391863,0.0398462782431897,0.3849361181290916,0.012451961950996782,0.04090378636101408,0.039033778402111224,52.26959977456241,53.369199049878695,0.01298787742638263,False,,False,completed_normally,2001,20.0,0,
traj_0429,normal,20260817,35.02193623105332,1284.4734697492943,0.13405279784528387,0.3272895667757586,0.041891499326651205,0.18393235055437368,0.11650576869437851,30.168841254230802,39.223984609791366,0.1376872574545544,False,,False,completed_normally,2001,20.0,0,
traj_0430,normal,20260817,66.24839674956915,1741.6204849347694,0.01219792276525426,0.5239426849246388,0.0038118508641419558,0.03469800153116544,0.01219792276525426,57.80053588593857,66.24839674957678,0.12954596139131372,False,,False,completed_normally,2001,20.0,0,
traj_0431,near_boundary,20260817,34.76734712160534,966.1123509458365,0.13642018656696178,0.3282668571444961,0.042631308302175555,0.5890227327345778,0.1224423289156864,31.086801026960355,37.95937497653542,0.10845767003934581,True,1.8900000000000001,False,completed_normally,2001,20.0,0,
traj_0432,near_boundary,20260817,71.9274461627011,1814.372622674794,0.004791841758736752,0.5995048745540114,0.001497450549605235,0.004791841758920055,-0.15354147067543333,71.9274461627011,126.44423842743146,0.7423676282969337,False,,False,completed_normally,2001,20.0,0,
traj_0433,normal,20260817,69.08949757732633,863.483354369144,0.008267042249410005,0.5606257234127351,0.0025834507029406264,0.044455801531296274,0.008267042249355015,47.24734097652525,69.08949757732633,0.2773124102940346,False,,False,completed_normally,2001,20.0,0,
traj_0434,stall,20260817,39.72184039903414,1078.3984716837374,0.09748039773149383,0.32121970238730063,0.030462624291091825,0.09748039773149383,-0.3496208132688867,39.72184039901551,43.040352320115424,0.7872210578016097,True,5.47,True,validity_envelope_gamma_exceeded,607,6.0600000000000005,0,
traj_0435,normal,20260817,44.0262691492939,1836.4110468689066,0.0731139641481251,0.33138712451886054,0.022848113796289093,0.11472367932850609,0.06883262031109194,37.56802598210835,45.7004998753813,0.14506433715025588,False,,False,completed_normally,2001,20.0,0,
traj_0436,near_boundary,20260817,33.43170902458908,772.3031003761325,0.1496249433967173,0.3347045808010111,0.04675779481147416,0.24300973711908674,-0.06093575360877679,21.647535368868617,49.344559192020846,0.4312600709078956,False,,False,completed_normally,2001,20.0,0,
traj_0437,near_boundary,20260817,60.558241956810825,1864.0689959505798,0.021776630902753922,0.45761113271645976,0.0068051971571106,0.2114696964728185,0.019515295311780423,31.453955909143794,60.558241956810825,0.5433256688521185,False,,False,completed_normally,2001,20.0,0,
traj_0438,normal,20260817,33.901620343387144,1726.1331196420533,0.14482328276063058,0.33217955956582107,0.04525727586269706,0.14632164611944742,0.14244638755207426,33.624716281737676,34.37855111005664,0.01522522146182949,False,,False,completed_normally,2001,20.0,0,
traj_0439,near_boundary,20260817,30.583573264351347,1726.8510513419617,0.1829895654601402,0.3569772300250369,0.05718423920629381,0.2547098543841993,-0.054112244970376644,22.527177601658387,41.06740430616628,0.33383518762763376,False,,False,completed_normally,2001,20.0,0,
traj_0440,normal,20260817,55.875645830999055,1027.8453193897262,0.03191540785726254,0.41080424605038046,0.009973564955394544,0.03217059697275859,0.031736587047640825,55.705392961033866,55.998605176963586,0.0025527063923142853,False,,False,completed_normally,2001,20.0,0,
traj_0441,stall,20260817,62.604616061305165,1788.0272367125053,0.018033796200149426,0.4803282965642891,0.005635561312546695,0.018033796200174264,-0.2724823180545103,62.604616061305165,63.93166679672189,0.7871674037433237,False,,True,validity_envelope_gamma_exceeded,384,3.83,0,
traj_0442,stall,20260817,45.76387043252578,545.4190928805166,0.06508543458943483,0.3388099756092481,0.020339198309198385,0.06574869422572517,-0.43772061062454026,45.38525413987902,48.26630721605478,0.7868359096746865,True,7.12,True,validity_envelope_gamma_exceeded,779,7.78,0,
traj_0443,stall,20260817,58.51230446895069,1549.482790809535,0.02591226931957337,0.4362451364546725,0.008097584162366677,0.29612337250944587,0.02591226931957337,49.97397032747305,58.51230446895472,0.7907451539831465,True,3.14,True,validity_envelope_gamma_exceeded,358,3.5700000000000003,0,
traj_0444,normal,20260817,73.67203641005963,1948.0436097678337,0.0028501177460197465,0.6244812273508062,0.0008906617956311708,0.034713471932673406,0.0028501177459216175,53.28380607084282,73.67203641005963,0.2779780128921621,False,,False,completed_normally,2001,20.0,0,
traj_0445,normal,20260817,30.047791997939154,935.8347066320176,0.1902547406296167,0.3627007294402809,0.05945460644675522,0.23050895806184973,0.13762068464340166,25.0732736886915,34.51637767229356,0.18897858438370888,False,,False,completed_normally,2001,20.0,0,
traj_0446,normal,20260817,35.74921806606484,767.6821080325815,0.12753502401005987,0.3249076319064872,0.03985469500314371,0.12753502401005987,0.07143287179643742,35.279725055337074,42.31373121156736,0.16053821292208353,False,,False,completed_normally,2001,20.0,0,
traj_0447,normal,20260817,67.00922992949026,520.882556481812,0.01109661893912144,0.5335415996482691,0.00346769341847545,0.011263901437288554,0.011013940876760282,66.82908877241864,67.09908854924929,0.001312155892669677,False,,False,completed_normally,2001,20.0,0,
traj_0448,stall,20260817,35.617507764599395,522.6381607628923,0.12868915869169284,0.3252951210038821,0.04021536209115401,1.2886291186693233,0.0457972272858837,35.155218919968384,63.63818390971791,0.7035850204453784,True,5.84,False,completed_normally,2001,20.0,0,
traj_0449,near_boundary,20260817,38.35193707765059,1864.025039239711,0.10688538899733543,0.3208697336543129,0.033401684061667325,0.5287012788184478,0.08385236652442891,29.29981410271415,45.61106217403311,0.2459976239111177,True,3.8200000000000003,False,completed_normally,2001,20.0,0,
traj_0450,normal,20260817,70.80111495436739,1429.6935276482272,0.0061216449922900755,0.5838120966207914,0.0019130140600906486,0.025022906327874066,-0.00552042137772242,68.39631121618481,73.11785920396848,0.08273837561073714,False,,False,completed_normally,2001,20.0,0,
traj_0451,stall,20260817,46.519661761808095,757.8240902113265,0.061860732155074025,0.3425592836656456,0.019331478798460634,0.061860732155074025,-0.23118115806832484,46.51966176180579,50.57271930036656,0.7908685413469326,False,,True,validity_envelope_gamma_exceeded,554,5.53,0,
traj_0452,near_boundary,20260817,52.9188334142669,1906.4788065703697,0.03972280034903681,0.3852834610762272,0.012413375109074004,0.03972280034907648,-0.18107966657627672,52.9188334142669,90.02691875841268,0.6489280644839153,False,,False,completed_normally,2001,20.0,0,
traj_0453,stall,20260817,49.82865987370503,1027.227930971693,0.04937807346190372,0.36234593425968825,0.015430647956844911,0.04937807346190372,-0.3524931549928173,49.82865987369247,51.91061716744322,0.7856441567937208,True,6.07,True,validity_envelope_gamma_exceeded,663,6.62,0,
traj_0454,near_boundary,20260817,62.04870425639006,1052.7857189265617,0.019014500048149835,0.47402715142840285,0.005942031265046823,0.019255059656020264,0.018896046840775095,61.8375947966685,62.15655378651536,0.002681458152649534,False,,False,completed_normally,2001,20.0,0,
traj_0455,stall,20260817,70.62727008407633,854.9138971801144,0.006332525505346489,0.5814205433699563,0.0019789142204207776,0.3144907653072091,0.006332525505316101,62.74152286602466,70.62727008407633,0.7921142303091784,True,1.76,True,validity_envelope_gamma_exceeded,216,2.15,0,
traj_0456,near_boundary,20260817,73.48184237348435,736.1935263910822,0.0030551700848600277,0.6217191817552933,0.0009547406515187587,0.0030551700848600277,-0.13855497671289824,73.48184237347107,109.81221080455009,0.48781584705949455,False,,False,completed_normally,2001,20.0,0,
traj_0457,normal,20260817,61.355866721531314,1049.5511019829112,0.0202737744820221,0.4663088428593195,0.006335554525631906,0.06151010271726495,0.0202737744820221,42.68610338784436,61.355866721535364,0.27969796563817106,False,,False,completed_normally,2001,20.0,0,
traj_0458,normal,20260817,44.58700042648655,1202.3004256124455,0.0704244499876813,0.333593729446649,0.022007640621150404,0.0704244499876813,0.021187993886029904,44.587000426459134,56.95809818148708,0.19124481266527305,False,,False,completed_normally,2001,20.0,0,
traj_0459,normal,20260817,52.77797384176268,1927.4597934307747,0.040127149086663816,0.38415186306629473,0.012539734089582442,0.04012714908667675,0.022544634093847896,52.77797384176268,57.17109229134543,0.08420955306986457,False,,False,completed_normally,2001,20.0,0,
traj_0460,normal,20260817,37.9782752957709,1213.9301734508317,0.10961457390554366,0.32105304270399354,0.0342545543454824,0.13199008489510167,0.08201648470886021,34.32229047121119,40.87112570876581,0.10427482529992159,False,,False,completed_normally,2001,20.0,0,
traj_0461,normal,20260817,53.530313925392946,1526.9970057000426,0.03800360635815139,0.3902868700507143,0.01187612698692231,0.08802750911043311,0.03780724893045459,41.099320552913596,53.530313925392946,0.2399013744798239,False,,False,completed_normally,2001,20.0,0,
traj_0462,normal,20260817,45.19926636852737,1892.951066652793,0.06759679133429727,0.33621071587972035,0.0211239972919679,0.12509554343201926,0.05782973840638245,33.311548915955306,49.20647122336512,0.23721028760927892,False,,False,completed_normally,2001,20.0,0,
traj_0463,stall,20260817,70.35361065661355,1958.5692337256282,0.006667625712457206,0.577672523398847,0.002083633035142877,0.006667625712457206,-0.2855354755781181,70.3536106566114,71.48276961122383,0.7947743012863406,True,7.17,True,validity_envelope_gamma_exceeded,731,7.3,0,
traj_0464,stall,20260817,73.57954778536168,683.6600330456004,0.0029496349903827324,0.6231368947663773,0.0009217609344946039,0.29208340859983517,0.002949634990243745,65.81435112732807,73.57954778536168,0.7927285246071805,True,5.75,True,validity_envelope_gamma_exceeded,594,5.93,0,
traj_0465,normal,20260817,66.50003859482028,770.0507972583755,0.011829532445780822,0.527099060514633,0.0036967288893065067,0.012188962675476277,0.011829532445780822,66.12217962872272,66.50003859484083,0.005624768955544496,False,,False,completed_normally,2001,20.0,0,
traj_0466,near_boundary,20260817,56.62577571486212,1281.90103750849,0.030123295725532056,0.4177939063040116,0.009413529914228768,0.23417091956856995,0.01699967436026073,23.660509961553988,64.0560517497341,0.6802286645048997,False,,False,completed_normally,2001,20.0,0,
traj_0467,stall,20260817,30.93296679042568,1162.5067820113652,0.17844593054363456,0.353530890351262,0.0557643532948858,0.17844593054363456,-0.47908541632233204,30.93296679042003,35.890149136713745,0.7865749442372306,True,4.21,True,validity_envelope_gamma_exceeded,502,5.01,0,
traj_0468,normal,20260817,51.03327594125921,588.19683401469,0.045410073198366235,0.3708067052115836,0.014190647874489449,0.04541007319850272,-0.005939311686685489,51.03327594125921,61.02443866932613,0.18102345262504543,False,,False,completed_normally,2001,20.0,0,
traj_0469,normal,20260817,39.503811019976375,647.5983059295122,0.09891685641055714,0.32106063751557107,0.030911517628299107,0.1504817077766083,0.08435892484035445,32.03125110832877,44.149872710281294,0.18351295806030646,False,,False,completed_normally,2001,20.0,0,
traj_0470,near_boundary,20260817,64.05818287851469,1431.0233026233136,0.015587614996296507,0.49725151379358595,0.004871129686342658,0.015948091612900252,0.01541624119467687,63.715648913538544,64.22751426813775,0.00402777664410384,False,,False,completed_normally,2001,20.0,0,
traj_0471,stall,20260817,59.964798827868805,1028.1141718180636,0.02293335155026178,0.45127239529912583,0.007166672359456807,0.27678398678219274,0.022933351550180538,51.52616288221617,59.964798827868805,0.7901748227789848,False,,True,validity_envelope_gamma_exceeded,648,6.47,0,
traj_0472,normal,20260817,44.08852012334853,619.3860017344025,0.07281052383013997,0.3316229377281587,0.02275328869691874,0.11617760285632384,0.06405473537785081,38.60752436379007,47.65505385602987,0.14607943850331243,False,,False,completed_normally,2001,20.0,0,
traj_0473,normal,20260817,60.28905555936182,1673.287848357243,0.02229714722525759,0.45472175815927646,0.006967858507892996,0.07480639790365073,0.02229714722525759,37.529813306423,60.28905555936218,0.3383568731500446,False,,False,completed_normally,2001,20.0,0,
traj_0474,stall,20260817,55.768755440180385,1870.1713159922335,0.03217657863496537,0.4098247334385958,0.010055180823426678,1.003304993457099,0.032176578634927976,38.05830793721876,55.768755440180385,0.37705780294127933,True,5.71,False,completed_normally,2001,20.0,0,
traj_0475,stall,20260817,69.71342494702104,1210.0687570878617,0.007466856465084874,0.5689845504568679,0.002333392645339023,0.3467250272214166,0.007466856465084874,61.84534841013959,69.71342494702704,0.7875645895731855,True,4.78,True,validity_envelope_gamma_exceeded,521,5.2,0,
traj_0476,normal,20260817,64.73835554148039,1172.157278214918,0.01449847237649967,0.5053890402881156,0.0045307726176561465,0.060436231209107905,0.014498472376408415,52.48297776634577,64.73835554148039,0.19641593699422316,False,,False,completed_normally,2001,20.0,0,
traj_0477,normal,20260817,31.351559085339353,1228.550633505922,0.17318695597185121,0.34968492854025207,0.0541209237412035,0.19711969694841172,0.14135276820889991,27.959670446921493,33.66590304873663,0.1207033094889469,False,,False,completed_normally,2001,20.0,0,
traj_0478,normal,20260817,32.942219885296986,772.1702117177849,0.15481821327245998,0.33765333609087117,0.04838069164764374,0.1751446730776223,0.10257780786151187,29.23866462433665,38.88929060844222,0.1612375401289385,False,,False,completed_normally,2001,20.0,0,
traj_0479,normal,20260817,49.37893082135078,1287.13753258736,0.050932537120739564,0.359352181840171,0.015916417850231113,0.05093253712078489,0.022715104412176758,49.37893082135078,54.73373305042264,0.1035832753525161,False,,False,completed_normally,2001,20.0,0,
traj_0480,stall,20260817,64.5103733089721,816.8888103663572,0.014859743906810753,0.5026461304523735,0.00464366997087836,0.014859743906810753,-0.2506946283913968,64.51037330897123,66.06857953897313,0.7874188991791852,False,,True,validity_envelope_gamma_exceeded,254,2.5300000000000002,0,
traj_0481,normal,20260817,52.81508994007997,625.1431445640397,0.040020296815276565,0.3844492673683182,0.012506342754773928,0.08144732968030378,0.024861743666051934,42.97466101073612,56.76134726854655,0.1980693876166252,False,,False,completed_normally,2001,20.0,0,
traj_0482,stall,20260817,59.18224249770591,1742.9041796101735,0.024511433694869106,0.4430893137651052,0.007659823029646596,0.02557370006159327,0.02451143369486785,58.368605558715046,59.18967332270364,0.013797496654521162,False,,False,completed_normally,2001,20.0,0,
traj_0483,normal,20260817,72.1119660532143,749.1257133635133,0.004579850694079469,0.6021082482044052,0.001431203341899834,0.04467337194802237,0.004579850694079469,48.75191462095544,72.11196605321496,0.34227471128317466,False,,False,completed_normally,2001,20.0,0,
traj_0484,normal,20260817,73.36774146519201,1041.4840006577042,0.003178943625590799,0.620066753386602,0.0009934198829971246,0.003178943625590799,-0.008459688375070107,73.36774146515775,81.6461982360377,0.10898216448970409,False,,False,completed_normally,2001,20.0,0,
traj_0485,near_boundary,20260817,36.2703793318341,1988.33760004117,0.12307780753392283,0.32355777112505857,0.038461814854350886,0.1842570205828874,-0.1303184252959935,25.472555477195492,51.854069618622724,0.3991016994876014,False,,False,completed_normally,2001,20.0,0,
traj_0486,near_boundary,20260817,59.83458210756298,1746.4238179462156,0.023191716171194022,0.44989680569368495,0.007247411303498132,0.17318459416327434,0.023191716171194022,38.97449093822057,59.83458210756507,0.37814489545147445,False,,False,completed_normally,2001,20.0,0,
traj_0487,stall,20260817,65.80633297817425,1330.102785427912,0.012855226399109312,0.5184421791600519,0.00401725824972166,0.6912711921339082,0.012855226399109312,55.02584400677201,65.80633297819124,0.7857245498732904,True,4.91,True,validity_envelope_gamma_exceeded,613,6.12,0,
traj_0488,near_boundary,20260817,57.4336851083367,1720.6407239441878,0.028269883269453618,0.4255449436016413,0.008834338521704255,0.028269883269453618,-0.15033903040420848,57.43368510833184,90.44521946151808,0.5420107734465416,False,,False,completed_normally,2001,20.0,0,
traj_0489,normal,20260817,70.09430408169194,1333.8688658712915,0.006988742213792491,0.5741399393668268,0.002183981941810153,0.02289731028842043,-0.02633725821710059,68.93744283934528,77.8624915271376,0.22067565290597965,False,,False,completed_normally,2001,20.0,0,
traj_0490,normal,20260817,70.14554383279194,974.3188921750173,0.006925009063194636,0.5748365306646116,0.002164065332248324,0.0069250090633126175,-0.03280709636703166,70.14554383279194,100.52122615560509,0.41762915743744655,False,,False,completed_normally,2001,20.0,0,
traj_0491,normal,20260817,39.44827858236076,1360.8400756230308,0.09928626364439422,0.3210262060961678,0.03102695738887319,0.1924851928481635,0.09800070022156662,27.505156883995543,39.8563331574495,0.2864065881505046,False,,False,completed_normally,2001,20.0,0,
traj_0492,near_boundary,20260817,49.1688346447551,1070.2913876222424,0.0516729957315646,0.3579851602908863,0.016147811166113937,0.3950419866212428,0.027006560249252298,17.529989162608516,61.266846347214305,0.7696192136189014,True,5.3,False,completed_normally,2001,20.0,0,
traj_0493,normal,20260817,56.32693445965699,785.1135503741548,0.03082881597179148,0.414985184084768,0.009634004991184839,0.031717737611031846,0.03019479690123233,55.72567712913988,56.7705964420369,0.0076697304131669785,False,,False,completed_normally,2001,20.0,0,
traj_0494,stall,20260817,73.99553257338998,1122.4045968185533,0.002504940932952701,0.6292009638529958,0.000782794041547719,0.21472348424793775,0.002504940932952701,66.03010221046524,73.9955325733911,0.791906823105379,False,,True,validity_envelope_gamma_exceeded,261,2.6,0,
traj_0495,normal,20260817,41.219835595584335,1760.049576534491,0.08818037558822095,0.3232993389958934,0.027556367371319047,0.0882785613807469,0.07009338921056772,41.08807347546033,43.425741895355934,0.05116839862670717,False,,False,completed_normally,2001,20.0,0,
traj_0496,normal,20260817,53.338284363348414,1314.0829348748862,0.03853726586526868,0.3886997550641405,0.012042895582896462,0.08291247710091729,0.03853726586525127,41.25064750089397,53.338284363348414,0.22528557926997406,False,,False,completed_normally,2001,20.0,0,
traj_0497,near_boundary,20260817,31.991935345539027,500.9692391052853,0.16550032726936814,0.3443678832812115,0.051718852271677544,0.7479889274368987,0.14719250416025237,29.385173767999593,35.16299218330456,0.1484808798473069,True,2.5500000000000003,False,completed_normally,2001,20.0,0,
traj_0498,near_boundary,20260817,65.38688204828873,574.5790946785929,0.013491130760459276,0.5132756182235493,0.004215978362643524,0.013491130760459276,-0.18117851120757494,65.38688204828873,104.78659727374321,0.573284459441506,False,,False,completed_normally,2001,20.0,0,
traj_0499,stall,20260817,63.1872044652142,1972.3383843438676,0.017033335207702022,0.4870339582976375,0.005322917252406883,0.3718658996633527,0.017033335207702022,54.84289783411054,63.18720446521552,0.7858382781155356,True,3.45,True,validity_envelope_gamma_exceeded,408,4.07,0,
traj_0500,near_boundary,20260817,52.952012646724064,1071.195594283582,0.03962801633482879,0.38555115780325905,0.012383755104633997,0.21308445562658868,0.03962801633471183,29.80123901256024,52.952012646724064,0.4858737831870668,False,,False,completed_normally,2001,20.0,0,
traj_0501,normal,20260817,64.91800748726835,1590.0351340677973,0.014216433166662865,0.507561326827218,0.004442635364582145,0.014216433166662865,-0.01890275324663558,64.91800748726783,87.94114490144044,0.28308813770496655,False,,False,completed_normally,2001,20.0,0,
traj_0502,near_boundary,20260817,64.31860172443696,822.753557136574,0.015166578259465675,0.5003508474845046,0.004739555706083023,0.20571149074305206,0.015166578259465675,31.158849517299785,64.31860172444114,0.589650422888135,False,,False,completed_normally,2001,20.0,0,
traj_0503,normal,20260817,74.55311419011213,955.2649222374214,0.0019204071231674993,0.6374003025581858,0.0006001272259898435,0.03122778781126334,-0.010242313825686772,67.87416985968626,74.55311419014127,0.15160533950498725,False,,False,completed_normally,2001,20.0,0,
traj_0504,stall,20260817,40.97971427266692,1414.959871987457,0.0896070143753524,0.3228540087401268,0.028002191992297625,0.09232379564329611,0.08739498027275337,40.15308984812299,41.65587752262653,0.017406882945798407,False,,False,completed_normally,2001,20.0,0,
traj_0505,normal,20260817,36.476388799037686,1200.202284980825,0.12136292475926352,0.32310292615102876,0.03792591398726985,0.18412544185953764,0.09813302870762,29.388164077616846,42.877157405952026,0.19322549496627586,False,,False,completed_normally,2001,20.0,0,
traj_0506,near_boundary,20260817,54.79835168745953,1514.2986472748332,0.03461671211549582,0.4011237644250576,0.010817722536092445,0.034616712115641,-0.13699531248272664,54.79835168745953,78.62664549574802,0.41426050878847426,False,,False,completed_normally,2001,20.0,0,
traj_0507,normal,20260817,64.36652561206252,809.6173281581778,0.015089646052576781,0.5009234135871424,0.004715514391430245,0.030681956066565416,0.015089646052576781,58.7446989647244,64.36652561206368,0.08729017443747188,False,,False,completed_normally,2001,20.0,0,
traj_0508,stall,20260817,59.59288301971615,1955.3722290423473,0.023675707125235423,0.4473582291502123,0.00739865847663607,0.023675707125242917,-0.2777110541630067,59.59288301971615,61.34474417924157,0.7923986599537857,False,,True,validity_envelope_gamma_exceeded,439,4.38,0,
traj_0509,normal,20260817,49.522904268842666,1199.2733001088084,0.050430409761521924,0.3603006164591379,0.0157595030504756,0.06480161383955804,0.05043040976146518,46.78276827463954,49.522904268842666,0.06247208151857838,False,,False,completed_normally,2001,20.0,0,
traj_0510,stall,20260817,70.81977796901494,1006.1118820936612,0.006099097382621991,0.5840693284044127,0.0019059679320693722,0.29575722414133354,0.006099097382621991,62.96572323330952,70.81977796901576,0.7918120229510346,True,6.54,True,validity_envelope_gamma_exceeded,682,6.8100000000000005,0,
traj_0511,stall,20260817,41.47192261392284,762.4657625315112,0.0867076848772888,0.32381103958171403,0.02709615152415275,0.08811142228082362,0.08538665551260588,41.041878541433974,41.898686706570096,0.010837969116931277,False,,False,completed_normally,2001,20.0,0,
traj_0512,normal,20260817,69.82034291729396,850.7411859863039,0.00733186107759691,0.5704277169967645,0.0022912065867490344,0.041012063232644266,0.00733186107759691,55.36850362734459,69.82034291729867,0.21138026538143034,False,,False,completed_normally,2001,20.0,0,
traj_0513,normal,20260817,65.43867633382033,1382.4530975491057,0.01341195392304554,0.5139108083536608,0.004191235600951731,0.013411953923119906,-0.015071540826774407,65.43867633382033,78.46456785585903,0.19035751567123005,False,,False,completed_normally,2001,20.0,0,
traj_0514,normal,20260817,33.13133721972433,907.0151281264576,0.15278794039020618,0.3364745426165317,0.04774623137193943,0.15368210981889188,0.1519402545027928,32.96424319758797,33.2810167194939,0.00548734854007377,False,,False,completed_normally,2001,20.0,0,
traj_0515,near_boundary,20260817,69.05734845159576,834.4271257720678,0.00830885587579866,0.5601979357206059,0.0025965174611870807,0.13057586692464426,0.00830885587579866,43.6207728773199,69.05734845159576,0.4019010634434853,False,,False,completed_normally,2001,20.0,0,
traj_0516,normal,20260817,59.06435170814532,805.8006172824438,0.02475454159085193,0.44187406183046735,0.007735794247141228,0.024754541590912334,0.011081121382702857,59.06435170814532,61.98355423075053,0.04862804535503392,False,,False,completed_normally,2001,20.0,0,
traj_0517,normal,20260817,49.42582230242369,1237.2799517717688,0.05076852732267563,0.35966004600667717,0.015865164788336134,0.05111879631730104,0.05058056786659934,49.25662605997014,49.5190638806393,0.0019200905257756775,False,,False,completed_normally,2001,20.0,0,
traj_0518,normal,20260817,46.714073852537126,1556.4423137655954,0.061055592190752336,0.34357238131571954,0.019079872559610106,0.061055592190752336,0.020698219355121866,46.714073852537126,58.18637673019073,0.16858707050805752,False,,False,completed_normally,2001,20.0,0,
traj_0519,near_boundary,20260817,52.095410753038024,1400.6360423375065,0.042132189648682886,0.37878162231784623,0.013166309265213401,0.042132189648682886,-0.19979949187344953,52.09541075302859,57.550601087192305,0.7858705162322446,False,,True,validity_envelope_gamma_exceeded,785,7.84,0,
traj_0520,normal,20260817,51.56699420264768,1989.2797533747373,0.04373820214107764,0.3747551019601307,0.013668188169086763,0.07822543878237181,0.043738202141026146,44.80374640252608,51.56699420264768,0.1326220376446531,False,,False,completed_normally,2001,20.0,0,
traj_0521,normal,20260817,70.99345024179065,1526.829064387643,0.005890119758407114,0.5864675785326537,0.0018406624245022232,0.006193574890088583,0.005714974793773456,70.61452348417122,71.21543796365009,0.002441286512966443,False,,False,completed_normally,2001,20.0,0,
traj_0522,stall,20260817,48.93084313314342,1145.4174764163606,0.05252300431957771,0.35646121461536134,0.016413438849868033,0.9098918743412199,0.04491125853958879,41.43041179207985,52.93865728820374,0.28411312330055216,True,3.08,False,completed_normally,2001,20.0,0,
traj_0523,near_boundary,20260817,46.93359303080723,1906.1898845049775,0.06015807870900379,0.3447397816371848,0.018799399596563685,0.2250695166650482,0.053823813916996255,28.059636924231835,48.76798501387189,0.43989076917096337,False,,False,completed_normally,2001,20.0,0,
traj_0524,stall,20260817,55.22686009310689,1888.4115969265072,0.03352362243120575,0.40492309622611655,0.010476132009751796,0.03352362243120575,-0.2459590002469253,55.2268600931033,57.640250026884615,0.7859101557980238,False,,True,validity_envelope_gamma_exceeded,332,3.31,0,
traj_0525,normal,20260817,56.75107635776152,1283.1112801634943,0.029830735670925024,0.4189810047473398,0.00932210489716407,0.030039828236786695,0.02970842532050936,56.605716979818155,56.83928809524817,0.002126734654127576,False,,False,completed_normally,2001,20.0,0,
traj_0526,normal,20260817,44.52506932938301,577.4573804076289,0.07071672145996521,0.33334097475261126,0.02209897545623913,0.10235351447599113,0.07060815600703194,38.34263103305966,44.65069969455385,0.13976915600124348,False,,False,completed_normally,2001,20.0,0,
traj_0527,near_boundary,20260817,50.35499665210383,1026.3552583954522,0.04761013233599429,0.3659646191545738,0.014878166354998215,0.25101421531657575,0.031933371181146586,28.518182657540027,58.89515735253302,0.48208428090556604,False,,False,completed_normally,2001,20.0,0,
traj_0528,stall,20260817,58.97855826239185,968.0154465837098,0.024932363856378086,0.44099258444198985,0.007791363705118152,1.0741513505288052,0.024932363856378086,30.711295150349798,58.97855826240365,0.514746021270147,True,4.9,False,completed_normally,2001,20.0,0,
traj_0529,normal,20260817,38.9081142107458,657.4817855886788,0.10295623606582965,0.3208227524430734,0.03217382377057176,0.15813102741272012,0.09718628434606617,31.040572389205,40.52727354840144,0.19228483986421152,False,,False,completed_normally,2001,20.0,0,
traj_0530,near_boundary,20260817,56.0897552150614,1110.3821561679204,0.03139667063540827,0.4127787142423357,0.009811459573565084,0.25027947311067056,0.017897477917871107,27.59956458286305,64.96571984227592,0.5802743234055064,False,,False,completed_normally,2001,20.0,0,
traj_0531,normal,20260817,56.73319869467179,950.0423409511726,0.02987236101986477,0.41881129212434987,0.00933511281870774,0.030390709354557715,0.029142985635076557,56.365012406430395,57.247039572171644,0.007772632573099555,False,,False,completed_normally,2001,20.0,0,
traj_0532,normal,20260817,55.37982640068786,1641.2295178955005,0.0331394408568374,0.4062958247751979,0.010356075267761687,0.05929202279072053,0.0331394408568374,48.414018848193365,55.37982640069107,0.12557451777421558,False,,False,completed_normally,2001,20.0,0,
traj_0533,normal,20260817,69.65519801128976,1794.9379848157002,0.007540633121767802,0.568199932571529,0.002356447850552438,0.007774993951297636,0.007409812617636824,69.37622460968295,69.81275439860151,0.0017455012549940942,False,,False,completed_normally,2001,20.0,0,
traj_0534,normal,20260817,36.106117207278984,583.5973498028397,0.12446405470783689,0.3239520803406466,0.038895017096199025,0.12565519299968814,0.12277743957190355,35.84919527686785,36.49688711545664,0.011615019054576623,False,,False,completed_normally,2001,20.0,0,
traj_0535,normal,20260817,74.4227812869585,954.3094073439416,0.0020558749876291495,0.635476457892743,0.0006424609336341092,0.0022509363082797162,0.0020265908506364133,74.146882857759,74.46740761380025,0.0024810760490244265,False,,False,completed_normally,2001,20.0,0,
traj_0536,near_boundary,20260817,68.52776450992964,1444.4407227997362,0.009006042694264027,0.5531924727846144,0.0028143883419575084,0.009006042694280451,-0.14691931695791555,68.52776450992964,107.41133977222302,0.5408285019535038,False,,False,completed_normally,2001,20.0,0,
traj_0537,normal,20260817,65.97166951016106,1449.444236745331,0.012607858221428927,0.5204927903359108,0.00393995569419654,0.013164640329680857,0.012607858221428927,65.39995628604785,65.97166951017515,0.008032611809283935,False,,False,completed_normally,2001,20.0,0,
traj_0538,stall,20260817,44.61944313803233,1983.827509334712,0.07027180885811779,0.3337270215653577,0.02195994026816181,0.07262511470026524,0.06763847503243957,43.71757794104431,45.62336480072739,0.023711532693436226,False,,False,completed_normally,2001,20.0,0,
traj_0539,normal,20260817,60.924103947671945,876.1651485203982,0.02108005689310358,0.4615755080334521,0.006587517779094869,0.02108005689310358,-0.025849828398231245,60.924103947671725,85.78526433656602,0.3666461676265545,False,,False,completed_normally,2001,20.0,0,
traj_0540,normal,20260817,59.67081229507765,1995.074986778215,0.02351902404808146,0.44817463269635915,0.007349695015025456,0.02364565997702751,0.023056741362814805,59.56280379111573,60.040962201637,0.004983574072733217,False,,False,completed_normally,2001,20.0,0,
traj_0541,near_boundary,20260817,56.24792362272527,1887.4403180095153,0.03101719948567048,0.4142479088753476,0.009692874839272024,0.03101719948567189,-0.19091317221045517,56.24792362272527,61.35355245587801,0.787667485795592,False,,True,validity_envelope_gamma_exceeded,418,4.17,0,
traj_0542,near_boundary,20260817,70.59340688220351,1077.9940497853922,0.006373782454627954,0.5809556494632069,0.0019918070170712354,0.1689217997364991,0.006373782454627954,39.36628112016608,70.59340688220615,0.4944586914630711,False,,False,completed_normally,2001,20.0,0,
traj_0543,normal,20260817,53.073563105544906,1857.9202109557004,0.03928226615298808,0.3865355864871189,0.012275708172808774,0.059051209344907596,0.0391454898322091,50.29880613634828,53.27530740945378,0.05416873933845927,False,,False,completed_normally,2001,20.0,0,
traj_0544,near_boundary,20260817,73.9544272911854,1168.7864204180628,0.002548552326173862,0.6285997235821846,0.0007964226019293319,0.0025485523262527058,-0.1265605533044289,73.9544272911854,114.56516992523933,0.5317090989926123,False,,False,completed_normally,2001,20.0,0,
traj_0545,normal,20260817,66.15137478128116,1293.3753138868067,0.01234106928721582,0.5227306101627557,0.003856584152254944,0.012341069287382678,-0.005570707492416255,66.15137478128116,75.56393360403693,0.13533491189431776,False,,False,completed_normally,2001,20.0,0,
traj_0546,near_boundary,20260817,41.37812155535393,1429.163227226154,0.08725270768142113,0.323615397556956,0.027266471150444102,0.0896765059033135,-0.08890511503256704,39.40424773956603,55.27872348950426,0.3218351620419133,False,,False,completed_normally,2001,20.0,0,
traj_0547,stall,20260817,65.16226933274642,635.7624214166418,0.013836653560849038,0.5105301376902123,0.0043239542377653244,0.013836653561023845,-0.2560114083572046,65.16226933274642,67.5012265916235,0.7942335445443233,False,,True,validity_envelope_gamma_exceeded,719,7.18,0,
traj_0548,normal,20260817,55.5868402613775,1028.7777792803595,0.032624469941192585,0.40816726533059533,0.010195146856622683,0.032837825310773706,0.014539385618635579,55.370921194054915,59.7296086070683,0.07518049076572964,False,,False,completed_normally,2001,20.0,0,
traj_0549,normal,20260817,41.885476708028214,705.2780002699989,0.08434584367528833,0.3247465510868724,0.0263580761485276,0.14248307942485675,0.08434584367528833,33.29221766348019,41.88547670802986,0.20490470666646166,False,,False,completed_normally,2001,20.0,0,
traj_0550,normal,20260817,58.0558128193849,1506.3139345277482,0.02689427168915902,0.4316681058876225,0.008404459902862193,0.0277364069968245,0.02633578078142616,57.43926933824354,58.47788978470153,0.007097645045962653,False,,False,completed_normally,2001,20.0,0,
traj_0551,stall,20260817,59.36578345243539,1177.7040540121636,0.024135782555336126,0.4449904781347739,0.00754243204854254,0.024135782555350403,-0.2652293779156992,59.36578345243539,61.59797971546095,0.7900975911775984,False,,True,validity_envelope_gamma_exceeded,633,6.32,0,
traj_0552,stall,20260817,74.2297864963169,1581.249230712246,0.0022577736450534627,0.6326358077706462,0.0007055542640792071,0.2905378207740337,0.0022577736450201938,66.49780220712148,74.2297864963169,0.790217007301818,True,2.47,True,validity_envelope_gamma_exceeded,265,2.64,0,
traj_0553,stall,20260817,38.629944729513056,882.4392949116258,0.10490185571473931,0.32081304281536366,0.032781829910856035,0.10490185571473931,-0.2136088381462774,38.62994472951271,43.575351548211394,0.7881832576931501,False,,True,validity_envelope_gamma_exceeded,270,2.69,0,
traj_0554,normal,20260817,57.64097066383993,1358.3541996287684,0.027806672521227517,0.4275703091671391,0.008689585162883599,0.028065395842369105,0.027223146152571313,57.441041436651446,58.06637495540668,0.008082085559007577,False,,False,completed_normally,2001,20.0,0,
traj_0555,near_boundary,20260817,43.45284563823163,1290.6117609056696,0.07596797955382523,0.32932490536933856,0.023739993610570383,0.07596797955382523,-0.13405677321887954,43.4528456382309,66.52379992726068,0.49696213481867724,False,,False,completed_normally,2001,20.0,0,
traj_0556,near_boundary,20260817,62.18203149747899,783.0162750980121,0.018776924151743497,0.4755296544108795,0.005867788797419843,0.2259862320133159,0.018776924151693433,51.97133839548496,62.18203149747899,0.785990885437579,False,,True,validity_envelope_gamma_exceeded,796,7.95,0,
traj_0557,normal,20260817,64.07261490990325,1583.0713187237059,0.015564148927208334,0.49742274306119993,0.004863796539752604,0.015759387030388386,0.015143518136379316,63.878744558258845,64.4794178370855,0.005470999754180924,False,,False,completed_normally,2001,20.0,0,
traj_0558,normal,20260817,52.14635462253799,762.7389316322497,0.04197987550993461,0.37917589886574693,0.013118711096854564,0.04197987550999821,0.002974753668631619,52.14635462253799,64.07274259440223,0.21161501638913627,False,,False,completed_normally,2001,20.0,0,
traj_0559,stall,20260817,69.34320349676233,1252.332245435769,0.007939085270891426,0.564011673408313,0.0024809641471535706,0.2520894917582297,0.007939085270891426,61.4411500237022,69.34320349678583,0.7869611138576729,False,,True,validity_envelope_gamma_exceeded,689,6.88,0,
traj_0560,normal,20260817,59.176587985188874,526.0910094501982,0.024523061440527516,0.4430309200645901,0.007663456700164849,0.09094546024485833,0.024523061440527516,33.19805995770297,59.176587985205195,0.4255401991607965,False,,False,completed_normally,2001,20.0,0,
traj_0561,normal,20260817,51.99306517269674,845.4242970987606,0.04243951176352777,0.3779927435952706,0.013262347426102428,0.04243951176352777,-0.003039941259170953,51.99306517268686,65.43388660662947,0.23935493266135066,False,,False,completed_normally,2001,20.0,0,
traj_0562,normal,20260817,54.14051357569523,813.0233216706168,0.03634463524845677,0.39542510979526274,0.01135769851514274,0.08429026279252808,0.03634463524845677,41.13736647041184,54.1405135757222,0.2456523908702328,False,,False,completed_normally,2001,20.0,0,
traj_0563,normal,20260817,53.28672263797816,1406.9221514280705,0.03868152227589643,0.38827605995991654,0.012087975711217632,0.03868152227589643,0.011320671746453806,53.286722637976276,63.5198426448743,0.1732574065478638,False,,False,completed_normally,2001,20.0,0,
traj_0564,near_boundary,20260817,64.94531785529425,1641.855709499076,0.01417376048665919,0.5078923893109566,0.004429300152080996,0.19819069675843204,0.01417376048647757,24.445787718586157,64.94531785529425,0.7421043063817018,False,,False,completed_normally,2001,20.0,0,
traj_0565,stall,20260817,71.3174722741106,1924.7180094343278,0.005504261617095693,0.5909638436106548,0.0017200817553424041,0.6068426862402884,0.005504261617095693,62.347746461301995,71.31747227411203,0.7867997177520024,True,2.67,True,validity_envelope_gamma_exceeded,348,3.47,0,
traj_0566,normal,20260817,61.27419462034818,1656.7035877579726,0.020425001950248278,0.4654089538827188,0.006382813109452587,0.03764827293206133,-0.01463388202469551,61.06114178234481,70.01015998915827,0.22322533181396728,False,,False,completed_normally,2001,20.0,0,
traj_0567,normal,20260817,68.53868133307975,1722.880279885059,0.008991509295055343,0.553336093777236,0.0028098466547047947,0.03366842751529398,0.008991509295055343,61.394932861318516,68.53868133308995,0.10625479442849697,False,,False,completed_normally,2001,20.0,0,
traj_0568,near_boundary,20260817,49.340791143047696,1113.0423520404868,0.05106627207909746,0.35910251766261647,0.015958210024717957,0.31846048870742005,0.028618071517690302,20.405570005337456,60.740518973704994,0.6871210283761269,True,4.87,False,completed_normally,2001,20.0,0,
traj_0569,normal,20260817,66.72950655982262,1635.2613352214655,0.011497189704031623,0.5299931981604742,0.003592871782509882,0.012166970629466837,0.011497189703897471,66.02287576810318,66.72950655982262,0.009753519416412653,False,,False,completed_normally,2001,20.0,0,
traj_0570,stall,20260817,38.79209103786836,526.5336426517877,0.10376305466705077,0.32081071528059796,0.03242595458345337,1.091620178044041,0.03951955896430054,37.459821259426214,57.04003119076792,0.4825631593510679,True,5.73,False,completed_normally,2001,20.0,0,
traj_0571,normal,20260817,39.87028016922087,590.5586223716256,0.0965149400906413,0.3213495555581958,0.030160918778325402,0.0965149400906413,0.05893919429748033,39.87028016919443,47.17231791084683,0.15773197291409294,False,,False,completed_normally,2001,20.0,0,
traj_0572,normal,20260817,50.15105231901002,1060.738662174646,0.0482887335436029,0.36454789820127925,0.015090229232375905,0.049045225215881796,0.04759800262309049,49.77168552218075,50.50856542787248,0.005565841999539216,False,,False,completed_normally,2001,20.0,0,
traj_0573,normal,20260817,73.39870644230867,1465.7993816794324,0.003145297124688867,0.6205148539166333,0.000982905351465271,0.03300658758844957,0.003087425550696892,60.62110069317133,73.56146035086594,0.1789513076015801,False,,False,completed_normally,2001,20.0,0,
traj_0574,stall,20260817,34.88868765910119,717.7396886933396,0.1352861590267104,0.3277915417815882,0.042276924695847,1.0419179664352827,0.06230512337732891,34.29209945772908,55.38533555208687,0.6329660879902401,True,4.01,False,completed_normally,2001,20.0,0,
traj_0575,stall,20260817,63.55192191107894,1827.8790783338404,0.016420800293282467,0.4912845952673303,0.005131500091650771,0.2873646698162813,0.016420800293203523,55.437567429355674,63.55192191107894,0.7883279532878211,True,2.92,True,validity_envelope_gamma_exceeded,312,3.11,0,
traj_0576,normal,20260817,63.870938129197796,1901.106307740431,0.01589349551625134,0.49503560913284517,0.004966717348828544,0.0310127272585766,-0.003509474101938098,62.36829119019499,66.98357493031006,0.05449725245643166,False,,False,completed_normally,2001,20.0,0,
traj_0577,normal,20260817,48.58611310636621,1174.145998858567,0.05377584464265113,0.35430062712813887,0.01680495145082848,0.0537758446427917,-0.0017947216202107152,48.58611310636621,67.24164582568874,0.3110417584945619,False,,False,completed_normally,2001,20.0,0,
traj_0578,normal,20260817,33.017178995923096,1597.1849136233905,0.15400984466766965,0.33718006922341104,0.048128076458646765,0.1559354530353415,0.1525164019382682,32.662136840724244,33.27963394213615,0.011715057323758013,False,,False,completed_normally,2001,20.0,0,
traj_0579,normal,20260817,46.274164095922856,1359.8352277436304,0.06289147774093964,0.3413081767976761,0.01965358679404364,0.06345598143249102,0.06251609295209583,46.0435716953716,46.43216310954605,0.0035447109600817033,False,,False,completed_normally,2001,20.0,0,
traj_0580,normal,20260817,59.68135769580275,1626.5483240981207,0.02349786813203857,0.4482852615998318,0.0073430837912620535,0.023743279901653383,0.022917358900497568,59.47355035431981,60.14579536088404,0.008613660482240753,False,,False,completed_normally,2001,20.0,0,
traj_0581,stall,20260817,44.094097750856356,661.7464641235002,0.0727833958979148,0.33164417908099914,0.022744811218098373,0.07494013154632345,0.07086580179516953,43.326208791140544,44.821355614247544,0.017253893609161047,False,,False,completed_normally,2001,20.0,0,
traj_0582,stall,20260817,33.78958184647262,643.3091119973706,0.14595224615945326,0.3327551428316321,0.04561007692482914,0.14880208458798916,0.14323245875239146,33.27115362312013,34.332162570038975,0.017375573695652537,False,,False,completed_normally,2001,20.0,0,
traj_0583,near_boundary,20260817,33.73257710797977,1980.883471627951,0.14653043319722603,0.333054290404969,0.045790760374133134,0.3992262968902172,0.1246966816751362,26.728062142998304,38.64909236482989,0.21114847796316497,True,6.78,False,completed_normally,2001,20.0,0,
traj_0584,normal,20260817,70.986969123047,615.5926653158249,0.005897891137608602,0.5863779335499181,0.0018430909805026883,0.05071790669549592,-0.005089470796561413,53.48190273161076,70.986969123047,0.35618264226212004,False,,False,completed_normally,2001,20.0,0,
traj_0585,stall,20260817,71.69311487688373,1365.449505970846,0.005063399959319499,0.596211869044163,0.0015823124872873435,0.47296916276438017,0.005063399959257982,63.438757922286335,71.69311487688373,0.7867363963220069,True,2.61,True,validity_envelope_gamma_exceeded,328,3.27,0,
traj_0586,near_boundary,20260817,71.86985526349055,943.6772555456412,0.0048583380730768694,0.5986941972350095,0.0015182306478365218,0.15044231923931295,0.004858338072969115,34.8479379730731,71.86985526349055,0.5895131398068375,False,,False,completed_normally,2001,20.0,0,
traj_0587,stall,20260817,42.32355281849461,1588.3972357610232,0.08191506567580228,0.32586461027515096,0.025598458023688212,0.0821571563456288,-0.20129109519759414,42.195174950752765,47.139384808149266,0.7856587058821362,False,,True,validity_envelope_gamma_exceeded,728,7.2700000000000005,0,
traj_0588,normal,20260817,41.17155544167789,1463.5525673206841,0.08846533845485649,0.32320647826209703,0.027645418267142653,0.14525125256253643,0.07727438466392068,32.12023617958207,44.96092872072281,0.2136286054962124,False,,False,completed_normally,2001,20.0,0,
traj_0589,normal,20260817,48.75807315792378,1792.7403172468644,0.05314766672953339,0.3553714128051261,0.016608645852979182,0.09792784677204623,0.020133733850890553,39.2775107795805,51.80487621545759,0.20773916220968516,False,,False,completed_normally,2001,20.0,0,
traj_0590,stall,20260817,74.32848408206826,1311.863477077569,0.0021543279389443803,0.6340873009850504,0.0006732274809201188,0.002154327938992728,-0.25279266796592625,74.32848408206826,75.59277215072062,0.7889092575118792,False,,True,validity_envelope_gamma_exceeded,306,3.0500000000000003,0,
traj_0591,stall,20260817,55.09437780339752,1074.4773365463082,0.03385890038939138,0.4037411722436414,0.010580906371684805,0.03385890038939138,-0.252917529705626,55.09437780336478,57.629870942019544,0.787714096357674,False,,True,validity_envelope_gamma_exceeded,774,7.73,0,
traj_0592,near_boundary,20260817,63.83699737188897,1697.0320308306802,0.01594922553082788,0.49463507313074767,0.004984132978383712,0.19719635550718406,0.01594898734106903,29.713652866613362,63.844829581705085,0.6143714781705027,False,,False,completed_normally,2001,20.0,0,
traj_0593,stall,20260817,72.74499501239474,1719.4139721807853,0.0038646801414366516,0.6111086757195473,0.0012077125441989536,0.3523822060740994,0.003864680141378368,64.89587895129702,72.74499501239474,0.7892224549097971,True,5.83,True,validity_envelope_gamma_exceeded,630,6.29,0,
traj_0594,stall,20260817,70.18133551494591,1875.9241116899454,0.006880572516894769,0.5753235356688358,0.0021501789115296152,0.006989626680545173,-0.2455339691071704,69.98190442260801,71.37724666030617,0.7869116485177313,False,,True,validity_envelope_gamma_exceeded,569,5.68,0,
traj_0595,stall,20260817,36.212323057903696,1646.7497592566267,0.12356582901421886,0.32369390268400755,0.038614321566943395,0.12356582901434648,-0.37423485383445165,36.212323057903696,39.994367583700175,0.7901753939004427,True,2.7,True,validity_envelope_gamma_exceeded,339,3.38,0,
traj_0596,normal,20260817,49.965127547517284,1049.3305009215983,0.04891445009113288,0.3632723706642089,0.015285765653479024,0.049488677205381096,0.04804366101574133,49.666881006839155,50.40524170923464,0.007944432623672148,False,,False,completed_normally,2001,20.0,0,
traj_0597,normal,20260817,55.002954000107515,1263.4485876591868,0.03409165878921579,0.4029293390292706,0.010653643371629933,0.050818765453110544,0.018778862513177758,53.27689800668626,55.0869657933113,0.08083802190442088,False,,False,completed_normally,2001,20.0,0,
traj_0598,near_boundary,20260817,63.555851225728375,1838.656453775983,0.01641425774980169,0.4913306094865703,0.005129455546813029,0.01641425774980169,-0.11346996057094219,63.55585122571779,86.65255120418682,0.35187696683046166,False,,False,completed_normally,2001,20.0,0,
traj_0599,normal,20260817,64.70293611581869,1771.7541284034814,0.014554352194311004,0.5049618887691208,0.004548235060722189,0.014554352194311004,-0.020420149097064383,64.70293611581437,74.85740110746562,0.15349821627722107,False,,False,completed_normally,2001,20.0,0,
traj_0600,stall,20260817,36.36266212989321,1472.7505650594017,0.12230638544399355,0.323348602540661,0.038220745451247984,0.12230638544399355,-0.23434759814278228,36.36266212989177,40.95618014006278,0.7865609705342071,False,,True,validity_envelope_gamma_exceeded,349,3.48,0,
traj_0601,normal,20260817,30.50435788390051,1796.322992995536,0.18404030710925315,0.35778944441270044,0.05751259597164161,0.2339526838650223,0.16699133168444688,27.046094756822146,33.42271858730996,0.10781124733897214,False,,False,completed_normally,2001,20.0,0,
traj_0602,near_boundary,20260817,64.37273579418044,783.4002580053533,0.01507968927149193,0.5009976592786229,0.004712402897341228,0.23258129717566473,0.01507968927149193,55.432185460814566,64.37273579419787,0.7861446435038665,False,,True,validity_envelope_gamma_exceeded,784,7.83,0,
traj_0603,near_boundary,20260817,65.35580621855617,1555.7945577668734,0.013538725062365902,0.5128948905037224,0.004230851581989345,0.23435959032906467,0.013538725062207088,56.76603984481667,65.35580621855617,0.7892448166297338,False,,True,validity_envelope_gamma_exceeded,649,6.48,0,
traj_0604,stall,20260817,65.74227973809944,1091.8578468426833,0.012951555834636318,0.5176498861324436,0.00404736119832385,0.012951555834636318,-0.23605018092494034,65.74227973809944,67.57153082484791,0.7911445521540715,False,,True,validity_envelope_gamma_exceeded,213,2.12,0,
traj_0605,normal,20260817,44.71250736983086,1194.317461492095,0.06983571465164182,0.33411274818189335,0.02182366082863807,0.07063187811399524,0.06911851752774834,44.41535942549166,44.99037574172002,0.006485514244477423,False,,False,completed_normally,2001,20.0,0,
traj_0606,normal,20260817,61.197185782002926,840.2725243138093,0.02056814224576733,0.4645623797416166,0.006427544451802291,0.04352286013673182,0.020568142245763973,53.059051852104986,61.197185782002926,0.134022343264006,False,,False,completed_normally,2001,20.0,0,
traj_0607,stall,20260817,40.07429930623717,1030.6234398974295,0.09520427050118377,0.3215561346074026,0.02975133453161993,0.09520427050118918,-0.33132669042894214,40.07429930623717,43.18089796553622,0.7861511076845945,True,2.07,True,validity_envelope_gamma_exceeded,268,2.67,0,
traj_0608,normal,20260817,30.535825649676795,1548.845367494553,0.18362197013217765,0.3574654117150517,0.057381865666305515,0.21410582659733865,0.14680471728181665,26.439818602962376,33.159080760662796,0.15133054954669456,False,,False,completed_normally,2001,20.0,0,
traj_0609,near_boundary,20260817,37.30509207223725,1133.0023615425616,0.11472149373520263,0.3217043610637058,0.03585046679225082,0.1689584599670777,-0.1460916773442358,26.142143080831644,56.29499539248818,0.4721578208571108,False,,False,completed_normally,2001,20.0,0,
traj_0610,normal,20260817,30.11902716091149,1073.6143798289847,0.1892667079598891,0.36190817055030783,0.05914584623746534,0.19136355247642994,0.18713983451542535,29.831917684712927,30.441445328538304,0.011822565759245545,False,,False,completed_normally,2001,20.0,0,
traj_0611,stall,20260817,58.37575303404395,1737.1361111382398,0.0262036410043353,0.4348685955546886,0.00818863781385478,0.0262036410043353,-0.21869781732115467,58.375753034043534,61.54100673511385,0.7874358291525887,False,,True,validity_envelope_gamma_exceeded,480,4.79,0,
traj_0612,stall,20260817,41.16999537099539,1694.6628563450022,0.08847456216563232,0.3232035054179132,0.0276483006767601,1.0822050256810594,0.03008818265504354,36.54177682918263,63.982341859761654,0.5813030067662062,True,5.14,False,completed_normally,2001,20.0,0,
traj_0613,normal,20260817,35.37939753554679,1596.825493412934,0.13080476507313823,0.32604436282378485,0.040876489085355704,0.14995883978844646,0.12130046568622174,33.97357707567161,36.92329676678537,0.04676214626776196,False,,False,completed_normally,2001,20.0,0,
traj_0614,stall,20260817,73.65717365825017,1841.0132818852446,0.0028660849420635987,0.6242650437969957,0.0008956515443948746,1.007504099169958,0.0028660849419914723,41.40659919612679,73.65717365825017,0.7877337595702119,True,1.96,True,validity_envelope_gamma_exceeded,632,6.3100000000000005,0,
traj_0615,normal,20260817,55.33234086546007,1729.917962497126,0.033258367930169355,0.40586876457328086,0.010393239978177924,0.05545695589280644,0.033258367930169355,50.174285554350924,55.33234086546105,0.09410281210505222,False,,False,completed_normally,2001,20.0,0,
traj_0616,near_boundary,20260817,64.48498668536531,995.4733220601921,0.0149002072044121,0.5023416531639863,0.004656314751378781,0.015233527342341435,-0.15071593939921862,64.1619889936153,101.63814872040557,0.5463614964104813,False,,False,completed_normally,2001,20.0,0,
traj_0617,stall,20260817,44.33488608939464,1625.595853161434,0.07162160523343389,0.33257874618542765,0.022381751635448092,0.07326333774204134,0.07025505331762573,43.7397284785286,44.85622858022732,0.012274973766427283,False,,False,completed_normally,2001,20.0,0,
traj_0618,normal,20260817,62.693478872650125,1549.1877216719122,0.017879413111423353,0.481344389882394,0.005587316597319798,0.017879413111423353,0.0004721051874750082,62.693478872648924,70.11547463649616,0.11445548416597351,False,,False,completed_normally,2001,20.0,0,
traj_0619,near_boundary,20260817,37.50445455259758,1243.8570206632785,0.11318297231692048,0.3214674515056451,0.03536967884903765,0.17110900987060623,-0.1722650601470047,25.085272544410888,60.5486018249993,0.5634666603327587,False,,False,completed_normally,2001,20.0,0,
traj_0620,stall,20260817,61.715906389583694,648.1761590569226,0.01961415737130445,0.47030094618872015,0.0061294241785326406,0.30185979176947486,0.019614157371215708,53.47656954154226,61.715906389583694,0.7884334844123903,True,4.01,True,validity_envelope_gamma_exceeded,445,4.44,0,
traj_0621,normal,20260817,62.533793448077724,1277.1468759018492,0.01815730327828701,0.4795202237999611,0.005674157274464691,0.03129431837703009,-0.0003633452914689403,60.49143979943088,65.55493996473817,0.09650901269396947,False,,False,completed_normally,2001,20.0,0,
traj_0622,normal,20260817,40.22703476713777,1639.751679557691,0.09423521674831287,0.3217318271950604,0.02944850523384777,0.0955291784013361,0.09291846757930565,39.82893745222827,40.59697368539937,0.014291904355548406,False,,False,completed_normally,2001,20.0,0,
traj_0623,normal,20260817,39.13700425078608,1844.4950056591017,0.10138394245651669,0.32087958928671567,0.03168248201766147,0.13484738144535047,0.053372199437597176,31.61211430169808,42.64478088540214,0.20880929546075552,False,,False,completed_normally,2001,20.0,0,
traj_0624,near_boundary,20260817,66.17175527555126,1367.3559846607993,0.012310948183204516,0.5229849934257108,0.0038471713072514113,0.012310948183204516,-0.14701832169577939,66.17175527555108,100.39615351647616,0.49259344545261113,False,,False,completed_normally,2001,20.0,0,
traj_0625,normal,20260817,66.64188434586825,1175.609325563101,0.01162369398985593,0.5288862878185234,0.0036324043718299784,0.04745948332599448,0.011500315025030206,46.56759612026585,66.88149542565442,0.3027354801194554,False,,False,completed_normally,2001,20.0,0,
traj_0626,normal,20260817,56.65524301371757,1698.4099017267981,0.030054321841423263,0.4180725797722761,0.00939197557544477,0.030054321841423263,-0.014565876658070118,56.65524301371737,73.43666330865807,0.24564903677347621,False,,False,completed_normally,2001,20.0,0,
traj_0627,stall,20260817,49.57379668328115,1024.9406344557035,0.050253933803169865,0.3606381270224136,0.015704354313490584,1.1404499104774968,0.01909759947776829,38.83210419299721,68.69992474257258,0.5494508814313261,True,1.45,False,completed_normally,2001,20.0,0,
traj_0628,normal,20260817,51.8493859614857,1176.6002936272914,0.04287395737376061,0.37689254233283725,0.013398111679300191,0.04328890120270748,0.04211414202445599,51.62175683389403,52.27540361988795,0.00638691349096384,False,,False,completed_normally,2001,20.0,0,
traj_0629,normal,20260817,61.83801406203937,1797.7507512420495,0.019393025637012118,0.47166411612159287,0.006060320511566287,0.020247283464142504,0.019393025636913985,61.10241940341326,61.83801406203937,0.012170143529425142,False,,False,completed_normally,2001,20.0,0,
traj_0630,normal,20260817,43.89935785178068,703.0231151602084,0.0737364189387418,0.3309135507566255,0.023042630918356812,0.07454002171515495,0.0728550161012301,43.60408236136149,44.21818138597477,0.007115652355099923,False,,False,completed_normally,2001,20.0,0,
traj_0631,near_boundary,20260817,63.83539228461712,993.4227672326008,0.01595186322560998,0.4946161400277466,0.004984957258003118,0.01595186322560998,-0.1529934245560572,63.8353922846082,106.43774953214192,0.6247990437128843,False,,False,completed_normally,2001,20.0,0,
traj_0632,near_boundary,20260817,33.80193285520256,1794.2215242961634,0.1458273091980811,0.3326908888540807,0.04557103412440034,0.1472025247490096,0.14434094778124562,33.53353068906387,34.078912215475,0.008619137904494666,False,,False,completed_normally,2001,20.0,0,
traj_0633,near_boundary,20260817,73.18502781041697,520.1658797843636,0.0033783421277477667,0.6174278196874091,0.001055731914921177,0.0033783421277996948,0.0031520741307152237,73.18502781041697,73.49488733794219,0.0029544138300357796,False,,False,completed_normally,2001,20.0,0,
traj_0634,near_boundary,20260817,42.730796342393596,916.0224550468646,0.07971868739381832,0.3270181080584032,0.024912089810568225,0.07971868739381832,-0.14593616886500735,42.73079634238655,64.21259504758929,0.4697973518146741,False,,False,completed_normally,2001,20.0,0,
traj_0635,stall,20260817,34.09766705255025,1672.7555677490973,0.14287117653478584,0.33121137683786794,0.04464724266712057,0.9632923798653296,0.07500799476266048,33.26214598787235,50.04924674395943,0.3763351962778473,True,5.09,False,completed_normally,2001,20.0,0,
traj_0636,normal,20260817,56.317662366592145,1347.5539577129837,0.03085088281894539,0.41489854757418304,0.009640900880920433,0.030862173893212292,0.030050535146590614,56.29461102229469,56.86918344436761,0.009515212376091757,False,,False,completed_normally,2001,20.0,0,
traj_0637,near_boundary,20260817,53.327460462548395,1504.3106804193815,0.03856751434417736,0.38861072590429485,0.012052348232555424,0.03878742047467658,0.03839947803884354,53.19747639375517,53.429603173016,0.002092823125289379,False,,False,completed_normally,2001,20.0,0,
traj_0638,stall,20260817,43.9913425353277,1013.104616955749,0.07328475285731462,0.33125583207801845,0.022901485267910818,0.07328475285741537,-0.30555004373804373,43.9913425353277,46.842022799623614,0.7891130100414648,True,2.38,True,validity_envelope_gamma_exceeded,284,2.83,0,
traj_0639,normal,20260817,41.94959109676993,1891.2405709151687,0.08398558036975315,0.3249021019024457,0.02624549386554786,0.1052816429653681,0.08398558036975315,38.90091923915911,41.98604806327693,0.07250866789051295,False,,False,completed_normally,2001,20.0,0,
traj_0640,normal,20260817,41.566785776772456,642.6927457621665,0.08616002654319901,0.3240151637535653,0.02692500829474969,0.13748177533836003,0.07427786102708507,37.054299603256005,44.980420468412674,0.13330465502217395,False,,False,completed_normally,2001,20.0,0,
traj_0641,normal,20260817,46.64972536328164,1947.099687087804,0.06132100853357436,0.34323488419052106,0.019162815166741988,0.11018106554729426,0.06020556065341107,37.27787682494577,47.05118526719741,0.1957476926547061,False,,False,completed_normally,2001,20.0,0,
traj_0642,normal,20260817,70.1826345307727,1970.9069214092633,0.006878961011275343,0.5753412175163951,0.0021496753160235443,0.044091463595996944,0.006878961011275343,50.30604297774694,70.18263453077469,0.2960146001978748,False,,False,completed_normally,2001,20.0,0,
traj_0643,stall,20260817,72.29516849268367,1458.1934453794388,0.004370961634508546,0.6047020413374418,0.0013659255107839206,0.004370961634532719,0.004052825975013413,72.29516849268367,72.71729952906067,0.00406197866332531,False,,False,completed_normally,2001,20.0,0,
traj_0644,stall,20260817,43.0296489960798,1321.2673047634285,0.07814446924055965,0.32793288862484277,0.02442014663767489,1.2084064024250611,0.0333921809788954,40.57944418049631,62.0666342167569,0.5230664684756893,True,4.12,False,completed_normally,2001,20.0,0,
traj_0645,normal,20260817,63.92199861768632,805.4729073994379,0.0158098204024478,0.4956388283458789,0.004940568875764937,0.03814237363083574,0.015809820402327777,54.387979473704696,63.92199861768632,0.15088709033806463,False,,False,completed_normally,2001,20.0,0,
traj_0646,near_boundary,20260817,61.60044275080669,864.3260676044092,0.019824451868965223,0.46901624858937174,0.006195141209051632,0.020240329831206973,-0.13794851421750104,61.208663880380044,99.10467257871252,0.5695581508648925,False,,False,completed_normally,2001,20.0,0,
traj_0647,normal,20260817,57.62830958351954,1856.1690744461023,0.027834824609234688,0.42744617339612817,0.00869838269038584,0.02783568338828091,-0.0157290071829069,57.610120008484905,67.1381992139454,0.15394811187282983,False,,False,completed_normally,2001,20.0,0,
traj_0648,normal,20260817,45.828019491852125,1165.9005164466473,0.06480574304960263,0.339116337734973,0.02025179470300082,0.11031206340895605,0.055344643355981354,36.38637059589671,50.01175374608619,0.20487915847189409,False,,False,completed_normally,2001,20.0,0,
traj_0649,near_boundary,20260817,30.189215553939093,663.8138036547274,0.1883000318285258,0.36113687993996196,0.05884375994641432,0.24717777706099034,-0.011789836798530406,22.95747508956824,40.300404195531485,0.31034866732925315,False,,False,completed_normally,2001,20.0,0,
traj_0650,stall,20260817,56.631933026032925,1110.9353433197696,0.03010887460174046,0.4178521108228069,0.009409023313043894,0.03087923450100932,-0.2501061926473531,55.967630450683664,58.32047266044035,0.7922194712645652,False,,True,validity_envelope_gamma_exceeded,625,6.24,0,
traj_0651,normal,20260817,70.28314008206816,1019.6782487539771,0.006754546027523439,0.5767106704064112,0.0021107956336010748,0.006754546027523439,-0.019799838126009522,70.28314008206668,87.56415608192945,0.2317211708388233,False,,False,completed_normally,2001,20.0,0,
traj_0652,near_boundary,20260817,31.90022498905213,534.8525704813296,0.1665758688892925,0.34508876798215293,0.052054959027903906,0.1678635606875104,0.16528715298382668,31.680155034712943,32.107595729718184,0.0075501544666728565,False,,False,completed_normally,2001,20.0,0,
traj_0653,stall,20260817,53.94089485717532,1969.3006062420404,0.03688127252784481,0.3937284081702163,0.011525397664951503,0.036881272527949545,-0.2856660422007131,53.94089485717532,56.39667969441865,0.7857697340027134,True,6.3,True,validity_envelope_gamma_exceeded,653,6.5200000000000005,0,
traj_0654,normal,20260817,73.64964787495738,527.6461220019762,0.002874173615517671,0.6241556009950936,0.0008981792548492721,0.036736747275870174,0.00287417361536296,54.49022884853099,73.64964787495738,0.27060741439909874,False,,False,completed_normally,2001,20.0,0,
traj_0655,normal,20260817,53.574790486589755,1768.800289213968,0.03788080546432117,0.3906565202680341,0.011837751707600364,0.037880805464393145,-0.010006064323481723,53.574790486589755,71.0824909362146,0.2953330132649091,False,,False,completed_normally,2001,20.0,0,
traj_0656,normal,20260817,34.37871069901897,984.1670576619002,0.1401236043120558,0.3299083525211922,0.04378862634751744,0.15141592656974412,0.10898192657125816,32.12984474192757,37.409841507144876,0.07973358762775473,False,,False,completed_normally,2001,20.0,0,
traj_0657,near_boundary,20260817,40.583990642793346,1515.9077943785326,0.09201022212059498,0.3222115110047887,0.028753194412685933,0.09201022212059498,-0.09651272404747874,40.5839906427812,60.61047610333817,0.45205053952979546,False,,False,completed_normally,2001,20.0,0,
traj_0658,normal,20260817,36.80253500293609,980.4163577740745,0.11870076627996737,0.32247133138176165,0.037093989462489804,0.167043072080529,0.10850999395501938,30.560031497033126,39.46679018179244,0.1574375849801721,False,,False,completed_normally,2001,20.0,0,
traj_0659,normal,20260817,63.2234545337347,1866.337705666323,0.016971985104960712,0.4874546294556309,0.005303745345300223,0.016971985104960712,-0.030049821655301706,63.22345453372961,81.77512097130494,0.2789162700404413,False,,False,completed_normally,2001,20.0,0,
traj_0660,near_boundary,20260817,64.19366616275427,1945.8319269336682,0.01536793826474809,0.49886141540690443,0.004802480707733777,0.18663039262142878,0.01536793826474809,29.441968235651427,64.19366616276976,0.6230110530034368,False,,False,completed_normally,2001,20.0,0,
traj_0661,normal,20260817,30.96675727092189,1609.7168312058125,0.17801412039477973,0.3532091490312711,0.055629412623368665,0.17887840863219878,0.1770958818307577,30.828673399821998,31.103065795087023,0.004904368335593246,False,,False,completed_normally,2001,20.0,0,
traj_0662,normal,20260817,64.24578972963876,529.1075463132564,0.015283789038350995,0.49948224492357945,0.004776184074484686,0.044923679079890116,0.015283789038194995,48.33651957474768,64.24578972963876,0.2369806394320557,False,,False,completed_normally,2001,20.0,0,
traj_0663,normal,20260817,35.85720923495668,727.0339996457186,0.12659717047598149,0.32460404532693443,0.039561615773744216,0.19372900498020754,0.0994993560305964,27.558457621741958,43.17692827970488,0.21429433445230242,False,,False,completed_normally,2001,20.0,0,
traj_0664,near_boundary,20260817,64.6070386346099,1431.0168721196767,0.01470610189733038,0.5038072504779937,0.004595656842915743,0.1417386152718326,0.014706101897328664,39.124114155674754,64.6070386346099,0.4312106314174051,False,,False,completed_normally,2001,20.0,0,
traj_0665,near_boundary,20260817,54.04172746745103,1165.5024011577673,0.036609474006012,0.39458354748229874,0.01144046062687875,0.25946265767025056,0.013866047921415436,23.055006949054636,71.13842853929731,0.669658240137842,False,,False,completed_normally,2001,20.0,0,
traj_0666,normal,20260817,55.63876328386969,1753.9912369646013,0.032496190527755,0.408639117348807,0.010155059539923437,0.032496190527755,-0.005829823648483834,55.63876328386947,63.236711184171924,0.13240562420282134,False,,False,completed_normally,2001,20.0,0,
traj_0667,stall,20260817,39.70573524870813,1054.6282511150448,0.09758575251059626,0.3212066588402795,0.03049554765956133,0.09758575251074628,-0.2320292565988289,39.70573524870813,44.23276567768822,0.7910773495873458,False,,True,validity_envelope_gamma_exceeded,440,4.39,0,
traj_0668,normal,20260817,58.70086048691561,1100.2070457020623,0.025513218505003165,0.43815625387248736,0.00797288078281349,0.03843595410220204,0.025032903010118655,53.91253541939144,59.078477339449336,0.08112942493642682,False,,False,completed_normally,2001,20.0,0,
traj_0669,near_boundary,20260817,30.41297555297704,1667.9624461412259,0.18526224670227553,0.3587408597668225,0.057894452094461105,0.45380970303095103,0.17512597042588762,28.506363807068297,32.0536557945887,0.06307861705635437,True,5.8,False,completed_normally,2001,20.0,0,
traj_0670,normal,20260817,44.931370662923186,1688.8690623326438,0.06882036753816106,0.3350394422548136,0.021506364855675333,0.06991058364621333,0.06785343143965247,44.52046397582403,45.31145568187196,0.007558418851922464,False,,False,completed_normally,2001,20.0,0,
traj_0671,normal,20260817,32.20081947949279,1626.2417516249636,0.1630808992241938,0.34277508795367595,0.05096278100756056,0.21250747262687314,0.1472855782857853,27.921596519797536,35.30004300448058,0.12547358519488191,False,,False,completed_normally,2001,20.0,0,
traj_0672,stall,20260817,50.71198279715766,618.3553488861135,0.04644147576907071,0.36848826699931153,0.014512961177834597,1.1519308662951346,0.028393705218945457,44.50811023744432,50.71198279715766,0.21661204237228748,True,3.93,False,completed_normally,2001,20.0,0,
traj_0673,normal,20260817,65.7494082919698,1089.0904789193926,0.012940821463178407,0.5177380021873965,0.004044006707243252,0.012940821463221683,-0.01251287928032338,65.7494082919698,71.59836235589718,0.08851177774635237,False,,False,completed_normally,2001,20.0,0,
traj_0674,near_boundary,20260817,50.4499169205844,796.0740766307197,0.047297030423448364,0.3666302206597642,0.014780322007327614,0.04729703042358831,-0.07756980075454822,50.4499169205844,62.376692407757204,0.23061317385819585,False,,False,completed_normally,2001,20.0,0,
traj_0675,near_boundary,20260817,35.11276467946295,1905.4585456683792,0.1332191779031775,0.3269592613840089,0.04163099309474297,0.5196031022560248,0.11897271579382411,29.50830519557879,38.52246987099889,0.16006575190517255,True,6.41,False,completed_normally,2001,20.0,0,
traj_0676,normal,20260817,46.04527776845212,1268.1282512246307,0.0638668506185896,0.3401704028272085,0.01995839081830925,0.11902903421657862,0.054062691451097544,37.26961586471535,50.490382905128975,0.1944331611558682,False,,False,completed_normally,2001,20.0,0,
traj_0677,normal,20260817,71.17315415079591,1657.8451605189016,0.0056754768818880735,0.5889577197328743,0.0017735865255900228,0.0056754768818880735,-0.023563096140919698,71.17315415079591,87.90751449932357,0.22045744679960072,False,,False,completed_normally,2001,20.0,0,
traj_0678,stall,20260817,52.72054406392678,1468.7924143706657,0.040292917467548844,0.383692775369645,0.012591536708609014,0.0413931833292735,-0.3307262751947204,52.09526093055716,54.200479455815476,0.7901100471510294,True,7.07,True,validity_envelope_gamma_exceeded,755,7.54,0,
traj_0679,near_boundary,20260817,69.78495951728024,1815.8135718735555,0.007376468423301504,0.5699497679492541,0.00230514638228172,0.007376468423491581,-0.1342641993298127,69.78495951728024,117.2574128148384,0.6487985547824069,False,,False,completed_normally,2001,20.0,0,
traj_0680,normal,20260817,74.76576528656223,1388.2292999059684,0.0017008830757622487,0.6405487525600649,0.0005315259611757028,0.0018492477488944836,0.0013810767671241005,74.5516583394679,75.23104719314009,0.002395254544299244,False,,False,completed_normally,2001,20.0,0,
traj_0681,normal,20260817,64.4600801871243,813.880919021924,0.014939951153309282,0.5020431206640779,0.00466873473540915,0.014939951153309282,-0.016818464187329657,64.4600801871218,77.35798495741003,0.19184955950473193,False,,False,completed_normally,2001,20.0,0,
traj_0682,normal,20260817,35.604759525077306,971.8383712163779,0.12880147229210548,0.32533363825468026,0.04025046009128296,0.19686248537855516,0.10534987756344807,27.837877957425302,41.70611116830187,0.2130211699164548,False,,False,completed_normally,2001,20.0,0,
traj_0683,normal,20260817,33.07057569655051,685.1406126743071,0.153436932797721,0.33684778519098557,0.04794904149928781,0.19301542467035843,0.13511206243740015,30.033231932382716,36.56033383702027,0.11331176967985084,False,,False,completed_normally,2001,20.0,0,
traj_0684,stall,20260817,74.68185898059988,703.6436326011507,0.0017872793386798677,0.6393050535408965,0.0005585247933374587,0.0017872793386798677,-0.236520636031735,74.68185898059777,76.1259771559835,0.7937750754545642,False,,True,validity_envelope_gamma_exceeded,411,4.1,0,
traj_0685,normal,20260817,53.79994826293597,719.3318826711935,0.037263714672489276,0.39253962575992246,0.0116449108351529,0.037504262998067334,0.03695896366033485,53.65131037287951,53.98549692151627,0.0029747319908484575,False,,False,completed_normally,2001,20.0,0,
traj_0686,normal,20260817,63.71872889846401,1042.3763449785702,0.016144107708198442,0.49324209341528835,0.005045033658812013,0.027173823944540376,-0.023937764177835913,63.71872889846401,77.09801724183076,0.27289944057186755,False,,False,completed_normally,2001,20.0,0,
traj_0687,normal,20260817,61.61389942315526,1416.7820136399382,0.019799883089193233,0.46916575771866764,0.006187463465372885,0.01979988308933174,-0.004336669373589397,61.61389942315526,74.73868962267123,0.1834033226945753,False,,False,completed_normally,2001,20.0,0,
traj_0688,stall,20260817,47.86321218522861,1487.5776323066966,0.05648894673272127,0.34995338721460434,0.0176527958539754,0.05648894673272127,-0.4712784422079275,47.86321218521676,50.78308935013468,0.7907078748426748,True,5.46,True,validity_envelope_gamma_exceeded,622,6.21,0,
traj_0689,stall,20260817,61.65035343165796,1742.8433657868177,0.019733406218841506,0.46957106246964914,0.006166689443387971,0.27790024366368826,0.01973340621871666,53.36213729460922,61.65035343165796,0.7891187556341316,False,,True,validity_envelope_gamma_exceeded,433,4.32,0,
traj_0690,normal,20260817,37.01452858515737,1084.5087654398837,0.11700431001241371,0.3221177532828636,0.03656384687887928,0.13695876924299433,0.11392598439992482,35.64103476218499,37.81416207639085,0.040401326842839695,False,,False,completed_normally,2001,20.0,0,
traj_0691,normal,20260817,73.81148032496019,861.010907699864,0.0027007769155915837,0.6265123128931862,0.0008439927861223699,0.0031430486549818355,0.0027007769155265116,73.19987470580081,73.8152032859147,0.00653338310006625,False,,False,completed_normally,2001,20.0,0,
traj_0692,normal,20260817,43.63219367463212,1890.0486403158523,0.07506377487235241,0.3299483860750347,0.02345742964761013,0.1388104683456284,0.07506377487235087,30.851610549268727,43.63219367463212,0.25859126757640943,False,,False,completed_normally,2001,20.0,0,
traj_0693,normal,20260817,42.34029268513948,1645.8586582383016,0.08182359600865832,0.32590987884793776,0.025569873752705724,0.08182359600865832,0.03300069397235897,42.3402926851389,52.64258073490937,0.2100230969595414,False,,False,completed_normally,2001,20.0,0,
traj_0694,normal,20260817,67.25957703164319,743.5071233058844,0.010742299196726483,0.5367363071067748,0.0033569684989770256,0.011168661488489547,0.01070258495556309,66.79822868872682,67.31011918401116,0.00590185476056815,False,,False,completed_normally,2001,20.0,0,
traj_0695,near_boundary,20260817,51.235781805942466,1247.8331330213239,0.044769711481983915,0.37229064778708,0.013990534838119973,0.23634032489802337,0.03467033808871944,27.162677230169415,55.55144693412417,0.5265114393006561,False,,False,completed_normally,2001,20.0,0,
traj_0696,normal,20260817,40.73413190791044,1519.2009670247562,0.0910906834531365,0.32244173555171574,0.028465838579105156,0.1620080481890917,0.0831418232557602,30.46388972117323,43.16531666877665,0.23341964074934307,False,,False,completed_normally,2001,20.0,0,
traj_0697,normal,20260817,61.608475554673454,766.4248166173204,0.01980978391059036,0.4691054894765247,0.006190557472059487,0.019809783910769187,-0.017664474037184963,61.608475554673454,71.99475662744754,0.16302775772038483,False,,False,completed_normally,2001,20.0,0,
traj_0698,normal,20260817,65.60805101234867,1212.8853188380065,0.013154327310714153,0.5159934505998992,0.004110727284598172,0.013494453082622124,0.012992406421898752,65.26297479239079,65.77826326963402,0.00400499343361654,False,,False,completed_normally,2001,20.0,0,
traj_0699,normal,20260817,45.2437801373789,1224.6204871259952,0.06739550319456289,0.3364092401208769,0.021061094748300903,0.06840657413336126,0.06621581151862675,44.85535654608919,45.72295890118328,0.011820041725948308,False,,False,completed_normally,2001,20.0,0,
traj_0700,normal,20260817,40.309909308274726,1087.1210194375014,0.09371370794687486,0.3218346196131367,0.029285533733398397,0.14556523004544691,0.07920799631116625,32.84780388031345,45.17577625545096,0.17948554738214703,False,,False,completed_normally,2001,20.0,0,
traj_0701,near_boundary,20260817,61.57930314220585,713.7530362776732,0.019863080018219178,0.468781493840689,0.006207212505693493,0.019863080018219178,-0.18101322301309303,61.57930314219355,67.69327837394911,0.7859870765541882,False,,True,validity_envelope_gamma_exceeded,792,7.91,0,
traj_0702,normal,20260817,52.75872727367117,1522.5731262451693,0.04018264435149907,0.3839978608714315,0.01255707635984346,0.043501653574408786,-0.00019838761959237172,52.39518215005692,63.45849779153484,0.22883382160937044,False,,False,completed_normally,2001,20.0,0,
traj_0703,normal,20260817,41.11214895280843,1417.8573357042835,0.08881726921498653,0.3230945037491582,0.027755396629683293,0.08881726921498653,0.04572124700874716,41.1121489528017,50.38125879730788,0.17883839914309627,False,,False,completed_normally,2001,20.0,0,
traj_0704,stall,20260817,60.515021899026195,679.6607310952113,0.02185974261523527,0.45714564715700673,0.006831169567261022,0.022066230686030083,0.02178333464491133,60.34567403413309,60.58107176526948,0.0021756078173230955,False,,False,completed_normally,2001,20.0,0,
traj_0705,normal,20260817,33.801919850408744,1327.8304092667802,0.1458274406854594,0.33269095640426827,0.04557107521420606,0.16581531541974417,0.10430421488975769,30.223430219547282,37.923918727985885,0.12227789269154833,False,,False,completed_normally,2001,20.0,0,
traj_0706,normal,20260817,30.261941322157966,1828.3266779058117,0.18730544222906356,0.360347696465766,0.05853295069658236,0.22167174379953575,0.1320525401351628,25.822663417251455,35.534350405049956,0.16621060508702848,False,,False,completed_normally,2001,20.0,0,
traj_0707,near_boundary,20260817,49.40465130947813,1039.8023621584996,0.05084251965886946,0.35952092448996786,0.01588828739339671,0.05084251965886946,-0.11317049056102338,49.40465130947756,71.00755789162478,0.4104602786713163,False,,False,completed_normally,2001,20.0,0,
traj_0708,near_boundary,20260817,69.14850210011572,591.7329837465011,0.008190450213735028,0.5614116044463272,0.002559515691792196,0.008190450213735028,-0.12287023860399066,69.14850210011447,107.33867747762737,0.5242833895353627,False,,False,completed_normally,2001,20.0,0,
traj_0709,near_boundary,20260817,71.91285699353632,1737.7574781398316,0.004808671923139208,0.599299426285842,0.0015027099759810025,0.14683798700260092,0.004808671923139208,37.32850473156363,71.91285699353729,0.543673806202996,False,,False,completed_normally,2001,20.0,0,
traj_0710,normal,20260817,49.652780430825,1672.8079099609033,0.04998109356578703,0.3611642567666629,0.015619091739308448,0.05053344000099679,-0.01003437724824316,49.227620637294905,70.4249078413891,0.32414645792678565,False,,False,completed_normally,2001,20.0,0,
traj_0711,stall,20260817,36.507040678560735,1267.9885775405355,0.12110999481509663,0.32303898040997003,0.0378468733797177,0.12110999481509663,-0.32009103492201085,36.50704067856007,40.052657416952776,0.787672688143923,True,2.81,True,validity_envelope_gamma_exceeded,340,3.39,0,
traj_0712,stall,20260817,30.745311786932213,1079.81336288226,0.18086815335167547,0.3553545511204872,0.05652129792239858,1.2587459975204134,0.18086815335166725,30.60154635775813,49.12991888123793,0.7854041045673212,True,6.25,True,validity_envelope_gamma_exceeded,1102,11.01,0,
traj_0713,normal,20260817,60.0109295233919,1018.4804282502718,0.022842220569586645,0.45176103862424594,0.007138193927995826,0.06547338097554464,0.022842220569586645,44.85415516480941,60.0109295233919,0.2589264108285433,False,,False,completed_normally,2001,20.0,0,
traj_0714,normal,20260817,40.844830148752266,896.8300047121751,0.09041879701600891,0.3226221187717774,0.028255874067502785,0.16371059276851224,0.07706484028144439,29.80310942377763,45.237289974017536,0.2514635997529013,False,,False,completed_normally,2001,20.0,0,
traj_0715,normal,20260817,72.55679231052653,870.8389768328219,0.0040753684617291,0.6084216539867396,0.0012735526442903436,0.02956974653094588,-0.013087935050478144,68.45121714268164,75.91062248762341,0.11832920285775,False,,False,completed_normally,2001,20.0,0,
traj_0716,normal,20260817,31.21993973226537,1134.4964320072665,0.1748197110479735,0.3508617683346762,0.05463115970249172,0.1769190293014198,0.1728603341824977,30.880121826111697,31.51762066828034,0.011963528621687045,False,,False,completed_normally,2001,20.0,0,
traj_0717,normal,20260817,56.03989369172357,1550.8690810030698,0.031516951645378044,0.4123174251273505,0.009849047389180639,0.03151695164549949,-0.013120113795905552,56.0396479363434,70.5012259234552,0.24261270321337527,False,,False,completed_normally,2001,20.0,0,
traj_0718,near_boundary,20260817,46.08365495645727,1995.1998630310602,0.06370233149352783,0.340359226994412,0.019906978591727447,0.06451364264417438,0.0630117603442103,45.75701662610792,46.37217803784627,0.006510078767272294,False,,False,completed_normally,2001,20.0,0,
traj_0719,stall,20260817,31.63814608929443,1997.0772379971907,0.1696953448555577,0.34722284092406286,0.05302979526736178,1.283047312296396,0.08367726874568232,17.800706132981375,54.29150145682193,0.6453611464373413,True,2.6,False,completed_normally,2001,20.0,0,
traj_0720,normal,20260817,71.52964184614656,1638.9321257228526,0.0052544100003887595,0.5939233522211281,0.0016420031251214873,0.02535527658012149,0.0052544100003887595,61.54692580950903,71.52964184615745,0.14269466532921068,False,,False,completed_normally,2001,20.0,0,
traj_0721,near_boundary,20260817,67.08874399669148,1557.8129350494135,0.010983656355377212,0.5345543507262502,0.003432392611055379,0.15435904302981707,0.010983656355377212,34.62449373276501,67.0887439967034,0.5463113230737133,False,,False,completed_normally,2001,20.0,0,
traj_0722,normal,20260817,65.27081811879054,1518.7019830263228,0.013669232230068825,0.5118550991780834,0.004271635071896508,0.013669232230068825,-0.009189261320703898,65.27081811878507,74.23313075943584,0.1336574340035141,False,,False,completed_normally,2001,20.0,0,
traj_0723,near_boundary,20260817,63.08311062348827,878.4265839130943,0.01721008595533542,0.4858282065341648,0.0053781518610423185,0.01721008595533542,-0.15518632953245023,63.08311062348616,93.25538981748345,0.45623336518563695,False,,False,completed_normally,2001,20.0,0,
traj_0724,normal,20260817,31.19068964374789,1108.6416679628815,0.17518511932381933,0.35112730532542574,0.05474534978869354,0.177773604916906,0.17342379424060375,30.773623619213787,31.43888925959921,0.014704178631976853,False,,False,completed_normally,2001,20.0,0,
traj_0725,near_boundary,20260817,32.41520898403924,577.7945316333364,0.160640461871552,0.34121003907939784,0.05020014433486,0.19016209730008515,-0.11530141815205125,24.656365636135828,53.64356290641254,0.5725754143814074,False,,False,completed_normally,2001,20.0,0,
traj_0726,stall,20260817,67.76897291309963,1680.9241120275492,0.010033299322357976,0.5432917638721524,0.0031354060382368675,0.010033299322510068,-0.3169415095790027,67.76897291309963,68.45144034935957,0.7909812111947454,True,5.86,True,validity_envelope_gamma_exceeded,619,6.18,0,
traj_0727,normal,20260817,69.38449093956402,1853.499172727879,0.00788605098359857,0.5645643793124707,0.002464390932374553,0.007968460865858777,0.007672786232002169,69.2840540497336,69.63795980525049,0.0026029112984765207,False,,False,completed_normally,2001,20.0,0,
traj_0728,normal,20260817,58.559907101875034,1849.2713072600113,0.02581116704697338,0.4367264858421275,0.00806598970217918,0.02581116704697338,0.01256257004126387,58.559907101867005,63.40384406465492,0.07838709229050882,False,,False,completed_normally,2001,20.0,0,
traj_0729,normal,20260817,40.77979107603578,1443.791638524261,0.09081293151101064,0.322515047994702,0.028379041097190826,0.09215944365493672,0.08943490798715965,40.370774491836684,41.193492260941525,0.010618736000511142,False,,False,completed_normally,2001,20.0,0,
traj_0730,normal,20260817,72.81709548576421,1485.6089041855498,0.0037843937948296817,0.6121405671250432,0.0011826230608842755,0.028178287211409123,-0.03417136034770216,72.81709548576421,79.83812792575468,0.23502839369636705,False,,False,completed_normally,2001,20.0,0,
traj_0731,normal,20260817,73.18367033636511,1901.6110737827812,0.003379829101088006,0.6174082466913344,0.0010561965940900017,0.003379829101113046,-0.031872609710806826,73.18367033636511,99.20299319671041,0.3349050512996262,False,,False,completed_normally,2001,20.0,0,
traj_0732,near_boundary,20260817,72.86212586191549,1615.2128674628048,0.0037343706505676712,0.6127857351576944,0.0011669908283023973,0.0037343706507375943,-0.13384610687860662,72.86212586191549,115.16135860835543,0.5609664144068078,False,,False,completed_normally,2001,20.0,0,
traj_0733,stall,20260817,58.48859897585845,1932.3784085696627,0.025962707650680025,0.43600571566522944,0.008113346140837509,1.0711393111269187,0.023578239156588243,38.174434724580664,58.4885989758601,0.3747509838935508,True,3.41,False,completed_normally,2001,20.0,0,
traj_0734,stall,20260817,40.20969703940224,823.6617267609209,0.09434470000741205,0.3217109843415413,0.029482718752316266,0.09434470000741205,-0.23433106035166829,40.20969703939491,44.614052083173256,0.7867488868970584,False,,True,validity_envelope_gamma_exceeded,566,5.65,0,
traj_0735,stall,20260817,70.7293625362176,1150.2132438871013,0.006208496877067205,0.5828240159372389,0.0019401552740835018,1.2059302554332714,0.006065707967183891,25.204205443713505,71.05407756903038,0.689128984696024,True,5.08,False,completed_normally,2001,20.0,0,
traj_0736,stall,20260817,48.09726451386254,1879.2356798234841,0.055597518292374096,0.35133333267387296,0.017374224466366904,1.0574338877867602,0.03528248129682782,41.20824904684539,50.871371246549344,0.3517577270035597,True,5.9,False,completed_normally,2001,20.0,0,
traj_0737,normal,20260817,69.1833950263669,1033.0150453872936,0.00814524795788021,0.5618767973212286,0.0025453899868375656,0.042373908553006406,0.008145247942227077,52.100142063636376,69.18546686954951,0.2615328031406875,False,,False,completed_normally,2001,20.0,0,
traj_0738,near_boundary,20260817,62.308685054607174,1432.6500412473742,0.018552632944500696,0.4769620638837405,0.005797697795156467,0.018552632944500696,-0.1820665481414795,62.308685054572656,109.78625527172548,0.7186048729626855,False,,False,completed_normally,2001,20.0,0,
traj_0739,normal,20260817,31.73715914288829,1677.3689894930023,0.16850871492938438,0.3464035848444295,0.05265897341543262,0.16966541617871567,0.1673118417572975,31.54168203233911,31.927708029418493,0.0067458498611373836,False,,False,completed_normally,2001,20.0,0,
traj_0740,stall,20260817,34.401504081265884,1126.9627141475687,0.13990335404199958,0.32980699045420503,0.04371979813812486,0.8685212719906236,0.07571522876001477,33.63451149221559,49.25191502380896,0.42568447447631286,True,3.85,False,completed_normally,2001,20.0,0,
traj_0741,near_boundary,20260817,43.05167869121319,1694.0166355478782,0.07802966018200047,0.32800257449648623,0.024384268806875147,0.36362608338425323,0.044772850046715024,25.61420274500647,59.12462093355103,0.4454984701232806,True,1.3900000000000001,False,completed_normally,2001,20.0,0,
traj_0742,stall,20260817,44.34169428795434,1948.993822530729,0.0715890193880114,0.33260566755610566,0.022371568558753562,1.1360561004591625,0.03049846321110042,41.12411288795143,59.14592578350529,0.4527428449870771,True,6.0600000000000005,False,completed_normally,2001,20.0,0,
traj_0743,normal,20260817,37.742804554040056,1736.5880771806508,0.11137261438893403,0.3212331405154253,0.03480394199654189,0.11349416797386598,0.10927366284702919,37.23267308227564,38.28482077879728,0.015312312980188598,False,,False,completed_normally,2001,20.0,0,
traj_0744,normal,20260817,34.16324703711651,820.741991189133,0.14222473019133636,0.3308984491162222,0.044445228184792615,0.1444827824357441,0.13958172542923236,33.71363974125065,34.69991020961907,0.01427523666777468,False,,False,completed_normally,2001,20.0,0,
traj_0745,near_boundary,20260817,69.08014434725098,1753.5169906966905,0.008279201239486788,0.5605012364318568,0.0025872503873396215,0.008279201239486788,-0.1444010535452624,69.08014434725055,106.50494534618757,0.5171361384640314,False,,False,completed_normally,2001,20.0,0,
traj_0746,stall,20260817,41.458390354612995,506.71324525453844,0.08678609762762304,0.32378243391675404,0.0271206555086322,0.08678609762768329,-0.34221226556970197,41.458390354612995,44.46809650272,0.7915556865215254,True,5.25,True,validity_envelope_gamma_exceeded,588,5.87,0,
traj_0747,stall,20260817,30.518545138169916,1921.9347731458251,0.18385154609750884,0.35764312740932197,0.057453608155471514,0.18385154609753437,-0.3254183090401074,30.518545138169916,34.84218451732807,0.7902715364122502,True,4.55,True,validity_envelope_gamma_exceeded,517,5.16,0,
traj_0748,normal,20260817,45.048349163034885,1037.6081945995809,0.06828350357854693,0.3355459126065011,0.021338594868295913,0.11659028588925778,0.06828350357848503,36.95239010996744,45.048349163034885,0.17820699861735595,False,,False,completed_normally,2001,20.0,0,
traj_0749,stall,20260817,35.08647341319848,1926.5274410474804,0.13345989010696774,0.32705388869578805,0.041706215658427415,1.05749551944646,0.05839038895030085,34.2002430413467,57.77004169957569,0.601785887907898,True,3.91,False,completed_normally,2001,20.0,0,
traj_0750,stall,20260817,74.63463327126587,1185.695589418139,0.0018360335305292435,0.6386058579582702,0.0005737604782903886,0.0018360335306114334,-0.28779826545810583,74.52849883533995,74.80801364413888,0.7897967443102433,True,2.31,True,validity_envelope_gamma_exceeded,248,2.47,0,
traj_0751,near_boundary,20260817,54.15619435346754,652.7361597958687,0.03630272686412839,0.3955590380571937,0.011344602145040121,0.2359364956910769,0.03385745533623724,30.01189200626498,54.15619435346754,0.4986320618410358,False,,False,completed_normally,2001,20.0,0,
traj_0752,normal,20260817,54.18291246821832,817.4079245159166,0.03623140234623981,0.39578745157314765,0.01132231323319994,0.07604621962272881,0.0018273364695326755,46.17884417151064,58.35341482302379,0.15519665741244168,False,,False,completed_normally,2001,20.0,0,
traj_0753,stall,20260817,57.27137289469519,1324.413548116735,0.028636054891721007,0.42396940377378767,0.008948767153662815,0.028636054891884557,-0.3913139552684669,57.27137289469519,58.81750425437627,0.7907993342428025,True,1.95,True,validity_envelope_gamma_exceeded,252,2.5100000000000002,0,
traj_0754,stall,20260817,40.65269212306456,1311.9334594560576,0.09158827522645785,0.32231478600787467,0.028621336008268078,1.2113640377277282,0.05612591797932401,39.43107664957545,52.92083975122296,0.3888576268079658,True,5.2700000000000005,False,completed_normally,2001,20.0,0,
traj_0755,near_boundary,20260817,54.035036955559264,948.6354049983104,0.03662746234358499,0.3945266858741902,0.01144608198237031,0.03662746234358499,-0.15242493075263397,54.035036955547604,82.74751422350049,0.49845905835615,False,,False,completed_normally,2001,20.0,0,
traj_0756,stall,20260817,56.51935835136996,709.9612830318472,0.030373270089738013,0.41679007749283814,0.00949164690304313,0.03073040740113335,0.030211920879561243,56.27466474613931,56.63586540877807,0.003521635792352141,False,,False,completed_normally,2001,20.0,0,
traj_0757,stall,20260817,43.64249268110753,1828.5961123164993,0.07501217414586714,0.32998478830593286,0.02344130442058348,0.9375425802375331,0.0671784828990304,39.43792323886074,46.723855648430856,0.2159676171028475,True,6.25,False,completed_normally,2001,20.0,0,
traj_0758,near_boundary,20260817,61.48421297777866,1487.845748975567,0.020037323569761765,0.46772725889572486,0.006261663615550551,0.020037323569761765,-0.1618189086906937,61.48415957805426,103.54690968504792,0.6434061599410056,False,,False,completed_normally,2001,20.0,0,
traj_0759,normal,20260817,49.608531504106054,787.3963960278085,0.05013378999438957,0.360869156559485,0.01566680937324674,0.05083952516248672,0.0262151183117504,49.136809004540595,54.20666458623448,0.09377955095072756,False,,False,completed_normally,2001,20.0,0,
traj_0760,near_boundary,20260817,48.786714880525516,836.9595254781067,0.05304366410571755,0.35555111403498957,0.016576145033036734,0.22293955634169152,0.03467779286675626,29.721482908958578,58.902632776713084,0.4272974867540989,False,,False,completed_normally,2001,20.0,0,
traj_0761,near_boundary,20260817,56.65626931920752,590.7503359087458,0.030051921482970693,0.4180822911287609,0.009391225463428342,0.030051921483084516,-0.11603676948031638,56.65626931920752,80.1654467162076,0.3952771778986067,False,,False,completed_normally,2001,20.0,0,
traj_0762,normal,20260817,55.28060415692433,874.4920597839348,0.033388284852839095,0.4054044162072198,0.010433839016512219,0.0333882848530169,0.01906856290502163,55.28060415692433,59.834323845760494,0.07624264686273649,False,,False,completed_normally,2001,20.0,0,
traj_0763,near_boundary,20260817,48.14125593208923,1993.1039162947861,0.05543137673527213,0.3515956665787189,0.01732230522977254,0.05543137673527213,-0.1570959876236679,48.14125593208877,81.99205421111719,0.6368713946996839,False,,False,completed_normally,2001,20.0,0,
traj_0764,normal,20260817,63.94394563543118,1725.3404802574944,0.015773915671716213,0.49589834717740683,0.0049293486474113165,0.01577397115454204,-0.01828823770104479,63.94304485669023,72.73388800802496,0.13585635014552627,False,,False,completed_normally,2001,20.0,0,
traj_0765,near_boundary,20260817,47.973512025330336,1348.2919425582095,0.05606727344601303,0.3506003842427963,0.017521022951879073,0.25781297284769056,0.027480701806237184,24.498689589507176,65.5363709430235,0.5519674068994045,False,,False,completed_normally,2001,20.0,0,
traj_0766,normal,20260817,69.91586178955116,1610.7122041587038,0.007211776368300123,0.5717196765636993,0.0022536801150937883,0.007251975981292303,0.006836727798612488,69.86067916524075,70.3726986094095,0.004894529964304108,False,,False,completed_normally,2001,20.0,0,
traj_0767,near_boundary,20260817,57.18476428278707,726.5626228465576,0.028832697953324698,0.42313245840535246,0.009010218110413968,0.028832697953429763,-0.1746163602608596,57.18476428278707,85.93940787480935,0.4798266394720736,False,,False,completed_normally,2001,20.0,0,
traj_0768,normal,20260817,63.13054308729842,1119.510913529163,0.017129438823675035,0.4863772219513779,0.005352949632398448,0.01754497700875755,0.01689409566761127,62.75073390779856,63.353270936713955,0.004574209398435678,False,,False,completed_normally,2001,20.0,0,
traj_0769,near_boundary,20260817,66.22066029492153,616.1662002882044,0.012238781725702499,0.5235959014471476,0.003824619289282031,0.012308723634684882,0.011997994740762373,66.14396231515944,66.4724226762078,0.002751901457017316,False,,False,completed_normally,2001,20.0,0,
traj_0770,normal,20260817,64.71968172618772,1344.5296575766677,0.014527922012263897,0.5051637913043202,0.004539975628832468,0.04998072570763906,0.014527922012263897,48.58383377695231,64.71968172619137,0.2273574125110942,False,,False,completed_normally,2001,20.0,0,
traj_0771,near_boundary,20260817,51.42039052492841,592.0939576174827,0.044192373683535596,0.3736585749874217,0.013810116776104874,0.04419237368357283,-0.1269244975300524,51.42039052492841,74.3149374483191,0.4205509129729084,False,,False,completed_normally,2001,20.0,0,
traj_0772,normal,20260817,38.575762063569684,912.5761488654921,0.10528534697065589,0.3208188395483189,0.03290167092832996,0.15385826752964082,0.09335884218656759,33.89620341048186,42.12041762846908,0.1476118446442602,False,,False,completed_normally,2001,20.0,0,
traj_0773,normal,20260817,68.53515594297423,968.2188276057758,0.008996201841594938,0.5532897103404028,0.0028113130754984185,0.00933276175568393,0.008864181129137005,68.15203859639006,68.6913891024173,0.004162600844894096,False,,False,completed_normally,2001,20.0,0,
traj_0774,near_boundary,20260817,49.88198032787125,1112.727546772319,0.049196485723408415,0.36270691963488827,0.01537390178856513,0.04919648572356096,-0.14750452812805315,49.88198032787125,81.22409432366103,0.5740997065210186,False,,False,completed_normally,2001,20.0,0,
traj_0775,stall,20260817,40.22578271681467,1511.6247547914325,0.0942431186913561,0.3217303143339279,0.02945097459104878,1.1327905284123094,-0.22238522647939796,38.27032478694718,61.77380585423211,0.7859371979919836,True,2.97,True,validity_envelope_gamma_exceeded,1102,11.01,0,
traj_0776,normal,20260817,71.4411577840395,892.6753252664523,0.00535834121070944,0.5926876320912897,0.0016744816283467002,0.00535834121070944,0.004804021614785059,71.44115778403439,72.15868221058768,0.008520555928551084,False,,False,completed_normally,2001,20.0,0,
traj_0777,normal,20260817,43.038956576358636,690.7159231242259,0.07809594175636814,0.3279622935031696,0.024404981798865043,0.07967784621999817,0.07669450454668467,42.514293707061476,43.551697385801894,0.016537675936416675,False,,False,completed_normally,2001,20.0,0,
traj_0778,normal,20260817,51.716775715493476,1676.3006086711696,0.043278080008943384,0.3758846775489067,0.013524400002794808,0.043821397143244095,0.04259936661801104,51.416865328868134,52.09092728408626,0.00457508158504035,False,,False,completed_normally,2001,20.0,0,
traj_0779,stall,20260817,40.63813700699354,1547.983488063294,0.09167750159237531,0.32229261378268864,0.028649219247617284,1.0317894261612335,0.05705233768464127,38.53170358972585,52.59154174414068,0.3947856775382659,True,5.1000000000000005,False,completed_normally,2001,20.0,0,
traj_0780,normal,20260817,56.02812166935615,1871.4098303394662,0.031545395378923716,0.41220864808901825,0.009857936055913662,0.032100567082171946,0.03121532790781043,55.65666401241833,56.258859463209305,0.005550522703139591,False,,False,completed_normally,2001,20.0,0,
traj_0781,normal,20260817,72.45172172591408,751.630316237946,0.004193700413457511,0.6069256310715265,0.0013105313792054723,0.004505334072885257,0.004093079369166888,72.04053239849989,72.58995879773265,0.0040966752775147535,False,,False,completed_normally,2001,20.0,0,
traj_0782,normal,20260817,74.38887091968678,1365.9415194664066,0.0020912370960402176,0.6349766335676083,0.0006535115925125679,0.0021406762831607798,0.0019007505920130181,74.31746319549777,74.66172601284339,0.0012607878751346418,False,,False,completed_normally,2001,20.0,0,
traj_0783,near_boundary,20260817,67.022555751822,916.0692703711724,0.011077659715996762,0.5337112014508765,0.0034617686612489883,0.011077659715996762,-0.11787702103550149,67.0225557518176,98.59299757540528,0.4492580663304641,False,,False,completed_normally,2001,20.0,0,
traj_0784,stall,20260817,54.70022119037737,1269.0551199450704,0.03487059080491066,0.40026333324427726,0.010897059626534582,0.03578745680793025,0.03333655789740641,54.10261924268565,55.69221136856184,0.015394574179494793,False,,False,completed_normally,2001,20.0,0,
traj_0785,stall,20260817,63.71943566240557,766.307181042424,0.016142939921903587,0.49325040524112945,0.005044668725594871,0.016142939921903587,-0.306165233590185,63.71943566240208,64.6133973164176,0.7863841929717117,True,5.11,True,validity_envelope_gamma_exceeded,549,5.48,0,
traj_0786,near_boundary,20260817,51.32736749650445,1628.0102313928644,0.044482529229490364,0.372967488867975,0.013900790384215739,0.044847611026171554,0.04419071940033736,51.13218728700952,51.48856912754218,0.0034387700782504446,False,,False,completed_normally,2001,20.0,0,
traj_0787,near_boundary,20260817,39.39230134177686,1059.7444244333306,0.0996600977188376,0.320994018468365,0.03114378053713675,0.10789142465826923,-0.17821368274479765,34.068822438517756,63.7721480633262,0.5719624304259907,False,,False,completed_normally,2001,20.0,0,
traj_0788,normal,20260817,60.96974848788862,1306.8144468698006,0.02099401986877279,0.4620731005103118,0.006560631208991497,0.061956727767940756,-0.000561329602303158,47.10891604229599,64.16236364442955,0.24123417149721402,False,,False,completed_normally,2001,20.0,0,
traj_0789,normal,20260817,39.21854716282291,1353.1165616473913,0.10082994946611709,0.3209103341211268,0.03150935920816159,0.10475567898382043,0.052553148655114026,37.75683660989527,45.41216637906919,0.14278404207238016,False,,False,completed_normally,2001,20.0,0,
traj_0790,stall,20260817,57.473647332390584,569.8139066511684,0.02818019771668827,0.42593425366268584,0.008806311786465085,0.02818019771668827,-0.25080002162659076,57.473647332358574,59.871428035118406,0.7914917932556355,False,,True,validity_envelope_gamma_exceeded,699,6.98,0,
traj_0791,normal,20260817,53.98294262458121,658.3129924506726,0.036767749411685355,0.3940845316002645,0.011489921691151674,0.036767749411685355,0.01169859355670301,53.98294262458036,61.109497079443805,0.120938138964961,False,,False,completed_normally,2001,20.0,0,
traj_0792,near_boundary,20260817,53.5060582524148,567.5368539115852,0.03807070341189496,0.39008560300347006,0.011897094816217174,0.17792361288365993,0.03807070341189496,36.22208029088588,53.50605825242937,0.3470831631987334,False,,False,completed_normally,2001,20.0,0,
traj_0793,stall,20260817,49.581269184859046,1119.1280914981323,0.050228066501812635,0.3606877823036827,0.015696270781816447,0.050228066501812635,-0.2654879085570151,49.58126918483278,52.38789514922041,0.7880319723742609,False,,True,validity_envelope_gamma_exceeded,667,6.66,0,
traj_0794,normal,20260817,40.61574293488369,1507.2038884745848,0.09181495827115668,0.32225880696831055,0.028692174459736465,0.09928945460463373,0.03141313076530461,38.01232649512985,48.151667676715334,0.1714474222640838,False,,False,completed_normally,2001,20.0,0,
traj_0795,near_boundary,20260817,57.88192183423186,1013.2548725428225,0.027274375663767118,0.4299432337622428,0.008523242394927225,0.027274375663793864,-0.13688122817858023,57.88192183423186,87.79980419767584,0.48811375560919146,False,,False,completed_normally,2001,20.0,0,
traj_0796,normal,20260817,56.59573135261056,1528.492840103845,0.03019372945466539,0.4175100924023436,0.009435540454582935,0.030378079263632916,0.029554249166600752,56.457685085764425,57.04266060029483,0.006729180514517468,False,,False,completed_normally,2001,20.0,0,
traj_0797,near_boundary,20260817,49.19412463136714,1743.1571927018554,0.05158337512468084,0.35814864009364267,0.016119804726462763,0.051824666125000175,0.051263134498152764,49.07482976598802,49.347909125113276,0.0027050601531968857,False,,False,completed_normally,2001,20.0,0,
traj_0798,normal,20260817,74.36887833383224,1232.4856386516421,0.002112108049611942,0.6346820921038956,0.0006600337655037318,0.002112108049647003,-0.0429256053776661,74.36887833383224,117.30754186793611,0.5332783733348977,False,,False,completed_normally,2001,20.0,0,
traj_0799,stall,20260817,37.13352366113464,1792.5339366554133,0.11606355487668754,0.321938588516708,0.036269860898964855,0.8752236072947495,0.08182017031018435,34.372377152796616,46.95580239924824,0.33826862517301437,True,2.7600000000000002,False,completed_normally,2001,20.0,0,
traj_0800,normal,20260817,70.2368805654528,1287.944206933766,0.0068117446275753465,0.5760800117090279,0.0021286701961172956,0.006811744627767578,-0.02034490043132689,70.2368805654528,80.3765519549803,0.1433079895758043,False,,False,completed_normally,2001,20.0,0,
traj_0801,near_boundary,20260817,47.528525384287434,1211.1728689119964,0.05778591644159864,0.34802670666960017,0.018058098887999575,0.28404168001071467,0.04654220354661992,27.457570474274036,51.94639819695924,0.4701427218891639,True,5.54,False,completed_normally,2001,20.0,0,
traj_0802,stall,20260817,34.77523762430077,1876.9594442114822,0.1363461253421395,0.32823541702023223,0.042608164169418594,0.13796861367372362,0.13369225519998562,34.472373870764024,35.3413084502655,0.017545173408827382,False,,False,completed_normally,2001,20.0,0,
traj_0803,stall,20260817,33.856416778342584,1699.6221196164609,0.14527760094023875,0.33240982191896956,0.045399250293824606,0.14527760094023875,-0.2946892907992338,33.85641677834238,38.01752747870351,0.7907739167482768,True,2.24,True,validity_envelope_gamma_exceeded,263,2.62,0,
traj_0804,normal,20260817,68.06918502766561,566.9588773141185,0.00962280556431467,0.5471895819550517,0.0030071267388483342,0.010160529257928468,0.009378114337130948,67.46999434510481,68.35050673785037,0.005229924851714464,False,,False,completed_normally,2001,20.0,0,
traj_0805,normal,20260817,61.285740574744445,658.3478238097063,0.02040358677016841,0.4655360428166069,0.0063761208656776275,0.020521833244514724,0.020195766947058453,61.18221034500457,61.46364878624649,0.0023360041256155666,False,,False,completed_normally,2001,20.0,0,
traj_0806,near_boundary,20260817,37.560088022317714,1087.5915632905187,0.11275760698868853,0.321408026434967,0.035236752183965166,0.11275760698870062,-0.12639533210262066,37.560088022317714,54.590263803266765,0.4270319700180962,False,,False,completed_normally,2001,20.0,0,
traj_0807,normal,20260817,37.53785371705124,1849.3528467036233,0.11292740083409336,0.32143142829484794,0.035289812760654175,0.16909267461812,0.0935597122297064,31.826517091898246,43.11618900477422,0.17731247012289017,False,,False,completed_normally,2001,20.0,0,
traj_0808,normal,20260817,69.0054031258182,1266.61755564988,0.008376538986085504,0.5595073389340776,0.00261766843315172,0.008741832576526427,0.00828362488187379,68.58195630072126,69.11943853931994,0.004650435868331767,False,,False,completed_normally,2001,20.0,0,
traj_0809,stall,20260817,62.799031931820174,1060.6444912467728,0.017696873861070814,0.4825544810723093,0.005530273081584629,1.0557762556732664,0.017696873861038454,37.660944698083746,62.799031931820174,0.5279131560211804,True,3.56,False,completed_normally,2001,20.0,0,
traj_0810,near_boundary,20260817,61.84808791600892,587.5117877942364,0.019374840017508513,0.47177678572371373,0.00605463750547141,0.019374840017586818,-0.1669486968199156,61.84808791600892,96.66033293834266,0.5325433718395448,False,,False,completed_normally,2001,20.0,0,
traj_0811,stall,20260817,46.109789250605694,1888.1799166257451,0.06359052320707226,0.3404882633424091,0.01987203850221008,0.8252331537660744,-0.2885300570025239,38.19649195872746,46.10978925061649,0.7882340542025973,True,3.93,True,validity_envelope_gamma_exceeded,1096,10.950000000000001,0,
traj_0812,near_boundary,20260817,36.293125151201224,776.4432669510761,0.12288717785962577,0.3235053943766176,0.038402243081133054,0.31435684737673364,0.09480745931048123,26.01013787048187,44.177226500562575,0.2976130451545811,True,5.64,False,completed_normally,2001,20.0,0,
traj_0813,normal,20260817,54.44414769474225,790.603551691957,0.035539449663370845,0.3980350679429374,0.01110607801980339,0.0363591737676284,0.03489761504470683,53.93739321228074,54.860145613300034,0.009150101597626881,False,,False,completed_normally,2001,20.0,0,
traj_0814,normal,20260817,44.52085865446426,1012.3410894887122,0.0707366353850345,0.3333238707984437,0.02210519855782328,0.07362711731947202,0.015603624739041741,43.13542378735608,50.68140270090656,0.13853777604595627,False,,False,completed_normally,2001,20.0,0,
traj_0815,near_boundary,20260817,39.09080191639526,1072.7222451495784,0.10169926027565654,0.32086460535928374,0.03178101883614267,0.1016992602757756,-0.1419140333640913,39.09080191639526,65.37166637098096,0.6018552942100419,False,,False,completed_normally,2001,20.0,0,
traj_0816,near_boundary,20260817,63.60386933127317,1782.3606602238099,0.016334401459778478,0.4918933024864224,0.005104500456180774,0.21211859791033227,0.016334401459778478,30.038261926849952,63.603869331293076,0.6066067688444142,False,,False,completed_normally,2001,20.0,0,
traj_0817,stall,20260817,48.72197166943444,843.0988674488684,0.05327901106543455,0.3551454566139635,0.016649690957948295,0.053279011065465835,-0.2660078661569323,48.72197166943444,51.42844338713224,0.7917769702781656,False,,True,validity_envelope_gamma_exceeded,472,4.71,0,
traj_0818,normal,20260817,45.74741288608013,1039.7309457510678,0.06515737276138014,0.3387317374920485,0.020361678987931297,0.06652802454473575,0.0636533439360296,45.19291239064973,46.35470345560217,0.012175449068503595,False,,False,completed_normally,2001,20.0,0,
traj_0819,near_boundary,20260817,35.18877230299729,1315.5545023662478,0.13252596353560311,0.3266901776606544,0.04141436360487597,0.34545198369508523,0.10383204653645578,26.733247405141896,42.683067347598794,0.25156398368507565,True,4.44,False,completed_normally,2001,20.0,0,
traj_0820,stall,20260817,42.45654245392238,1632.5494812859486,0.08119121490966363,0.3262293511506925,0.025372254659269886,0.08119121490975556,-0.2844121507652634,42.45654245392238,45.61921583956739,0.7875070947365549,True,4.25,True,validity_envelope_gamma_exceeded,446,4.45,0,
traj_0821,normal,20260817,66.5687636090759,1782.1220796879131,0.011729640142123524,0.5279642590591016,0.0036655125444136015,0.011729640142259426,-0.009887628764747178,66.5687636090759,76.989603751595,0.15038792899880365,False,,False,completed_normally,2001,20.0,0,
traj_0822,normal,20260817,35.69256494942991,1287.9023540600895,0.12803006388606233,0.32507197322331655,0.04000939496439448,0.14819284290630452,0.08234266456728762,33.17713253096739,38.33904809835174,0.10888668262104871,False,,False,completed_normally,2001,20.0,0,
traj_0823,stall,20260817,33.847847882651365,1535.4373753471948,0.1453639019708755,0.33245377013985145,0.04542621936589859,0.1453639019708755,-0.22331297366771763,33.847847882650065,39.138459582496566,0.7901423269873821,False,,True,validity_envelope_gamma_exceeded,404,4.03,0,
traj_0824,near_boundary,20260817,46.48925039589642,973.963250003394,0.06198756173894415,0.34240258646084615,0.019371113043420048,0.06198756173894415,-0.14893160347917617,46.489250395895894,70.35108922538274,0.4858247310681497,False,,False,completed_normally,2001,20.0,0,
traj_0825,normal,20260817,40.070725495252745,1743.1928541537084,0.09522706900933903,0.321552238304975,0.029758459065418446,0.10559378599232791,0.0421517903385442,36.677355944782036,48.90502482399294,0.19894833371385753,False,,False,completed_normally,2001,20.0,0,
traj_0826,normal,20260817,30.073585970993218,1087.465563490699,0.1898961624977454,0.3624126055847245,0.059342550780545435,0.19412533113291902,0.18507573703136085,29.439878761240916,30.783963962283643,0.024315968305861385,False,,False,completed_normally,2001,20.0,0,
traj_0827,normal,20260817,31.487003143261102,794.7161010456022,0.17152608809974582,0.34850434565805,0.053601902531170566,0.2073132251056857,0.15551502695713698,28.467001222268383,34.40049633998266,0.10030667159959789,False,,False,completed_normally,2001,20.0,0,
traj_0828,near_boundary,20260817,68.45276637033885,1151.7533210199872,0.009106072622588897,0.5522067030219155,0.0028456476945590303,0.1976937483404841,0.009106072622450632,59.59863553376977,68.45276637033885,0.7880277775240416,False,,True,validity_envelope_gamma_exceeded,351,3.5,0,
traj_0829,stall,20260817,73.06917956988075,1883.0469095368917,0.0035055375664071126,0.6157591936755133,0.0010954804895022228,0.0035055375664664497,-0.3100741112934017,72.81304522000936,73.11582539729993,0.7894508679982736,True,3.0300000000000002,True,validity_envelope_gamma_exceeded,336,3.35,0,
traj_0830,normal,20260817,56.396287092786565,1641.9070708681504,0.03066410143644658,0.41563417468329045,0.009582531698889556,0.04761510503469136,0.0065724520322563845,56.194284756470346,60.31594947928664,0.12577356022261826,False,,False,completed_normally,2001,20.0,0,
traj_0831,normal,20260817,44.94299275085578,1555.7635508982805,0.06876684857132448,0.33508941463678393,0.0214896401785389,0.09857004729428329,0.0644732329025773,41.19038671295601,46.73429045023821,0.08031522089865374,False,,False,completed_normally,2001,20.0,0,
traj_0832,near_boundary,20260817,66.53775496027673,763.592553006052,0.0117746735433725,0.5275737142132687,0.003679585482303906,0.20206343637374502,0.01177467354325145,57.320795299836284,66.53775496027673,0.7868842843658785,False,,True,validity_envelope_gamma_exceeded,340,3.39,0,
traj_0833,normal,20260817,56.208342071722925,1820.7053990872973,0.031111866539913526,0.41387940138482127,0.009722458293722976,0.031111866539913526,0.016801597372599925,56.20834207171045,60.92151369736757,0.0797931076105032,False,,False,completed_normally,2001,20.0,0,
traj_0834,near_boundary,20260817,58.47933137693784,1210.7284777092677,0.02598244280855556,0.43591216629665547,0.008119513377673613,0.23853315006623388,0.02598244280855556,22.19322327856449,58.479331376938724,0.7377951175479696,False,,False,completed_normally,2001,20.0,0,
traj_0835,stall,20260817,47.4398158425139,1006.7620820689633,0.05813415001503178,0.34752532472584924,0.01816692187969743,0.06092760750875071,0.0557166809293541,46.24834012470543,48.545411633169294,0.024094136477039528,False,,False,completed_normally,2001,20.0,0,
traj_0836,normal,20260817,50.41467115333707,1461.126144084965,0.04741308996368847,0.3663826096040252,0.014816590613652647,0.07816938329653578,0.03838812811128321,44.82246889757643,50.77440823996332,0.14313720403211092,False,,False,completed_normally,2001,20.0,0,
traj_0837,near_boundary,20260817,30.990707378499717,931.1430255385027,0.17770885264020628,0.35298232017762826,0.05553401645006446,0.7082907825447539,0.1565379439365541,28.079910544373263,34.54446703305614,0.15630740526516906,True,3.16,False,completed_normally,2001,20.0,0,
traj_0838,near_boundary,20260817,65.72185450515812,1525.8941066880034,0.012982331831813274,0.5173974918101626,0.004056978697441648,0.012982331831813274,-0.1722581443492937,65.72185450515686,115.44808321306166,0.7126711339662136,False,,False,completed_normally,2001,20.0,0,
traj_0839,normal,20260817,59.88754538520467,1724.5910214390951,0.0230864306013289,0.4504556343004114,0.007214509562915282,0.023108743174616756,0.022689921475206272,59.86011988652073,60.20808383930539,0.006247324070531479,False,,False,completed_normally,2001,20.0,0,
traj_0840,normal,20260817,56.724225364999,1321.3584216048341,0.029893268610292848,0.4187261508916781,0.009341646440716514,0.03012211519681713,0.02955048192441237,56.56113639480478,56.96388630267248,0.0034607403301898823,False,,False,completed_normally,2001,20.0,0,
traj_0841,normal,20260817,74.17908037235873,1691.5947395073738,0.002311078281679804,0.6318910901984967,0.0007222119630249387,0.030146254374367673,-0.0292016910991917,67.77467422480248,80.8093254488485,0.2114735096810824,False,,False,completed_normally,2001,20.0,0,
traj_0842,normal,20260817,50.91017131177487,1660.139934162067,0.045803006036825994,0.36991315103702693,0.014313439386508125,0.04624925987544168,0.045103037955843514,50.66735588855133,51.28072934998647,0.006231886358833548,False,,False,completed_normally,2001,20.0,0,
traj_0843,stall,20260817,31.546048822931883,1914.2139055015691,0.17080807600047906,0.3479992344363911,0.05337752375014971,0.17080807600047906,-0.17419684100279453,31.546048822924952,38.461480364995914,0.7882169853415962,False,,True,validity_envelope_gamma_exceeded,497,4.96,0,
traj_0844,normal,20260817,66.69996506162725,804.5042690690123,0.011539785060706093,0.5296197612876175,0.003606182831470654,0.03585152136443795,0.011539785060536153,55.59514311180851,66.69996506162725,0.1697857486697544,False,,False,completed_normally,2001,20.0,0,
traj_0845,stall,20260817,55.64331954230938,788.3518624205965,0.032484950813193775,0.4086805694260119,0.010151547129123055,0.032484950813340116,-0.22661193618457198,55.64331954230938,58.748234721822215,0.7857181136324101,False,,True,validity_envelope_gamma_exceeded,664,6.63,0,
traj_0846,normal,20260817,57.57156738570298,1156.5352496605078,0.02796121630989139,0.4268905230445266,0.00873788009684106,0.062391007619006275,0.027728303046477897,48.12173735251788,57.74072445152683,0.16325671566018146,False,,False,completed_normally,2001,20.0,0,
traj_0847,normal,20260817,32.34985783933674,755.9386556983272,0.16137984929538016,0.3416797137619223,0.0504312029048063,0.1647472328263368,0.1287646262135066,31.48553429240112,36.09473950326327,0.10918394330778823,False,,False,completed_normally,2001,20.0,0,
traj_0848,normal,20260817,40.957910446070436,1089.473850265318,0.08973772752543208,0.3228156283466333,0.028043039851697524,0.08973772752543208,0.048242795443720184,40.957910446062264,49.90935733892647,0.13871008582950123,False,,False,completed_normally,2001,20.0,0,
traj_0849,stall,20260817,62.6740345086072,1176.7376448357525,0.017913138778155698,0.48112184748215403,0.005597855868173656,0.018883201158980675,0.01785748946013749,61.81011685538783,62.74136202267548,0.014579182537303814,False,,False,completed_normally,2001,20.0,0,
traj_0850,normal,20260817,65.01379432942528,1414.5845744938415,0.014066999008176491,0.5087234445707749,0.004395937190055154,0.04005200835786366,-0.01793552031999289,62.3913157036495,70.36378883200472,0.1705031444432615,False,,False,completed_normally,2001,20.0,0,
traj_0851,normal,20260817,74.33745895580633,691.5119081926224,0.0021449415485706113,0.6342194160010478,0.0006702942339283159,0.015104487737793559,-0.013839877265892753,72.79258381501967,77.73175878332687,0.09556903716668975,False,,False,completed_normally,2001,20.0,0,
traj_0852,near_boundary,20260817,56.30451211620761,693.5501460773809,0.030882197756869425,0.41477572708348964,0.009650686799021695,0.16513264395281238,0.03088219775686052,37.60141347703879,56.30451211620761,0.3572644657602972,False,,False,completed_normally,2001,20.0,0,
traj_0853,normal,20260817,39.301827098562484,1954.1160073663432,0.10026744826062373,0.32094736976876875,0.031333577581444914,0.10120015974760836,0.06180490089115699,38.7591936398981,44.00943083835912,0.11779928722573757,False,,False,completed_normally,2001,20.0,0,
traj_0854,normal,20260817,64.80954414724677,639.7493371262435,0.014386434671783493,0.5062486851869171,0.004495760834932342,0.04914719189178844,-0.011373439156988185,58.01646968997318,67.40298357635557,0.11203485268013362,False,,False,completed_normally,2001,20.0,0,
traj_0855,normal,20260817,57.31175661071841,1757.6106011075638,0.028544664240675647,0.4243605465463986,0.00892020757521114,0.028544664240675647,0.012806260719210424,57.311756610712365,61.89196184778544,0.0767354675734952,False,,False,completed_normally,2001,20.0,0,
traj_0856,normal,20260817,61.01801979091826,1360.6427885583028,0.02090323871015459,0.4626000505608966,0.006532262096923308,0.02090323871015459,-0.0038792211332267235,61.018019790916924,71.85150884149586,0.1640856736011018,False,,False,completed_normally,2001,20.0,0,
traj_0857,stall,20260817,56.01785403000703,562.2752856061552,0.03157021859245346,0.41211381279515075,0.009865693310141706,1.1109273842883285,0.029887465474846553,43.38593644275537,56.97954929453442,0.36817158034111896,True,3.06,False,completed_normally,2001,20.0,0,
traj_0858,normal,20260817,30.033842529578546,1671.483896879638,0.1904490494136392,0.3628570895027031,0.059515327941762244,0.2116905223049319,0.14282198735785834,26.93487273368891,34.70840615722361,0.1423815703001624,False,,False,completed_normally,2001,20.0,0,
traj_0859,normal,20260817,67.57195938549256,1149.9327584248754,0.010305631176853392,0.5407476587697442,0.003220509742766685,0.04385284856036742,0.010305631176853392,46.15286638110462,67.57195938549663,0.30392907299317595,False,,False,completed_normally,2001,20.0,0,
traj_0860,near_boundary,20260817,50.02797025255797,783.3546315034157,0.048702196376899806,0.3637017829066104,0.015219436367781189,0.2639553255546371,0.03993533373078051,29.633370732448736,53.7679405489527,0.45152566257032256,False,,False,completed_normally,2001,20.0,0,
traj_0861,normal,20260817,51.87287693643619,1816.797610862412,0.0428026857329135,0.3770718380369182,0.013375839291535468,0.08106063514578726,0.04168939414122044,44.11518778938857,51.8728769364388,0.1749079026240132,False,,False,completed_normally,2001,20.0,0,
traj_0862,near_boundary,20260817,31.434639937556742,1617.0531053295433,0.17216588844875816,0.3489571296749267,0.05380184014023693,0.23603439151466424,-0.05593239507045075,23.01600103548782,43.250133342060685,0.3507340350918155,False,,False,completed_normally,2001,20.0,0,
traj_0863,normal,20260817,64.63398230592652,748.8905251508235,0.014663398375433817,0.5041313858305925,0.004582311992323068,0.014663398375433817,-0.01950553063583499,64.6339823059229,79.1720719870363,0.2153607237407368,False,,False,completed_normally,2001,20.0,0,
traj_0864,normal,20260817,45.63674045482728,1541.374280589784,0.06564308639404345,0.33820943454810104,0.020513464498138578,0.1021390560514036,0.0628244261577161,38.444962935708524,46.814811876625924,0.13718643168296568,False,,False,completed_normally,2001,20.0,0,
traj_0865,near_boundary,20260817,60.56513109827476,1458.9101240430266,0.02176339936895013,0.457685385142514,0.006801062302796915,0.02176339936895013,-0.11878246144250251,60.565131098255506,85.60510344929749,0.3960821063915963,False,,False,completed_normally,2001,20.0,0,
traj_0866,normal,20260817,47.33043221667563,655.9658877966991,0.05856615523870193,0.3469124985284982,0.01830192351209435,0.07489725120600918,0.029559900178272286,45.60989933822629,54.206363819329496,0.14416578751367945,False,,False,completed_normally,2001,20.0,0,
traj_0867,near_boundary,20260817,56.034407732042084,904.9844504927955,0.031530204709128484,0.4122667269888819,0.009853188971602651,0.03153020470927335,-0.13783933885048644,56.034407732042084,79.97966775740298,0.40808689548773,False,,False,completed_normally,2001,20.0,0,
traj_0868,normal,20260817,54.817602635691166,1055.0324013124625,0.03456706393851738,0.40129298429244986,0.01080220748078668,0.0899113201216249,0.034567063938341656,36.29715564872811,54.849645192399024,0.27669042385306347,False,,False,completed_normally,2001,20.0,0,
traj_0869,near_boundary,20260817,50.504041314649626,974.1732368511543,0.04711926749343333,0.3670115151796167,0.014724771091697916,0.04711926749358822,-0.1935040419660095,50.504041314649626,87.0273203150427,0.6662389134248147,False,,False,completed_normally,2001,20.0,0,
traj_0870,normal,20260817,60.392952253638185,1525.361345769512,0.022095432345898804,0.45583418882712784,0.0069048226080933766,0.0516167251792061,0.022095432345863888,47.98150155050511,60.392952253638185,0.1893610431503619,False,,False,completed_normally,2001,20.0,0,
traj_0871,normal,20260817,36.6950927025969,799.2538469128845,0.11957070495836897,0.3226675602590383,0.0373658452994903,0.17664738405025093,0.09905242756259117,29.335509252884627,42.30993350646433,0.218737544361681,False,,False,completed_normally,2001,20.0,0,
traj_0872,stall,20260817,65.63070509853135,1887.0611082233931,0.013120018823245524,0.5162726423044227,0.004100005882264226,0.9136627505297297,-0.36547530974300746,22.732246379155413,65.63070509853135,0.7873309452868287,True,5.08,True,validity_envelope_gamma_exceeded,1354,13.530000000000001,0,
traj_0873,near_boundary,20260817,73.48038280798617,1279.4016763801203,0.003056749775901377,0.6216980224132106,0.0009552343049691803,0.003056749775901377,-0.15023359943237413,73.48038280798468,120.9319269674151,0.626652765747615,False,,False,completed_normally,2001,20.0,0,
traj_0874,normal,20260817,45.92187118417772,1170.4568790210471,0.06439858151671435,0.339568560494139,0.020124556723973234,0.06526367892329786,0.06362445917068299,45.56174693346576,46.23569224266123,0.009221609536169288,False,,False,completed_normally,2001,20.0,0,
traj_0875,normal,20260817,37.163400192628046,754.3942447129056,0.11582863987320505,0.3218957630792553,0.036196449960376575,0.11708371587924159,0.11457258865350875,36.870982207135626,37.474214586443495,0.008943818373323226,False,,False,completed_normally,2001,20.0,0,
traj_0876,stall,20260817,43.82489869167518,696.8879508926885,0.0741040242281149,0.3306402110190164,0.023157507571285908,0.07410402422813801,-0.2895000043745707,43.82489869167518,47.12341308200601,0.7901348677765619,True,3.89,True,validity_envelope_gamma_exceeded,426,4.25,0,
traj_0877,stall,20260817,47.60103113177937,569.7258175118652,0.05750269199428308,0.3484394085757429,0.01796959124821346,0.05750269199428308,-0.22735949838731362,47.601031131778434,51.88562881058537,0.7872933231051334,False,,True,validity_envelope_gamma_exceeded,636,6.3500000000000005,0,
traj_0878,near_boundary,20260817,46.30789012145618,1845.2934513585258,0.06274893712241403,0.34147817365495914,0.019609042850754384,0.21021144191523752,0.05440286221184601,31.38723718348635,49.58431075638564,0.34489047247360266,False,,False,completed_normally,2001,20.0,0,
traj_0879,normal,20260817,40.228908037752234,661.1064876767452,0.09422339544515945,0.32173409291387656,0.02944481107661233,0.09835725445528672,0.07196041742593423,38.83844496301018,44.28299659689041,0.0896205395584903,False,,False,completed_normally,2001,20.0,0,
traj_0880,stall,20260817,59.29030275316457,829.7275715847894,0.024289851865649394,0.4442072799130715,0.007590578708015435,0.024289851865732223,-0.3694003507211696,59.29030275316457,61.313055832131646,0.7917668593235085,True,6.8,True,validity_envelope_gamma_exceeded,733,7.32,0,
traj_0881,stall,20260817,55.41789950400933,681.3440165306486,0.03304430397564491,0.40663883308986093,0.010326344992389033,1.1372402708309362,0.021077251302660985,47.63885759290628,62.31061596557127,0.2971385759693182,True,1.56,False,completed_normally,2001,20.0,0,
traj_0882,normal,20260817,40.43572461910585,866.8302756656534,0.09292770800568079,0.32200062077690494,0.029039908751775246,0.15694770348840648,0.07227495153355784,29.93847116372715,47.73276567496226,0.2518271590190985,False,,False,completed_normally,2001,20.0,0,
traj_0883,stall,20260817,43.179697028523954,702.537356190259,0.0773657941686304,0.32841359864008424,0.024176810677697003,0.07908993228887534,0.0751452755390092,42.5795962682182,43.95726375188079,0.014127381669426887,False,,False,completed_normally,2001,20.0,0,
traj_0884,stall,20260817,51.61387558891259,774.7806363903509,0.04359376347256215,0.3751076514327786,0.013623051085175671,0.9573607615579504,0.033671180134518884,41.674167781329,57.79588425180065,0.3412561957402174,True,2.74,False,completed_normally,2001,20.0,0,
traj_0885,normal,20260817,40.56644640751141,603.3363989231668,0.09211829643376546,0.32218569999242036,0.028786967635551705,0.13167485790621578,0.07022699689453182,35.85798079422646,47.465081917411375,0.17632484651691963,False,,False,completed_normally,2001,20.0,0,
traj_0886,stall,20260817,41.51855872340385,1608.8475401736382,0.0864380055273076,0.32391060489207185,0.027011876727283623,0.08643800552730949,-0.5269555367929467,41.51855872340385,45.51677774363937,0.7868381127794145,True,4.4,True,validity_envelope_gamma_exceeded,521,5.2,0,
traj_0887,stall,20260817,70.77209818369819,1173.0829749820039,0.00615673651133959,0.5834123471257255,0.001923980159793622,0.00615673651133959,-0.23006116758308992,70.77209818367915,72.49449253808818,0.7933347084627895,False,,True,validity_envelope_gamma_exceeded,705,7.04,0,
traj_0888,normal,20260817,66.11830650836899,1573.5178194940484,0.012390000744940507,0.5223181176234235,0.003871875232793908,0.02014385459959303,-0.02016263495285006,66.11830650832744,75.94002008109511,0.23391445470011307,False,,False,completed_normally,2001,20.0,0,
traj_0889,near_boundary,20260817,62.64093458606005,1954.4140316108,0.017970620936514546,0.48074328358460394,0.005615819042660796,0.20784160555121955,0.0176620635420243,33.48466727494023,62.95614008879805,0.5242463725510748,False,,False,completed_normally,2001,20.0,0,
traj_0890,near_boundary,20260817,67.43779847487096,665.3655438429001,0.010492434615646133,0.5390214830325568,0.0032788858173894166,0.010492434615820681,-0.1861477421945673,67.43779847487096,118.49133984262032,0.7379458625000727,False,,True,ground_contact,1489,14.88,0,
traj_0891,stall,20260817,68.64915726067422,1886.2660315578125,0.008844820175905752,0.5547913807074666,0.0027640063049705474,0.009357459216934289,0.008844820175905752,68.06404693887929,68.64915726070485,0.0064741774128465705,False,,False,completed_normally,2001,20.0,0,
traj_0892,normal,20260817,57.26278314839417,1092.972185339539,0.02865551852069652,0.42388627967296644,0.008954849537717661,0.07199499596618802,-0.00446324487635949,48.64293934489256,60.105501558979675,0.2450225108440009,False,,False,completed_normally,2001,20.0,0,
traj_0893,normal,20260817,69.64694911171244,1280.1327341184744,0.007551099734480939,0.5680888527244188,0.0023597186670252937,0.007551099734480939,-0.0355472739093661,69.6469491117031,84.39762366402007,0.2041731788653296,False,,False,completed_normally,2001,20.0,0,
traj_0894,near_boundary,20260817,69.12972231186892,1590.27277586128,0.008214806649814839,0.5611613717855808,0.002567127078067137,0.1946391502761119,0.008214806649680086,34.62034716133393,69.12972231186892,0.5681660797786506,False,,False,completed_normally,2001,20.0,0,
traj_0895,normal,20260817,32.421191679171926,1824.2443482311996,0.16057296931040835,0.34116736315774265,0.05017905290950261,0.18783971111874084,0.09800257443332792,28.164780719566135,37.06263001579751,0.1471635220298313,False,,False,completed_normally,2001,20.0,0,
traj_0896,normal,20260817,69.75601976125965,1781.890593565974,0.007413002319046804,0.5695591136955909,0.002316563224702126,0.05724014389948323,0.007413002319021575,39.545937058559396,69.75601976125965,0.42562089826960003,False,,False,completed_normally,2001,20.0,0,
traj_0897,stall,20260817,67.49611969676872,1408.5322146692756,0.010411093723417142,0.539771243460352,0.003253466788567857,0.8530881872539451,0.010411093723417142,54.07825023020708,67.49611969678239,0.7856305425858381,True,4.21,True,validity_envelope_gamma_exceeded,577,5.76,0,
traj_0898,stall,20260817,60.75680397623425,1670.1059202210165,0.021397043575999874,0.459757377284776,0.006686576117499961,0.2884852293689546,0.021397043575999874,52.475710694507605,60.75680397624072,0.7858669502930022,True,3.97,True,validity_envelope_gamma_exceeded,420,4.19,0,
traj_0899,stall,20260817,44.1679549015859,1280.0069268820682,0.07242510379035322,0.33192719342547267,0.02263284493448538,0.8736697914407259,0.06539048513685612,38.250665342555,47.01145952688757,0.2597684565372559,True,6.98,False,completed_normally,2001,20.0,0,
traj_0900,normal,20260817,42.32662540269109,1486.7315301617668,0.08189826880672255,0.3258729053664806,0.025593209002100797,0.11873690425614385,0.07213299343896938,36.45246942857115,45.93610979097556,0.13374784665096728,False,,False,completed_normally,2001,20.0,0,
traj_0901,near_boundary,20260817,66.85195428063517,1227.6445721857951,0.011321229557435832,0.5315437393887434,0.0035378842366986974,0.011321229557531459,-0.17061206909391552,66.85195428063517,118.34529203611051,0.7295660631385348,False,,False,completed_normally,2001,20.0,0,
traj_0902,stall,20260817,34.835955921202114,1829.1491094058197,0.13577769808126786,0.32799595888010247,0.04243053065039621,0.13577769808126786,-0.18630100851442943,34.835955921200124,41.7287535481786,0.7873197629787558,False,,True,validity_envelope_gamma_exceeded,516,5.15,0,
traj_0903,normal,20260817,39.90417812970967,1217.0623083826695,0.09629587258291719,0.32138163478152443,0.030092460182161624,0.09750901959499889,0.09484922886353295,39.55413324814795,40.3148979997335,0.008844154422162385,False,,False,completed_normally,2001,20.0,0,
traj_0904,normal,20260817,43.17989132008857,1657.2794173714917,0.07736479090214865,0.32841423028998523,0.024176497156921453,0.07869198536574339,0.05638728526059503,42.558295506853256,46.66375910918628,0.0754998152586158,False,,False,completed_normally,2001,20.0,0,
traj_0905,stall,20260817,56.71075151908463,1275.2575138975885,0.029924680604139664,0.41859836107422455,0.009351462688793645,0.03210168543932266,0.028755278850513454,55.239393739027534,57.568909236209095,0.02676076704641718,False,,False,completed_normally,2001,20.0,0,
traj_0906,near_boundary,20260817,65.8144335936662,1666.3653208542544,0.012843063714314693,0.5185424630909488,0.004013457410723341,0.013071340966152438,0.012822845612284434,65.5804069456624,65.83877380402471,0.002712711944469264,False,,False,completed_normally,2001,20.0,0,
traj_0907,near_boundary,20260817,43.13163882342722,1469.211479709814,0.0776143500006436,0.3282580884828725,0.024254484375201123,0.0776143500006436,-0.14367638932022644,43.13163882341063,66.06758587024844,0.4928166154661571,False,,False,completed_normally,2001,20.0,0,
traj_0908,near_boundary,20260817,71.64922107969385,1270.0673990811629,0.00511456054004103,0.5955966786015042,0.0015983001687628218,0.005212964744021196,0.004873105666185455,71.51928921923803,71.96148667552026,0.0030492122075182967,False,,False,completed_normally,2001,20.0,0,
traj_0909,stall,20260817,35.276676719771096,1518.4247147829828,0.13172918501949554,0.32638723477865195,0.04116537031859236,0.13172918501956468,-0.38924438812496154,35.276676719771096,39.29302365975894,0.7888406180770476,True,6.88,True,validity_envelope_gamma_exceeded,756,7.55,0,
traj_0910,stall,20260817,65.36208817803428,1000.518111782272,0.013529098492472927,0.5129718315456552,0.00422784327889779,0.013529098492589887,-0.2950034574495711,65.36208817803428,66.12707971717894,0.7895146591571173,True,1.94,True,validity_envelope_gamma_exceeded,223,2.22,0,
traj_0911,normal,20260817,35.040105591724625,1781.5818261125305,0.13388558200596587,0.3272227263452682,0.041839244376864336,0.1564652870139798,0.08143589006274508,30.778016313011513,39.69910311809748,0.14202560890138252,False,,False,completed_normally,2001,20.0,0,
traj_0912,normal,20260817,45.70038567366177,717.8098564843418,0.06536334803102062,0.3385089842330094,0.020426046259693943,0.06536334803102062,0.0332804546466139,45.70038567365699,51.947567687631086,0.13077994953094635,False,,False,completed_normally,2001,20.0,0,
traj_0913,stall,20260817,48.691828224764365,1648.64542445599,0.05338889650414283,0.35495726050251797,0.016684030157544633,0.05338889650414283,-0.5591564724770859,48.691828224763846,52.05064221539088,0.7855551594801715,True,2.37,True,validity_envelope_gamma_exceeded,317,3.16,0,
traj_0914,near_boundary,20260817,48.085422004225904,1969.5551433900296,0.0556423193070153,0.35126287203242157,0.01738822478344228,0.30604053272233583,0.0343860720603093,24.336482398633684,58.89046699072909,0.5620180409937058,True,4.33,False,completed_normally,2001,20.0,0,
traj_0915,normal,20260817,71.57446222191348,1393.1657596996713,0.005201910662519026,0.5945500933725002,0.0016255970820371957,0.005201910662519026,-0.019493596256661236,71.57446222190161,85.66258240932729,0.18461623371234426,False,,False,completed_normally,2001,20.0,0,
traj_0916,near_boundary,20260817,60.21921263906065,956.5110420604826,0.022433325920855784,0.45397590533336696,0.007010414350267433,0.16112783871493072,0.022433325920757072,38.69059925252254,60.21921263906065,0.3876096161181952,False,,False,completed_normally,2001,20.0,0,
traj_0917,stall,20260817,51.02945149152734,1386.2395285276816,0.045422238523469646,0.37077884797006866,0.014194449538584264,0.9285021663673946,-0.2200843037717255,40.41641172658135,51.02945149152734,0.7876179676027408,True,5.98,True,validity_envelope_gamma_exceeded,1329,13.280000000000001,0,
traj_0918,stall,20260817,38.30479645428596,1645.7488827032473,0.10722566759980906,0.3208860313464957,0.033508021124940335,0.1072256675999175,-0.21651531628907128,38.30479645428596,43.26909946122805,0.787366637146942,False,,True,validity_envelope_gamma_exceeded,512,5.11,0,
traj_0919,normal,20260817,56.712737982026766,851.3670916580785,0.029920048117767373,0.4186171972245316,0.009350015036802304,0.08466692652290445,0.029920048117767373,39.24663884154704,56.71273798203036,0.30036454075901325,False,,False,completed_normally,2001,20.0,0,
traj_0920,normal,20260817,68.58797280067064,1685.831030181573,0.008925973793660277,0.5539849836245573,0.0027893668105188362,0.0461737704423307,0.008925973793484315,52.86807931839699,68.58797280067064,0.2375208234342461,False,,False,completed_normally,2001,20.0,0,
traj_0921,normal,20260817,48.95662019922713,582.0572043309759,0.0524303564620649,0.3566250058230869,0.01638448639439528,0.05344463444398074,0.05120024047410179,48.465185976296226,49.548451928824214,0.011138957711092454,False,,False,completed_normally,2001,20.0,0,
traj_0922,normal,20260817,60.92272930971764,1327.2655420404396,0.021082650956496984,0.46156053276280495,0.006588328423905307,0.05972158821045495,0.021082650956496984,50.39990227936492,60.922729309718896,0.1757506791160497,False,,False,completed_normally,2001,20.0,0,
traj_0923,near_boundary,20260817,45.1980655787467,944.2594245503163,0.06760222914571495,0.33620537588777205,0.021125696608035923,0.265539803642019,0.04065928354003434,24.65273793484649,58.41295802835096,0.5041221165344393,False,,False,completed_normally,2001,20.0,0,
traj_0924,near_boundary,20260817,44.68408048269332,562.1437394958936,0.06996864423580568,0.33399439728422153,0.021865201323689274,0.2774135540715994,0.040676200973279425,25.659633636504456,59.48922167587954,0.47134834130536357,False,,False,completed_normally,2001,20.0,0,
traj_0925,normal,20260817,65.46300025380502,858.5477092397375,0.013374834545109824,0.5142093809451039,0.00417963579534682,0.013881976601182625,0.013258450673546664,64.9528712617011,65.5891794341424,0.006366979036709845,False,,False,completed_normally,2001,20.0,0,
traj_0926,stall,20260817,68.43688122562628,1698.8282515242233,0.009127301448301924,0.5519981118118782,0.002852281702594351,0.009576729741962888,0.008424489586780902,67.92577906944986,69.25041044760101,0.006355431780533612,False,,False,completed_normally,2001,20.0,0,
traj_0927,normal,20260817,45.43335333468052,1528.645116296062,0.06654463169534072,0.33726705247071176,0.020795197404793974,0.06750795524564081,0.06564697149341248,45.03917633122092,45.7879906147343,0.011391511271412942,False,,False,completed_normally,2001,20.0,0,
traj_0928,near_boundary,20260817,46.67774140322291,853.3953641018635,0.06120532115000338,0.34338156022794786,0.019126662859376056,0.06120532115000338,-0.12833832819021618,46.67774140321873,75.81453759015099,0.5636995694835732,False,,False,completed_normally,2001,20.0,0,
traj_0929,stall,20260817,49.89737939513753,1956.249644728283,0.04914414833419396,0.3628114096760648,0.015357546354435613,0.8705948656871192,0.03804114985466761,35.865664214364614,55.98416864952734,0.33829636861248263,True,2.19,False,completed_normally,2001,20.0,0,
traj_0930,normal,20260817,46.19474702538088,1539.298128795934,0.06322831954545632,0.3409102488226605,0.0197588498579551,0.0632283195455616,0.04090875861949428,46.19474702538088,48.5697193465897,0.050891021423965524,False,,False,completed_normally,2001,20.0,0,
traj_0931,near_boundary,20260817,72.67811179744352,731.7918825495633,0.003939368593903168,0.6101526872436992,0.0012310526855947401,0.003939368593903168,-0.11527011936148451,72.67811179743882,102.45390881299778,0.39408599049409027,False,,False,completed_normally,2001,20.0,0,
traj_0932,stall,20260817,43.49209302207506,1779.8017524831557,0.0757691961527514,0.32945965245929676,0.023677873797734814,0.0757691961527514,-0.24515054298859595,43.49209302207221,47.081843959396124,0.7877713715786298,False,,True,validity_envelope_gamma_exceeded,728,7.2700000000000005,0,
traj_0933,normal,20260817,46.28525982870102,1870.0018187943474,0.06284454921632882,0.3413640388237723,0.019638921630102755,0.06399754664560194,0.061793966037753605,45.81691174197527,46.731203325153544,0.010012101435693126,False,,False,completed_normally,2001,20.0,0,
traj_0934,near_boundary,20260817,52.1048572994541,864.2085719600851,0.042103912948387154,0.3788546529154301,0.013157472796370985,0.2686243244735023,0.02407252561016554,26.415109788624378,63.16366969968389,0.5615511175171216,False,,False,completed_normally,2001,20.0,0,
traj_0935,near_boundary,20260817,33.670340832072675,1891.6939901663536,0.14716461286428975,0.3333857749160589,0.045988941520090545,0.19267673844523248,-0.04268141360496938,26.05008698393919,44.9949411704953,0.31598371710223383,False,,False,completed_normally,2001,20.0,0,
traj_0936,near_boundary,20260817,38.36093541744422,1719.752254606033,0.10682056645875479,0.32086684455930004,0.033381427018360874,0.11377235605804942,-0.14760467836516983,33.75732404298089,60.54795347261023,0.5298866443216882,False,,False,completed_normally,2001,20.0,0,
traj_0937,normal,20260817,34.910294774385086,741.2076348413743,0.1350853151297904,0.3277087283510877,0.0422141609780595,0.14529054767578917,0.10335952958772096,32.81216657235879,37.64560803680909,0.0701064220032713,False,,False,completed_normally,2001,20.0,0,
traj_0938,stall,20260817,59.481827956309466,529.2628481389556,0.023900041959866457,0.4461982412141216,0.007468763112458267,0.023900041959866457,-0.2735283193190404,59.48182795629961,61.03787000431081,0.7876503509906586,False,,True,validity_envelope_gamma_exceeded,532,5.3100000000000005,0,
traj_0939,normal,20260817,45.69039966454511,746.8416556692245,0.06540716482140724,0.33846183849040523,0.020439739006689762,0.10390364840997844,0.06047375111016444,38.95032368203987,47.80890862549104,0.14623493684441047,False,,False,completed_normally,2001,20.0,0,
traj_0940,stall,20260817,67.0042500793421,1610.1836732263735,0.011103706858387626,0.5334782325958012,0.0034699083932461334,0.011475296145205127,-0.2572436095644317,66.6062230196223,67.93147947436472,0.7930873779401224,False,,True,validity_envelope_gamma_exceeded,602,6.01,0,
traj_0941,near_boundary,20260817,66.31893367091337,1009.7831225361343,0.012094242105380019,0.5248255956914899,0.003779450657931256,0.15385755343532942,0.012094242105380019,34.06154720188479,66.31893367091465,0.5478167452005086,False,,False,completed_normally,2001,20.0,0,
traj_0942,near_boundary,20260817,68.77805221261401,1012.8048329368551,0.008674557718550698,0.5564936036482167,0.002710799287047093,0.17343736276317578,0.00867455771848422,26.894633442809802,68.77805221261401,0.7201034333748556,False,,False,completed_normally,2001,20.0,0,
traj_0943,normal,20260817,43.38491151406744,949.9291153940117,0.07631327530766036,0.3290939197022528,0.02384789853364386,0.14644814655859967,0.07102249053771359,30.866457467318536,45.03059263337189,0.26553784219576326,False,,False,completed_normally,2001,20.0,0,
traj_0944,normal,20260817,65.61771913652505,1191.7425120236792,0.013139681120599524,0.5161125834095465,0.004106150350187352,0.013139681120599524,-0.022689479288387465,65.61771913652399,79.52537334108086,0.20380745613503168,False,,False,completed_normally,2001,20.0,0,
traj_0945,stall,20260817,73.7894769057527,1998.1721596722962,0.0027242862851726175,0.6261914801555376,0.000851339464116443,0.002724286285255556,-0.3281288741058842,73.70701600504763,73.98853232798285,0.7894589983833443,True,4.9,True,validity_envelope_gamma_exceeded,523,5.22,0,
traj_0946,normal,20260817,61.29464907068674,1344.4858406685596,0.020387071649469596,0.4656341294755773,0.006370959890459249,0.02066626651387876,0.020314983132619122,61.05756948818138,61.36038045823102,0.0030501505817941287,False,,False,completed_normally,2001,20.0,0,
traj_0947,stall,20260817,54.49976047759597,976.1219688954424,0.03539340325996268,0.39851688980973443,0.011060438518738338,0.7692326253529536,-0.25185358743168396,33.081338376895616,54.499760477604546,0.7884568052601933,True,6.48,True,validity_envelope_gamma_exceeded,1216,12.15,0,
traj_0948,stall,20260817,34.62990635404904,1914.0141382851962,0.13771737529916966,0.3288264508448834,0.04303667978099052,0.13962602670948204,0.13602359905765743,34.25966274189779,34.985661784913674,0.011087985983893427,False,,False,completed_normally,2001,20.0,0,
traj_0949,stall,20260817,50.66561784632152,1816.6413914693303,0.04659189842145389,0.36815736964613094,0.014559968256704341,0.04708650665754177,0.04599927293677047,50.406291996302826,50.97476036786891,0.005278765615085219,False,,False,completed_normally,2001,20.0,0,
traj_0950,near_boundary,20260817,36.978884504926334,793.7181494005679,0.11728770583520134,0.3221741089648565,0.03665240807350042,0.14520550741576718,-0.061898367710128965,30.59874597175412,48.01674445210973,0.28696294351814117,False,,False,completed_normally,2001,20.0,0,
traj_0951,near_boundary,20260817,51.6325214427181,1936.456285271921,0.04353642362970522,0.37524812388347567,0.013605132384282882,0.2261177706778678,0.024083004016033693,25.94001860192188,63.658740678279784,0.5604458684405719,False,,False,completed_normally,2001,20.0,0,
traj_0952,near_boundary,20260817,50.042979450513116,736.7147991426598,0.04865161751107093,0.36380460244434837,0.015203630472209666,0.04865161751117337,-0.14741776037566062,50.042979450513116,72.08775796750197,0.4181803922450198,False,,False,completed_normally,2001,20.0,0,
traj_0953,stall,20260817,39.54020992783369,1410.3908098752017,0.09867551088583851,0.3210845514766622,0.030836097151824532,1.088608923014823,-0.23021758912398593,38.15604137677198,47.811885825296756,0.7866894849173525,True,2.0300000000000002,True,validity_envelope_gamma_exceeded,741,7.4,0,
traj_0954,near_boundary,20260817,36.076063607496515,1107.4951649038285,0.12471951887468413,0.32402729670034097,0.03897484964833879,0.4783066884324594,0.10024349719416616,28.693106872233944,42.66839304440151,0.2128571351638688,True,2.83,False,completed_normally,2001,20.0,0,
traj_0955,stall,20260817,67.14564006732999,1967.6551495099593,0.01090306978737159,0.5352801292318998,0.003407209308553622,0.2721821949518425,0.010903069787195099,59.20116963473883,67.14564006732999,0.7876077926538857,False,,True,validity_envelope_gamma_exceeded,569,5.68,0,
traj_0956,normal,20260817,43.54006393074094,763.6010700922997,0.07552692561813223,0.329625639228033,0.023602164255666323,0.10749720525889069,0.07552692561801297,38.174731217681334,43.54006393074094,0.12123270477461001,False,,False,completed_normally,2001,20.0,0,
traj_0957,stall,20260817,46.060532401344865,929.62854252044,0.06380140803891951,0.34024536475604966,0.019937940012162345,0.06380140803891951,-0.2760641410300513,46.06053240132531,48.7976179286675,0.7880728194180784,False,,True,validity_envelope_gamma_exceeded,586,5.8500000000000005,0,
traj_0958,normal,20260817,62.754152409733514,1128.5994872788137,0.017774375585997294,0.4820395508678556,0.005554492370624154,0.01838006565196923,0.01749414171770292,62.20925284281339,63.01803532166819,0.007017340742115826,False,,False,completed_normally,2001,20.0,0,
traj_0959,near_boundary,20260817,63.463000575277135,1525.1054468106936,0.01656918070338292,0.49024453206845237,0.005177868969807163,0.01656918070356464,-0.17665311823440438,63.463000575277135,70.41034758275947,0.785667892023033,False,,True,validity_envelope_gamma_exceeded,584,5.83,0,
traj_0960,normal,20260817,69.01828192141303,1902.8176713550952,0.008359744224680818,0.5596784886364193,0.0026124200702127556,0.00869626857364595,0.00824899321331551,68.6283246578938,69.1524915555562,0.00411523390189254,False,,False,completed_normally,2001,20.0,0,
traj_0961,normal,20260817,34.41851876579576,1860.8846783892664,0.1397391929759581,0.32973174412542816,0.043668497804986904,0.19830346335898097,0.12164664185287509,29.86002872249901,38.55392493718034,0.12808586091491234,False,,False,completed_normally,2001,20.0,0,
traj_0962,normal,20260817,50.33307265733812,558.7876209308675,0.047682696115394364,0.36581144433963997,0.01490084253606074,0.04794191305072463,0.047344927905647906,50.19704397288575,50.50603468381134,0.003096970277384576,False,,False,completed_normally,2001,20.0,0,
traj_0963,stall,20260817,33.402440863923246,1020.7508636682883,0.14992987372325484,0.3348716092089559,0.046853085538517136,0.15113440765047212,-0.2263250799344818,33.08590137031687,38.077588106152426,0.7904995086864866,False,,True,validity_envelope_gamma_exceeded,432,4.3100000000000005,0,
traj_0964,normal,20260817,46.78584313253458,789.8370732603538,0.060760815774641,0.3439513229717142,0.018987754929575315,0.06148886506339613,0.059720043474758296,46.46308820906112,47.226718584437855,0.009818765625508315,False,,False,completed_normally,2001,20.0,0,
traj_0965,normal,20260817,63.59014874200807,1267.9277626723092,0.016357201190362394,0.49173244866329796,0.005111625371988248,0.04641577860880064,0.016357201190272175,51.40308251402261,63.59014874200807,0.1957057479418737,False,,False,completed_normally,2001,20.0,0,
traj_0966,stall,20260817,42.37805087360387,698.7279731906178,0.0816176557602567,0.3260126666065486,0.02550551742508022,0.08161765576035833,-0.2875683447534372,42.37805087360387,45.541936254191484,0.7908863411497014,True,2.74,True,validity_envelope_gamma_exceeded,303,3.02,0,
traj_0967,normal,20260817,64.96511591882167,635.6339486955777,0.014142859092530491,0.5081325235963493,0.004419643466415778,0.014177899256229812,0.013970456715851336,64.9274873288629,65.13711012692471,0.002040512966281685,False,,False,completed_normally,2001,20.0,0,
traj_0968,normal,20260817,30.868927660112796,1440.81623369573,0.17926790449452,0.35414618220952915,0.0560212201545375,0.2365613433718002,0.1580498160023745,26.73570351371435,34.63855126308605,0.13533234972931982,False,,False,completed_normally,2001,20.0,0,
traj_0969,near_boundary,20260817,69.10249317170515,1780.3241523949137,0.008250156376777808,0.5607987287869841,0.002578173867743065,0.1798864887203961,0.008250156376777808,38.471591107133634,69.10249317170515,0.4956251664616633,False,,False,completed_normally,2001,20.0,0,
traj_0970,normal,20260817,56.31593807891698,1609.0050861829955,0.030854987669321342,0.41488243957900944,0.00964218364666292,0.03128402425169751,0.030530848221766098,56.0224840062522,56.5383498462185,0.003118872526146058,False,,False,completed_normally,2001,20.0,0,
traj_0971,stall,20260817,54.49128285967298,1738.7111712837493,0.035415638241066714,0.3984433653339079,0.011067386950333349,0.03541563824112482,-0.2977119869678476,54.49128285967298,56.22137852419749,0.789823595425775,True,6.95,True,validity_envelope_gamma_exceeded,733,7.32,0,
traj_0972,normal,20260817,51.89725051187097,770.5739847323622,0.04272883631857821,0.3772581113201164,0.013352761349555691,0.06149743422369203,0.005433543643088873,49.79125573962041,57.04747562391498,0.1444591132403484,False,,False,completed_normally,2001,20.0,0,
traj_0973,normal,20260817,45.93207257000187,1940.5096721286984,0.06435446928548819,0.33961800170499973,0.02011077165171506,0.06435446928548819,0.041204995199620675,45.932072569996095,50.88012419971431,0.10099826117484521,False,,False,completed_normally,2001,20.0,0,
traj_0974,normal,20260817,37.7254100088456,800.666872492824,0.11150367585403723,0.3212484582246663,0.03484489870438664,0.1267981067286985,0.04976451267516058,33.53784404689311,47.62781892373905,0.22168886255157222,False,,False,completed_normally,2001,20.0,0,
traj_0975,near_boundary,20260817,44.208760653809605,1314.7634196985814,0.07222788601010369,0.33208494461322524,0.022571214378157404,0.25429535118716856,0.06304529603222642,24.820453758660634,46.61628081771915,0.4829063568704258,False,,False,completed_normally,2001,20.0,0,
traj_0976,normal,20260817,68.68465626819231,1657.990026735505,0.008797833475919458,0.55525972835075,0.002749322961224831,0.008797833475919458,-0.004480148617899728,68.68465626817878,74.24253338258472,0.07955373932290936,False,,False,completed_normally,2001,20.0,0,
traj_0977,near_boundary,20260817,35.88423633314894,1696.8077649857494,0.12636363257470343,0.32453004135753377,0.039488635179594826,0.4624654438795551,0.105727811515544,28.237563356160027,41.259879960534136,0.21721445739731152,True,5.84,False,completed_normally,2001,20.0,0,
traj_0978,normal,20260817,73.02519922811078,985.8085129260168,0.0035539828381261737,0.6151266505377574,0.0011106196369144292,0.003673254224660744,0.003320362314020312,72.86319309506473,73.34366207964344,0.001982978601338618,False,,False,completed_normally,2001,20.0,0,
traj_0979,near_boundary,20260817,66.31519433774321,1983.5000340009271,0.01209973025868553,0.5247787543856224,0.0037811657058392286,0.012099730258782035,-0.19560669181862844,66.31519433774321,70.083898952641,0.7894248705025032,False,,True,validity_envelope_gamma_exceeded,277,2.7600000000000002,0,
traj_0980,near_boundary,20260817,51.884993541489145,1211.346772241374,0.04276596094855677,0.3771644076343775,0.01336436279642399,0.04304210719064395,0.04243415540829105,51.729578666709145,52.06900982558208,0.003195984497565696,False,,False,completed_normally,2001,20.0,0,
traj_0981,near_boundary,20260817,59.06429872581394,1419.46782260913,0.02475465117052517,0.44187351671159547,0.007735828490789116,0.025031844044735074,0.024640928052464827,58.851041257069525,59.15638742727891,0.0028661632653754526,False,,False,completed_normally,2001,20.0,0,
traj_0982,normal,20260817,31.92375891795219,1328.5423770446348,0.1662990888391217,0.34490251296853197,0.05196846526222553,0.18289556625544728,0.14139464157237477,29.559975606980284,33.356015620788035,0.08197585387887318,False,,False,completed_normally,2001,20.0,0,
traj_0983,near_boundary,20260817,72.29610189811527,1019.9499022942006,0.004369901382504846,0.604715279506479,0.0013655941820327644,0.004369901382556337,-0.12447912954217902,72.29610189811527,98.93969029963014,0.35562881939859414,False,,False,completed_normally,2001,20.0,0,
traj_0984,normal,20260817,56.041915567614616,986.1678109695193,0.03151206813250363,0.4123361128980942,0.009847521291407384,0.03151206813250363,-0.01934956685303496,56.04191556758938,82.11686246221707,0.3709025528711641,False,,False,completed_normally,2001,20.0,0,
traj_0985,stall,20260817,53.49832766147777,915.9786710214539,0.038092106898035716,0.3900215048663843,0.011903783405636161,0.038092106898035716,-0.3651387944894978,53.49832766146136,55.30199912376187,0.786250755448047,True,4.89,True,validity_envelope_gamma_exceeded,545,5.44,0,
traj_0986,near_boundary,20260817,72.18128296792621,1416.511753772316,0.004500629659496575,0.6030885875099256,0.0014064467685926797,0.004500629659496575,-0.15384329076017747,72.18128296792288,106.05755793351418,0.4536425438219115,False,,False,completed_normally,2001,20.0,0,
traj_0987,normal,20260817,48.51764921416634,1879.1303062899874,0.054027754968709596,0.3538781917619556,0.01688367342772175,0.055102508890309126,0.05331111363222253,48.01801578656244,48.85192349522111,0.00815220413815193,False,,False,completed_normally,2001,20.0,0,
traj_0988,stall,20260817,59.02986789513,806.0391182639853,0.02482592364861304,0.44151946626175154,0.007758101140191575,0.3515268982586448,0.02482592364861304,50.463985937534744,59.029867895133485,0.7854518546903331,True,3.93,True,validity_envelope_gamma_exceeded,466,4.65,0,
traj_0989,near_boundary,20260817,68.12319667763455,669.6668115499045,0.009549522264761794,0.5478935386410059,0.0029842257077380605,0.1492065038841449,0.00954952226466464,38.95068114897696,68.12319667763455,0.4751233844788295,False,,False,completed_normally,2001,20.0,0,
traj_0990,normal,20260817,48.29149094965723,1861.3064539634292,0.05486730669829323,0.3524985908355781,0.017146033343216637,0.055104165942824225,-9.259921932819326e-06,48.100377295500635,67.81229223351339,0.2994506681080192,False,,False,completed_normally,2001,20.0,0,
traj_0991,near_boundary,20260817,36.39015795163387,580.7418765481777,0.12207755608484011,0.32328798508860845,0.03814923627651253,0.4878127495967205,0.09952465103014405,28.57494052701527,42.56659550793995,0.22104221072554717,True,4.78,False,completed_normally,2001,20.0,0,
traj_0992,normal,20260817,54.061032900180614,1618.0832981914443,0.03655760548420622,0.3947477174783266,0.011424251713814441,0.05086535507130472,0.03655760548420622,50.76236078917297,54.061032900201724,0.06066687842303559,False,,False,completed_normally,2001,20.0,0,
traj_0993,stall,20260817,52.26538609267371,1758.3425832315793,0.041625687458941865,0.3801012707215411,0.013008027330919334,0.041625726874316135,-0.3631906774572894,52.26487845168396,54.170711313789724,0.7928474597686147,True,5.03,True,validity_envelope_gamma_exceeded,558,5.57,0,
traj_0994,normal,20260817,58.82546630314887,1032.0736834604834,0.025251580689819975,0.4394257534237068,0.007891118965568742,0.025251580689944937,0.007335887337486559,58.82546630314887,64.53069211724184,0.09372352060267626,False,,False,completed_normally,2001,20.0,0,
traj_0995,near_boundary,20260817,41.95412149513088,1208.9450464347701,0.08396018282676593,0.3249131989739984,0.026237557133364352,0.08396018282676593,-0.1579415553487486,41.95412149512149,73.00512124376773,0.6604730260341153,False,,False,completed_normally,2001,20.0,0,
traj_0996,normal,20260817,48.90189126965093,636.2824787992863,0.05262723297611531,0.3562776192009037,0.01644601030503603,0.05262723297627553,0.036696342411273196,48.90189126965093,52.05694043206895,0.06869039233545426,False,,False,completed_normally,2001,20.0,0,
traj_0997,near_boundary,20260817,59.0149051883462,1745.4516366900043,0.02485693505789448,0.4413657285385427,0.007767792205592025,0.024856935057979063,-0.13995373638280417,59.0149051883462,87.57787469122938,0.4606195907789415,False,,False,completed_normally,2001,20.0,0,
traj_0998,normal,20260817,39.48784979329364,1944.8338333421973,0.09902288393119846,0.32105048683219817,0.030944651228499518,0.11679777045138447,0.06503082722117984,37.76640994923645,43.43637155152751,0.10725465701336385,False,,False,completed_normally,2001,20.0,0,
traj_0999,stall,20260817,45.08514647317365,1547.3660651168777,0.06811545496925939,0.33570682802418633,0.021286079677893557,0.06811545496925939,-0.47093570490448555,45.08514647317365,48.38789830262363,0.786525658290429,True,2.33,True,validity_envelope_gamma_exceeded,302,3.0100000000000002,0,
