trajectory_id,generation_mode,random_seed,initial_airspeed,initial_altitude,initial_alpha,trim_throttle,trim_elevator,maximum_alpha,minimum_alpha,minimum_airspeed,maximum_airspeed,maximum_abs_gamma,whether_stall_occurred,time_of_first_stall,whether_validity_envelope_was_exceeded,termination_reason,n_steps,duration_actual_s,n_sanity_issues,sanity_issues
traj_00000,gradual_approach_v3,20260823,38.00653321800461,1154.931264468417,0.1094056024951984,0.32103481610374823,0.0341892507797495,0.27944767032872747,0.0818673957963919,21.757050401078608,45.99351727220036,0.42282620113428804,False,,False,completed_normally,2001,20.0,0,
traj_00001,gradual_approach_v3,20260823,42.60863315158107,500.67839724415427,0.08037127217920043,0.32666071642160366,0.025116022556000133,0.08037127217931957,-0.03372853285290778,42.60863315158107,79.92210773556225,0.6219364774797884,False,,False,completed_normally,2001,20.0,0,
traj_00002,gradual_approach_v3,20260823,47.05896622606018,1020.8868666017255,0.05965092848632805,0.3454175828039848,0.018640915151977515,0.05965092848632805,-0.05016053834954981,47.05896622605685,81.76375921048727,0.5747242631661212,False,,False,completed_normally,2001,20.0,0,
traj_00003,gradual_approach_v3,20260823,50.12036630867629,1084.161475423352,0.04839153749694035,0.3643363222775179,0.01512235546779386,0.048391537497068704,-0.050841782759532106,50.12036630867629,85.77284691430073,0.5661988688454379,False,,False,completed_normally,2001,20.0,0,
traj_00004,normal,20260823,40.942013533557464,1459.5450642526703,0.08983315265062239,0.3227878628972472,0.028072860203319498,0.11106667814222651,0.04583320648746742,37.685049214482106,46.92484213836029,0.15215237635909826,False,,False,completed_normally,2001,20.0,0,
traj_00005,gradual_approach_v3,20260823,55.81215793188488,1232.560057128956,0.032070353260326534,0.41022196154251206,0.010021985393852042,0.032070353260326534,-0.0695154503240939,55.812157931880925,76.29355976751293,0.7867767371536125,False,,True,validity_envelope_gamma_exceeded,981,9.8,0,
traj_00006,gradual_approach_v3,20260823,36.96778568456008,1760.0895548406809,0.11737610066215037,0.32219191113102963,0.036680031456921995,0.5181639317972005,0.06956350744392853,19.897362738501513,53.68264048688221,0.46489516034631845,True,7.13,False,completed_normally,2001,20.0,0,
traj_00007,gradual_approach_v3,20260823,43.744046123338535,1566.7159763864008,0.07450522772188417,0.3303471966088258,0.023282883663088803,0.3383207427942658,0.03760074774389682,15.923374237815406,60.68651388330009,0.6674230535615141,True,8.950000000000001,False,completed_normally,2001,20.0,0,
traj_00008,normal,20260823,61.94105262888752,1961.834492192185,0.019207430441817417,0.4728180333981443,0.006002322013067943,0.01920948176824565,-0.02362880059285502,61.93256577049645,73.8424494328799,0.18226856343562747,False,,False,completed_normally,2001,20.0,0,
traj_00009,gradual_approach_v3,20260823,51.06702408713495,1783.397366674367,0.04530283824336437,0.3710527967214622,0.014157136951051365,0.04530283824336437,-0.06581438576525467,51.06702408712764,99.3436776655001,0.7547599481841719,False,,False,completed_normally,2001,20.0,0,
traj_00010,normal,20260823,55.25291096313847,1368.6314555072208,0.03345797303820457,0.4051562689993166,0.01045561657443893,0.08843177468098931,0.03345797303815224,38.874742756193385,55.260423431335774,0.2816631805548443,False,,False,completed_normally,2001,20.0,0,
traj_00011,gradual_approach_v3,20260823,39.86007413968759,1497.9279692815358,0.09658099912869611,0.32134007318053537,0.030181562227717534,0.09658099912870739,-0.04896491405197245,39.86007413968759,78.54506546862861,0.6880786725320055,False,,False,completed_normally,2001,20.0,0,
traj_00012,gradual_approach_v3,20260823,68.9632799094721,1244.91234262577,0.0084315353634296,0.5589478741752714,0.0026348548010717496,0.008431535363591805,-0.07870375690444664,68.9632799094721,89.79469485075174,0.7877028085217063,False,,True,validity_envelope_gamma_exceeded,668,6.67,0,
traj_00013,normal,20260823,36.60753498700336,1387.7348877197483,0.12028474902040392,0.3228360416329012,0.03758898406887623,0.13060180092589455,0.07459837038355782,33.99327186110791,42.21459750101586,0.13952573678661825,False,,False,completed_normally,2001,20.0,0,
traj_00014,gradual_approach_v3,20260823,51.790949327214676,615.3422502719255,0.0430516657916858,0.3764475133581003,0.013453645559901814,0.16933445045459278,0.03546001651636621,22.56120269604893,53.151404232514366,0.5511120943328722,False,,False,completed_normally,2001,20.0,0,
traj_00015,gradual_approach_v3,20260823,56.11918519734401,997.9771609500539,0.03132582451575734,0.4130514029032866,0.009789320161174168,0.19469210380021712,0.02306471037573543,19.71900436131727,57.13097632020447,0.7189935178868363,False,,False,completed_normally,2001,20.0,0,
traj_00016,stall,20260823,64.33286621690813,1993.4107329556223,0.0151436617157911,0.5005211995440959,0.004732394286184719,0.01514366171582828,-0.408561515190223,64.14641016061584,65.08316147834911,0.7886782142142689,True,6.68,True,validity_envelope_gamma_exceeded,720,7.19,0,
traj_00017,gradual_approach_v3,20260823,48.09012112365878,1409.9508865481043,0.05562453837598564,0.3512908227675464,0.017382668242495514,0.21619924796843015,0.05562453837582164,19.83365460839559,48.09012112365878,0.5887763782731241,False,,False,completed_normally,2001,20.0,0,
traj_00018,stall,20260823,53.02119729620369,1855.6339322046117,0.03943093505682985,0.3861107608034907,0.012322167205259327,1.0376101261476305,0.039128219635719996,28.739492741248018,53.02119729620369,0.4287438537472871,True,5.93,False,completed_normally,2001,20.0,0,
traj_00019,normal,20260823,40.99990460641706,1049.7593190259063,0.08948614878329747,0.32288985589976826,0.02796442149478046,0.08948614878329747,0.036804548116828234,40.99990460641706,52.370022952193395,0.22720222811963833,False,,False,completed_normally,2001,20.0,0,
traj_00020,gradual_approach_v3,20260823,39.878808532296105,1769.2184723382588,0.09645977605997474,0.32135754175488723,0.030143680018742108,0.27278818644019265,0.055036127718850525,20.548911120518824,56.82009215050072,0.48475683903650857,False,,False,completed_normally,2001,20.0,0,
traj_00021,gradual_approach_v3,20260823,66.83824321569104,1987.2967335722392,0.011340885130574813,0.5313699041872929,0.003544026603304629,0.01134088513057917,-0.07729226676094275,66.83824321569104,86.98882005998759,0.7855648990712478,False,,True,validity_envelope_gamma_exceeded,847,8.46,0,
traj_00022,gradual_approach_v3,20260823,63.59418390832245,1380.1104853309607,0.01635049437452599,0.49177974917356254,0.005109529492039372,0.0163504943745307,-0.07229553260952437,63.59418390832245,83.75189627368279,0.7859556122873562,False,,True,validity_envelope_gamma_exceeded,1312,13.11,0,
traj_00023,gradual_approach_v3,20260823,44.3297520882116,1788.0785420463399,0.07164618744163356,0.33255846301199465,0.022389433575510487,0.07164618744176747,-0.0697914539422716,44.3297520882116,64.96186850423604,0.7854344459713186,False,,True,validity_envelope_gamma_exceeded,962,9.61,0,
traj_00024,gradual_approach_v3,20260823,73.96102148322542,721.6779295611319,0.002541551247349968,0.6286961459183058,0.000794234764796865,0.002541551247349968,-0.08159812997649052,73.96102148322088,97.17660783394318,0.7861986735883632,False,,True,validity_envelope_gamma_exceeded,878,8.77,0,
traj_00025,gradual_approach_v3,20260823,60.20531056737753,1854.2103973759288,0.022460487756474763,0.4538276334841114,0.007018902423898363,0.1357609631054381,0.022460487756418682,24.896288184958067,60.20531056737753,0.6119142346237407,False,,False,completed_normally,2001,20.0,0,
traj_00026,gradual_approach_v3,20260823,46.33786885780229,1639.3608043581269,0.06262248637142243,0.3416297859129514,0.019569526991069508,0.06262248637142243,-0.05996384682745182,46.337868857802285,90.75241900631157,0.7298747656023891,False,,False,completed_normally,2001,20.0,0,
traj_00027,normal,20260823,73.84562915371083,1283.5753785463983,0.0026643321056940526,0.6270104901399273,0.0008326037830293914,0.03715144621438299,0.0025933682905918266,47.47643861626121,74.04786633465531,0.366038028022005,False,,False,completed_normally,2001,20.0,0,
traj_00028,gradual_approach_v3,20260823,50.224040261838596,1462.8851251405129,0.04804494802036695,0.3650528119035958,0.015014046256364672,0.20695274274965414,0.026257060879783634,19.863821650191603,61.42229005950831,0.6070642800063546,False,,False,completed_normally,2001,20.0,0,
traj_00029,gradual_approach_v3,20260823,73.69280643832963,1572.6030144955582,0.002827820337614405,0.6247834314862002,0.0008836938555045016,0.002827820337618653,-0.08598543522137025,73.69280643832963,94.72399390031147,0.7869551227027394,False,,True,validity_envelope_gamma_exceeded,786,7.8500000000000005,0,
traj_00030,gradual_approach_v3,20260823,41.29458558103568,1020.6857793826997,0.08774103551526163,0.32344638432084033,0.02741907359851926,0.08774103551526163,-0.03228528682041115,41.29458558103289,69.06291171452926,0.49395451204666363,False,,False,completed_normally,2001,20.0,0,
traj_00031,normal,20260823,39.6086529127064,1458.4613399471023,0.09822336743200794,0.32113239287705897,0.03069480232250248,0.1434449451903082,0.08342959162771305,33.96073747333531,40.5405814470245,0.14952138937806467,False,,False,completed_normally,2001,20.0,0,
traj_00032,normal,20260823,50.72864257761007,1897.8879342226014,0.046387524439666386,0.3686073914880319,0.014496101387395745,0.046387524439666386,0.027794702419371337,50.72864257761007,55.81201664605647,0.08608202795613784,False,,False,completed_normally,2001,20.0,0,
traj_00033,gradual_approach_v3,20260823,37.377806279056735,699.5677909265278,0.11415775247839108,0.32161359019558244,0.035674297649497214,0.11415775247839108,0.01003355740444406,37.37780627905431,57.88226764896137,0.41396195700703714,False,,False,completed_normally,2001,20.0,0,
traj_00034,gradual_approach_v3,20260823,67.10271414766757,1264.3651532385788,0.010963850505805232,0.5347324714587315,0.0034262032830641347,0.13417684472571678,0.010963850505805232,44.598744299149,67.10271414768143,0.7860400626217144,False,,True,validity_envelope_gamma_exceeded,1100,10.99,0,
traj_00035,gradual_approach_v3,20260823,39.54780051997689,1354.8825505902585,0.09862525889652579,0.3210896724330924,0.03082039340516431,0.254593627873561,0.07262337796815926,21.40890249058748,47.57215594175971,0.45517949794156304,False,,False,completed_normally,2001,20.0,0,
traj_00036,gradual_approach_v3,20260823,38.58983424006491,1676.4866338724305,0.10518560473254981,0.32081709108954964,0.032870501478921815,0.1051856047325643,-0.028673140877203906,38.58983424006491,66.58972989943672,0.5298978699269633,False,,False,completed_normally,2001,20.0,0,
traj_00037,gradual_approach_v3,20260823,59.558950957271854,1474.054702498545,0.02374411978599103,0.4470033729696548,0.007420037433122197,0.02374411978602622,-0.058041882216363805,59.558950957271854,113.47776381949461,0.7530948821701716,False,,False,completed_normally,2001,20.0,0,
traj_00038,gradual_approach_v3,20260823,68.82187635871045,1116.4629582240507,0.008616884190952773,0.5570734122402208,0.0026927763096727415,0.11804973628308901,0.008616884190896765,47.61458770035829,68.82187635871045,0.7872198196349214,False,,True,validity_envelope_gamma_exceeded,830,8.290000000000001,0,
traj_00039,normal,20260823,38.30082064946176,1885.8616957592094,0.10725441916992975,0.3208874952763506,0.033517005990603047,0.10725441917000604,0.03726908384312061,38.30082064946176,49.00791742525073,0.19614628163833633,False,,False,completed_normally,2001,20.0,0,
traj_00040,normal,20260823,44.10300337053206,1451.7968051370992,0.07274010201782893,0.3316781328432092,0.022731281880571542,0.1008932361403651,0.07183054155950222,41.12105197999922,44.49951844906488,0.0739587755133026,False,,False,completed_normally,2001,20.0,0,
traj_00041,stall,20260823,42.630071399690195,1073.8691707987896,0.08025636523776455,0.32672273410160546,0.025080114136801425,1.1427621769597984,0.05289852582448114,40.909720773983864,50.87899553217608,0.2845757090254447,True,4.96,False,completed_normally,2001,20.0,0,
traj_00042,gradual_approach_v3,20260823,47.38822675822473,1511.8185575664772,0.05833753744943585,0.3472355494310409,0.018230480452948703,0.18486945826942336,0.03783605753592939,24.049151908521576,57.09278986714897,0.4764111946694254,False,,False,completed_normally,2001,20.0,0,
traj_00043,gradual_approach_v3,20260823,40.147487985685956,703.1790635985025,0.09473862505163133,0.32163809076157707,0.02960582032863479,0.40809908960982144,0.04803398882032453,18.13173190198536,60.90603079503149,0.5616876778160317,True,7.16,False,completed_normally,2001,20.0,0,
traj_00044,gradual_approach_v3,20260823,51.55994682580504,1504.0800033370256,0.043759947983830774,0.37470218487799767,0.013674983744947116,0.043759947983844194,-0.07210266033444557,51.55994682580504,96.49905394166424,0.7063101388419131,False,,False,completed_normally,2001,20.0,0,
traj_00045,gradual_approach_v3,20260823,40.95614937252424,523.6523323704902,0.08974829366007067,0.3228125434375548,0.028046341768772083,0.29057928576559944,0.048902640947971726,19.726636893412667,58.77892569670789,0.5224820168363367,True,6.84,False,completed_normally,2001,20.0,0,
traj_00046,gradual_approach_v3,20260823,70.65598607730112,765.9280450532777,0.006297585620603072,0.5818150178162905,0.00196799550643846,0.006297585620603072,-0.06947952900795784,70.65598607728745,90.35982630976608,0.7862916150017056,False,,True,validity_envelope_gamma_exceeded,1003,10.02,0,
traj_00047,gradual_approach_v3,20260823,66.51848951839456,596.343324211834,0.011802683829080646,0.5273312109325617,0.003688338696587702,0.011802683829097601,-0.06220469135786555,66.51848951839456,116.05028866824482,0.6874009708979869,False,,True,ground_contact,1583,15.82,0,
traj_00048,gradual_approach_v3,20260823,49.417541120382026,1327.9142528746147,0.05079745891670849,0.3596056033178916,0.015874205911471404,0.05079745891685283,-0.061394518697307054,49.417541120382026,91.3926175410964,0.6673455965069817,False,,False,completed_normally,2001,20.0,0,
traj_00049,gradual_approach_v3,20260823,59.06270109420452,1197.577740382152,0.024757955581569995,0.4418570796205878,0.007736861119240624,0.024757955581727827,-0.08089730661139372,59.06270109420452,80.8848579356785,0.7872712306502577,False,,True,validity_envelope_gamma_exceeded,1129,11.28,0,
traj_00050,gradual_approach_v3,20260823,49.76104668684112,1991.6993305144126,0.04960915490959715,0.36189001755360894,0.01550286090924911,0.1928496171876385,0.03141455959549633,21.977032156984105,58.27199501875409,0.5493582748311454,False,,False,completed_normally,2001,20.0,0,
traj_00051,normal,20260823,67.73616766236685,1091.1957837196214,0.01007848296575023,0.542867376421789,0.0031495259267969467,0.01007848296575023,-0.03154774907308061,67.73616766236685,98.30928474044487,0.3920046280594189,False,,False,completed_normally,2001,20.0,0,
traj_00052,gradual_approach_v3,20260823,57.24144191960894,583.9235126266416,0.028703913243074922,0.423679869061619,0.008969972888460914,0.028703913243074922,-0.051412299251701266,57.2414419196043,106.70516911605938,0.7001347186422862,False,,False,completed_normally,2001,20.0,0,
traj_00053,gradual_approach_v3,20260823,61.544990864334,1576.6304009921616,0.01992586206100706,0.46840075615604054,0.006226831894064706,0.019925862061119393,-0.0741784799341294,61.544990864334,84.88479208789536,0.7858669693979493,False,,True,validity_envelope_gamma_exceeded,1218,12.17,0,
traj_00054,gradual_approach_v3,20260823,53.785804180111555,1421.2513638638297,0.03730225586014389,0.3924207537921449,0.011656954956294966,0.03730225586014389,-0.07449408477477981,53.78580418009363,74.30615114826142,0.7869370924287227,False,,True,validity_envelope_gamma_exceeded,1064,10.63,0,
traj_00055,gradual_approach_v3,20260823,31.830496102211605,1688.7598212543626,0.1673991440512206,0.3456457925616929,0.05231223251600644,0.16739914405131656,0.03206040706975616,31.830496102211605,51.90043748657396,0.45118480295176594,False,,False,completed_normally,2001,20.0,0,
traj_00056,gradual_approach_v3,20260823,71.93583309357024,1143.1152173189075,0.004782171128833518,0.5996230071956544,0.001494428477760474,0.10100556916536022,0.004782171128833518,28.3574904795575,71.93583309357024,0.6950847389771152,False,,False,completed_normally,2001,20.0,0,
traj_00057,gradual_approach_v3,20260823,56.087994260069465,1792.266112628943,0.031400913218464416,0.4127624076866062,0.00981278538077013,0.031400913218464416,-0.0718693531533765,56.0879942600612,108.39706233584036,0.7676082831118108,False,,False,completed_normally,2001,20.0,0,
traj_00058,gradual_approach_v3,20260823,33.83455647748803,1035.6241762602465,0.14549787880209344,0.3325221282471756,0.0454680871256542,0.4551325933053502,0.11876981602717224,22.650948174634983,39.82870712302055,0.32229304855394075,True,11.84,False,completed_normally,2001,20.0,0,
traj_00059,gradual_approach_v3,20260823,36.55931695865889,1526.9482706014528,0.12067994537731183,0.3229321327539067,0.03771248293040995,0.12067994537740123,-0.034779582271825316,36.55931695865889,63.670378841064874,0.5287832030112943,False,,False,completed_normally,2001,20.0,0,
traj_00060,gradual_approach_v3,20260823,74.95501834037461,514.449232286917,0.0015070683700969165,0.6433606746005304,0.0004709588656552864,0.0015070683702854768,-0.07795710284756108,74.95501834037461,92.6350005753223,0.7855965694512552,False,,True,validity_envelope_gamma_exceeded,944,9.43,0,
traj_00061,gradual_approach_v3,20260823,52.83149357367197,814.945217717198,0.039973143217484707,0.38458088200404267,0.01249160725546397,0.039973143217563796,-0.06138838330786123,52.83149357367197,98.25298756456667,0.6882391183997341,False,,False,completed_normally,2001,20.0,0,
traj_00062,gradual_approach_v3,20260823,49.335405162717414,1013.8587808975213,0.05108518209646719,0.3590673143624508,0.015964119405145995,0.05108518209657424,-0.05726641948622996,49.335405162717414,95.7653496692552,0.7124560338460577,False,,False,completed_normally,2001,20.0,0,
traj_00063,gradual_approach_v3,20260823,58.81140111852764,1951.7164515619977,0.02528103169031524,0.4392821951556205,0.007900322403223513,0.15772119595245923,0.02528103169031524,22.62952719093338,58.811401118528295,0.6828869568251931,False,,False,completed_normally,2001,20.0,0,
traj_00064,gradual_approach_v3,20260823,62.04677992871056,1276.3928444976023,0.019017940079627815,0.47400550612229714,0.005943106274883692,0.14741708730264477,0.019017940079543796,23.300421663824842,62.04677992871056,0.6611729794394325,False,,False,completed_normally,2001,20.0,0,
traj_00065,gradual_approach_v3,20260823,33.71349424787779,624.9607827756839,0.14672455908614343,0.33315538684672297,0.045851424714419824,0.31982563743944376,0.10684339688492048,22.695132618450277,43.731370138054174,0.32005009612334767,True,7.94,False,completed_normally,2001,20.0,0,
traj_00066,gradual_approach_v3,20260823,40.29451825045865,1192.4573938471644,0.09381033266836616,0.3218151346858009,0.029315728958864425,0.28730447883030846,0.08261397695464201,19.833354443773196,42.08258569275602,0.5112402869274278,True,11.21,False,completed_normally,2001,20.0,0,
traj_00067,gradual_approach_v3,20260823,59.18472498849783,709.3903091043736,0.024506329823079365,0.4431149535999565,0.007658228069712302,0.14968334897703728,0.024506329823079365,24.605625614576915,59.1847249885053,0.6433170270084281,False,,False,completed_normally,2001,20.0,0,
traj_00068,stall,20260823,52.6865574929542,712.9068496437287,0.04039126824519988,0.38342171276239195,0.012622271326624962,0.04039126824520844,-0.3756643676167246,52.6865574929542,54.685107526814875,0.7886722104931461,True,6.6000000000000005,True,validity_envelope_gamma_exceeded,716,7.15,0,
traj_00069,stall,20260823,34.39007455183085,1130.6619541821108,0.14001374846766593,0.3298577373115251,0.04375429639614561,0.988272677234262,0.06392970656966673,33.85394214639215,54.68384177775816,0.5973041017780953,True,4.51,False,completed_normally,2001,20.0,0,
traj_00070,gradual_approach_v3,20260823,31.407938967665444,1855.3200925302876,0.1724932460874656,0.34918977244893595,0.053904139402333004,0.24243015774822846,0.0007420087273524723,20.78261296688353,50.89321264809825,0.5375708288418781,False,,False,completed_normally,2001,20.0,0,
traj_00071,gradual_approach_v3,20260823,39.91319929457017,1867.3019194232568,0.09623766038203202,0.3213903231823537,0.030074268869385006,0.09623766038204051,-0.03581235190389975,39.91319929457017,69.78179336245829,0.5401872480172158,False,,False,completed_normally,2001,20.0,0,
traj_00072,normal,20260823,43.71679772401476,975.4332081285205,0.07464091820152505,0.3302493403369109,0.02332528693797658,0.09269610178994352,0.07176944741798363,41.12391253287167,44.83630471791293,0.057815309203998286,False,,False,completed_normally,2001,20.0,0,
traj_00073,normal,20260823,73.18185933059625,1100.5884067403028,0.003381812999404153,0.6173821351208338,0.0010568165623137977,0.0036793195814903363,0.0033056747898837207,72.77925023764128,73.28778764754207,0.0021107016244271857,False,,False,completed_normally,2001,20.0,0,
traj_00074,gradual_approach_v3,20260823,67.84731667892659,1350.7326156142599,0.009925656318489167,0.5443064931893535,0.003101767599527865,0.009925656318489167,-0.07277554006172604,67.84731667891468,89.30103264031834,0.7856860546799609,False,,True,validity_envelope_gamma_exceeded,1106,11.05,0,
traj_00075,gradual_approach_v3,20260823,67.33347456955339,720.9276511345063,0.010638457459727458,0.5376827342670879,0.0033245179561648304,0.010638457459727458,-0.07482631093556824,67.33347456954677,87.8108104286139,0.7867519909790968,False,,True,validity_envelope_gamma_exceeded,1102,11.01,0,
traj_00076,normal,20260823,33.159333876823624,932.486752528941,0.15248995613205876,0.33630430341137013,0.04765311129126837,0.15453751553290762,0.15039752599946835,32.80209908305868,33.557478489120705,0.013032994694106606,False,,False,completed_normally,2001,20.0,0,
traj_00077,gradual_approach_v3,20260823,63.10573737741125,1550.7382589391348,0.017171592376106066,0.48609001827098414,0.005366122617533145,0.017171592376106066,-0.07940029518083269,63.10573737740109,83.16447095006993,0.7867141456041601,False,,True,validity_envelope_gamma_exceeded,1037,10.36,0,
traj_00078,gradual_approach_v3,20260823,36.22397912028019,1812.3591487149781,0.12346767943724252,0.32366628879516407,0.03858364982413828,0.3221959579322566,0.08048609074767855,21.876132646454302,49.76892872505883,0.390953808769223,True,6.390000000000001,False,completed_normally,2001,20.0,0,
traj_00079,gradual_approach_v3,20260823,34.14693332096616,1399.9209148425577,0.1423852359230043,0.33097578470761974,0.04449538622593884,0.39577363164310414,0.09806794394106075,21.370696121435888,46.04410763348896,0.3694790262172871,True,5.2700000000000005,False,completed_normally,2001,20.0,0,
traj_00080,gradual_approach_v3,20260823,61.63500722229673,1518.3775072155838,0.019761377102798485,0.4694003886170481,0.006175430344624527,0.019761377102798485,-0.05465076548879044,61.63500722229075,110.56550686327294,0.6651079161036637,False,,False,completed_normally,2001,20.0,0,
traj_00081,normal,20260823,31.299894441525666,1477.3753003495817,0.17382563162875167,0.3501433725440343,0.054320509883984895,0.17553405091867266,0.1726918118988239,31.02387805209016,31.491270417619404,0.008186991364804004,False,,False,completed_normally,2001,20.0,0,
traj_00082,gradual_approach_v3,20260823,53.884288462227005,1888.3094253655095,0.03703451374759295,0.39325005434710353,0.011573285546122797,0.22387825108567583,0.024409858935040996,17.98253623646332,57.450079267008825,0.6808191059035296,False,,False,completed_normally,2001,20.0,0,
traj_00083,gradual_approach_v3,20260823,38.58419989196313,1287.6676004569767,0.10522552839789459,0.3208177706662569,0.03288297762434206,0.3191187252733155,0.08273617557995322,20.24996217145833,44.414109207703426,0.47625872853623513,True,10.97,False,completed_normally,2001,20.0,0,
traj_00084,gradual_approach_v3,20260823,36.93005794384914,1632.1053158930981,0.1176771159542265,0.32225332995602635,0.03677409873569578,0.3379512326773362,0.09394786617585565,20.977151332066693,42.824424100985304,0.4298643117849636,True,10.91,False,completed_normally,2001,20.0,0,
traj_00085,gradual_approach_v3,20260823,49.00722601584698,1441.981412700567,0.052248882648322434,0.35694746108940634,0.01632777582760076,0.19425823818269405,0.03829872057782141,21.67452206993832,53.93736799385017,0.5506735248392897,False,,False,completed_normally,2001,20.0,0,
traj_00086,gradual_approach_v3,20260823,30.58671107356779,565.4931717272392,0.18294810498762673,0.3569452952351576,0.05717128280863335,0.5538233915753906,0.14643281345660714,24.45160361960449,37.48313638861063,0.24240554007307863,True,4.55,False,completed_normally,2001,20.0,0,
traj_00087,gradual_approach_v3,20260823,32.122819913206854,1814.480189833896,0.16397946644747033,0.3433619297235952,0.051243583264834476,0.37585397832578354,0.12700457410232865,23.443771619407798,40.09053061279598,0.26388908285440166,True,3.11,False,completed_normally,2001,20.0,0,
traj_00088,gradual_approach_v3,20260823,51.0991145161759,593.4250992244246,0.045201063128070845,0.3712872503876813,0.014125332227522141,0.17782361083507975,0.030570021484077448,21.874539305325865,57.22798204681283,0.5625863287528543,False,,False,completed_normally,2001,20.0,0,
traj_00089,stall,20260823,74.46528846022208,1702.0210028991742,0.0020116156260522444,0.6361034194633091,0.0006286298831413264,0.23128720707341766,0.002011615626048837,66.70469541527484,74.46528846022208,0.7859331520985134,False,,True,validity_envelope_gamma_exceeded,443,4.42,0,
traj_00090,stall,20260823,68.70120316641776,802.3954111892753,0.008775956524117948,0.5554781559892201,0.002742486413786859,0.008775956524117948,-0.20023809584824404,68.7012031664118,71.48947384945187,0.7918066375205681,False,,True,validity_envelope_gamma_exceeded,433,4.32,0,
traj_00091,gradual_approach_v3,20260823,67.58267238928454,1265.3965830240782,0.010290761993229581,0.5408857171500683,0.003215863122884244,0.010290761993229581,-0.07829249089889423,67.58267238927996,88.26177902292346,0.7868698315568164,False,,True,validity_envelope_gamma_exceeded,912,9.11,0,
traj_00092,stall,20260823,42.43941463221421,1044.4369237035185,0.08128407803921112,0.3261817219823879,0.025401274387253474,0.899252444653821,0.055866436348354934,39.35082451506176,51.38881854437289,0.33304798868220703,True,6.41,False,completed_normally,2001,20.0,0,
traj_00093,gradual_approach_v3,20260823,68.45869571972625,1399.267530063548,0.009098152417409768,0.5522845806630569,0.0028431726304405528,0.11069437165579538,0.009098152417409768,27.228703707527636,68.4586957197294,0.6763179108327265,False,,False,completed_normally,2001,20.0,0,
traj_00094,normal,20260823,53.324876438479386,1873.854905301736,0.03857473832850014,0.38858947848981545,0.012054605727656294,0.05307901155034324,0.038574738328352856,48.87856176574829,53.324876438479386,0.08033378242021866,False,,False,completed_normally,2001,20.0,0,
traj_00095,gradual_approach_v3,20260823,37.529215384010044,792.064778189683,0.11299344213864554,0.32144064505233005,0.03531045066832673,0.4489093494637172,0.0747895280248905,20.704974444859012,49.863622645207265,0.4478033224141736,True,9.21,False,completed_normally,2001,20.0,0,
traj_00096,normal,20260823,66.55165975130276,802.4193233904506,0.011754472123535885,0.527748806779249,0.003673272538604964,0.011954887698901908,0.011663353425184667,66.33985755239532,66.65115923670199,0.0024334840613687643,False,,False,completed_normally,2001,20.0,0,
traj_00097,gradual_approach_v3,20260823,70.77965429605419,1621.2544064012893,0.006147594389534693,0.5835164218805158,0.0019211232467295915,0.006147594389534693,-0.07772807474217536,70.77965429601254,82.8840721483494,0.7858928868979589,False,,True,validity_envelope_gamma_exceeded,1030,10.290000000000001,0,
traj_00098,gradual_approach_v3,20260823,71.15496646904104,1774.1826457598931,0.005697127494646254,0.5887052973338743,0.0017803523420769545,0.12204622321856198,0.005697127494569473,25.328639308221966,71.15496646904104,0.7375450074325308,False,,False,completed_normally,2001,20.0,0,
traj_00099,gradual_approach_v3,20260823,54.322676955536345,1218.0601932577315,0.03585997967611229,0.3969867331133174,0.011206243648785091,0.03585997967611229,-0.07689539966391035,54.322676955536345,75.30251258872032,0.7865596438209823,False,,True,validity_envelope_gamma_exceeded,828,8.27,0,
traj_00100,gradual_approach_v3,20260823,50.43639425630539,1501.9462175465944,0.047341530659482885,0.36653515609423976,0.014794228331088401,0.04734153065958803,-0.06479979601958408,50.43639425630539,99.24959803191466,0.7453106545397079,False,,False,completed_normally,2001,20.0,0,
traj_00101,gradual_approach_v3,20260823,49.42542297914012,834.4080850215702,0.050769922095518116,0.35965742003200496,0.01586560065484941,0.050769922095518116,-0.04399718595019264,49.425422979138965,88.19493714300138,0.6083380482529219,False,,False,completed_normally,2001,20.0,0,
traj_00102,gradual_approach_v3,20260823,71.89114964900287,1965.8664862080113,0.004833732446709704,0.5989938437038073,0.0015105413895967826,0.11884408936830626,0.004833732446534422,53.12655774326978,71.89114964900287,0.7875763063440082,False,,True,validity_envelope_gamma_exceeded,1064,10.63,0,
traj_00103,gradual_approach_v3,20260823,35.89637037054076,1800.4901229668362,0.12625893679381814,0.32449707274164186,0.03945591774806817,0.12625893679381814,-0.005492017447422337,35.89637037054076,57.917362742631276,0.42476166732812143,False,,False,completed_normally,2001,20.0,0,
traj_00104,gradual_approach_v3,20260823,58.326677131096154,1624.0593458623284,0.026308851183668703,0.4343754137504274,0.00822151599489647,0.026308851183668703,-0.07228557723846785,58.32667713108541,111.52245372344744,0.7675332388954331,False,,False,completed_normally,2001,20.0,0,
traj_00105,normal,20260823,71.55174059021833,1643.7912552926437,0.005228512924692077,0.5942323001940257,0.001633910288966274,0.03762993514043918,0.005228512924692077,58.97367381421169,71.55174059021893,0.17748216934005495,False,,False,completed_normally,2001,20.0,0,
traj_00106,gradual_approach_v3,20260823,72.2014895239354,692.1040376428062,0.00447757848293291,0.6033746076892327,0.0013992432759165343,0.08909036882705024,0.00447757848293291,49.58071923469232,72.20148952393811,0.7863136572762766,False,,True,validity_envelope_gamma_exceeded,934,9.33,0,
traj_00107,gradual_approach_v3,20260823,74.2886611878775,1436.3796759445697,0.002196017463389886,0.6335013402715576,0.0006862554573093395,0.09961880362310815,0.002196017463389886,54.10850462334939,74.28866118791761,0.7872189507589826,False,,True,validity_envelope_gamma_exceeded,1206,12.05,0,
traj_00108,stall,20260823,41.03775242352531,1163.1767522173634,0.08926003166421612,0.32295784697595004,0.027893759895067535,0.08926003166421612,-0.5466575495352446,41.037752423522385,45.204244577043006,0.7895496333112659,True,3.79,True,validity_envelope_gamma_exceeded,470,4.69,0,
traj_00109,stall,20260823,72.08699449797547,958.0044829770555,0.004608445697317172,0.6017553937915601,0.0014401392804116162,0.004608445697317172,-0.311761494322219,71.84011081537278,72.18258859792907,0.7895589601514675,True,2.67,True,validity_envelope_gamma_exceeded,302,3.0100000000000002,0,
traj_00110,gradual_approach_v3,20260823,34.21818354551977,1512.2089566212562,0.14168570427258062,0.3306404881376365,0.044276782585181446,0.5004159281950665,0.11450254974587853,22.49708265584989,40.47800484048192,0.3346290346089019,True,11.59,False,completed_normally,2001,20.0,0,
traj_00111,gradual_approach_v3,20260823,57.862393849277225,1239.0714800521882,0.02731727224195722,0.42975017662460485,0.008536647575611631,0.02731727224208868,-0.06299162304828088,57.862393849277225,108.75406857376105,0.7034012923515226,False,,False,completed_normally,2001,20.0,0,
traj_00112,gradual_approach_v3,20260823,59.64566658288084,606.055586767722,0.023569515379672598,0.4479109831055313,0.007365473556147687,0.023569515379728758,-0.06233959284240842,59.64566658288084,111.21972004152377,0.7076363881446205,False,,False,completed_normally,2001,20.0,0,
traj_00113,gradual_approach_v3,20260823,70.22784969366582,1975.5236160370748,0.00682292410423421,0.5759569615389893,0.0021321637825731906,0.1279470150044726,0.00682292410423421,49.27384465721763,70.22784969367284,0.7855187122602258,False,,True,validity_envelope_gamma_exceeded,844,8.43,0,
traj_00114,gradual_approach_v3,20260823,65.71269092473005,1708.5464786187379,0.01299614840089807,0.5172842970790728,0.004061296375280647,0.11799952617108225,0.01299614840085585,26.498511536378704,65.71269092473005,0.6584071637848474,False,,False,completed_normally,2001,20.0,0,
traj_00115,normal,20260823,59.65663502262752,532.5568283202476,0.023547483562901438,0.4480259602953158,0.0073585886134067,0.0238831747757901,0.023298701675238752,59.38973915072075,59.855092426952375,0.0018115958831721561,False,,False,completed_normally,2001,20.0,0,
traj_00116,gradual_approach_v3,20260823,69.91323630111869,1919.9561768240042,0.007215070577580356,0.5716841315144,0.002254709555493861,0.09571985994186538,0.007215070577580356,46.80310399965214,69.91323630112136,0.7857139660845179,False,,True,validity_envelope_gamma_exceeded,1005,10.040000000000001,0,
traj_00117,gradual_approach_v3,20260823,64.13085499488366,1738.9961525846804,0.015469611188661067,0.4981143683794778,0.0048342534964565835,0.015469611188754366,-0.07856199857708834,64.13085499488366,84.77014048046135,0.7856730413200669,False,,True,validity_envelope_gamma_exceeded,975,9.74,0,
traj_00118,gradual_approach_v3,20260823,31.08089267467902,1341.2313479707832,0.17656519178241561,0.35213718491248397,0.05517662243200488,0.43459982183248225,0.14949923317812544,25.376829733529476,36.13252510772743,0.1751641257218736,True,5.12,False,completed_normally,2001,20.0,0,
traj_00119,gradual_approach_v3,20260823,67.97747328646251,1991.9204635418496,0.009747636624729581,0.5459961439645822,0.0030461364452279943,0.12662667344793788,0.009747636624623317,45.15968961259406,67.97747328646251,0.7855632372519823,False,,True,validity_envelope_gamma_exceeded,913,9.120000000000001,0,
traj_00120,gradual_approach_v3,20260823,62.603372457322465,1727.4056547760429,0.018035961343663434,0.48031409394188745,0.005636237919894823,0.018035961343828146,-0.05013644050746846,62.603372457322465,108.19800601403617,0.6299344069177902,False,,False,completed_normally,2001,20.0,0,
traj_00121,stall,20260823,53.02142824600835,1548.7102083390741,0.0394302784320331,0.3861126320322117,0.012321962010010346,0.03943027843210762,-0.345125360546198,53.02142824600835,54.9457818017619,0.7881755140099974,True,2.52,True,validity_envelope_gamma_exceeded,302,3.0100000000000002,0,
traj_00122,stall,20260823,67.57190847903665,1857.3715529180997,0.010305701849690492,0.5407470028167531,0.0032205318280282788,0.28273995637434024,0.010305701849596229,59.29927912452277,67.57190847903665,0.7913331106688564,True,2.74,True,validity_envelope_gamma_exceeded,282,2.81,0,
traj_00123,gradual_approach_v3,20260823,45.431159449363975,1107.0347876793874,0.06655442003558243,0.33725701131822816,0.02079825626111951,0.22817382514731405,0.06655442003553122,22.018675103012434,45.431159449363975,0.5082038112048263,False,,False,completed_normally,2001,20.0,0,
traj_00124,gradual_approach_v3,20260823,48.16407731219652,1953.057503536484,0.055345361709514235,0.35173212522301517,0.0172954255342232,0.05534536170952454,-0.05823219037348193,48.16407731219652,92.8842142707501,0.7006249154119777,False,,False,completed_normally,2001,20.0,0,
traj_00125,gradual_approach_v3,20260823,59.07917619010896,1290.0601310082643,0.024723892517090965,0.4420266229485886,0.007726216411590926,0.024723892517179553,-0.08271095043187437,59.07917619010896,77.92263210251765,0.7857471949970548,False,,True,validity_envelope_gamma_exceeded,658,6.57,0,
traj_00126,gradual_approach_v3,20260823,33.10018186000155,733.381840038764,0.153120320420888,0.33666527596880375,0.0478501001315275,0.4600034415304043,0.131271900625688,24.111792442612774,37.68614954246465,0.26404777396004,True,7.67,False,completed_normally,2001,20.0,0,
traj_00127,gradual_approach_v3,20260823,54.147910494280865,594.1993757234123,0.03632486182267697,0.39548827458048347,0.011351519319586553,0.03632486182271106,-0.04993796525789479,54.147910494280865,95.45301426820104,0.6293252076426269,False,,False,completed_normally,2001,20.0,0,
traj_00128,gradual_approach_v3,20260823,38.05812646224681,1380.2392369277547,0.10902516076394447,0.3210033943171132,0.034070362738732644,0.3364063218897059,0.062212509542543204,19.7194836871531,55.78606934535672,0.4853136420669372,True,6.79,False,completed_normally,2001,20.0,0,
traj_00129,gradual_approach_v3,20260823,44.165970005210504,1623.2280127557544,0.07243471032133106,0.331919545146542,0.022635846975415954,0.07243471032133106,-0.05019337708505206,44.165970005210504,85.8502164009205,0.6770980032397674,False,,False,completed_normally,2001,20.0,0,
traj_00130,gradual_approach_v3,20260823,69.21791448944956,1955.638753573459,0.008100596059536311,0.5623373430961555,0.0025314362686050976,0.12561304900914239,0.008100596059346831,45.82581979572279,69.21791448944956,0.7861717219257608,False,,True,validity_envelope_gamma_exceeded,1200,11.99,0,
traj_00131,gradual_approach_v3,20260823,71.92499578204769,1065.7309143219168,0.004794667825835992,0.5994703637057296,0.0014983336955737476,0.004794667825987883,-0.0728204199753284,71.92499578204769,92.31270323767839,0.7854437044886712,False,,True,validity_envelope_gamma_exceeded,1268,12.67,0,
traj_00132,normal,20260823,33.64487120480876,1822.4804347500262,0.1474250315357429,0.3335229087282266,0.04607032235491966,0.1663434584488601,0.12884917381056407,30.42935238313049,35.269626900830225,0.10395464830290792,False,,False,completed_normally,2001,20.0,0,
traj_00133,gradual_approach_v3,20260823,52.57439927067018,842.7017333482612,0.040717159319811194,0.3825304780632713,0.012724112287440999,0.1677898620491308,0.030945069007497716,22.573176143628878,55.54440242875687,0.595203432713125,False,,False,completed_normally,2001,20.0,0,
traj_00134,gradual_approach_v3,20260823,35.926311457621594,945.4987608596923,0.1260010016534023,0.3244163992405202,0.039375313016688215,0.1260010016534023,-0.029629349342725986,35.92631145762092,70.37577355987712,0.6277075314806458,False,,False,completed_normally,2001,20.0,0,
traj_00135,gradual_approach_v3,20260823,70.85223008048736,1163.271355916713,0.006059932555171293,0.5845168400026299,0.001893728923491029,0.1045952999065431,0.006059932555171293,27.89583159225419,70.85223008049064,0.6856381695913031,False,,False,completed_normally,2001,20.0,0,
traj_00136,gradual_approach_v3,20260823,45.51180741840341,514.2378566120218,0.06619549257599783,0.3376278721047109,0.02068609142999932,0.06619549257599783,-0.029697035811397154,45.511807418395776,78.35698119725835,0.5412733700700747,False,,False,completed_normally,2001,20.0,0,
traj_00137,stall,20260823,37.455047996651466,1346.0885755740437,0.1135621733784982,0.32152266123281104,0.035488179180780684,0.11434418252999737,-0.22429845174930185,37.238429195298835,42.06636091301903,0.7867638927045888,False,,True,validity_envelope_gamma_exceeded,647,6.46,0,
traj_00138,stall,20260823,61.770930124606735,1697.0034861095169,0.019514351558334246,0.47091463506563297,0.006098234861979452,0.019514351558339717,-0.22835635114175878,61.770930124606735,64.39116170432365,0.7876597769758906,False,,True,validity_envelope_gamma_exceeded,293,2.92,0,
traj_00139,normal,20260823,48.54151242383961,1928.158402700823,0.05393983357884655,0.35402518030197166,0.016856197993389548,0.05393983357884655,0.0033099952711885816,48.541512423839144,62.85689962786019,0.22714011667649564,False,,False,completed_normally,2001,20.0,0,
traj_00140,gradual_approach_v3,20260823,53.36956869130151,654.8953350247496,0.03844994005249101,0.3889573344748794,0.01201560626640344,0.23517672935540238,0.038449940052381684,17.374827267133494,53.36956869130151,0.6924936705528082,False,,False,completed_normally,2001,20.0,0,
traj_00141,gradual_approach_v3,20260823,72.98285355200889,582.9434583660586,0.003600709491698269,0.6145181017774006,0.001125221716155709,0.11122779664310378,0.003600709491698269,53.0140552534831,72.98285355200889,0.7874629743851969,False,,True,validity_envelope_gamma_exceeded,838,8.370000000000001,0,
traj_00142,gradual_approach_v3,20260823,33.19299804513541,1450.0329988665164,0.15213252030007304,0.3361010469358857,0.04754141259377283,0.4456489154563576,0.11621154333435708,24.02851239336374,41.58210292330748,0.26747159565848744,True,6.82,False,completed_normally,2001,20.0,0,
traj_00143,gradual_approach_v3,20260823,42.94783685853229,1138.4037843636365,0.07857231110815405,0.327676790994843,0.02455384722129814,0.07857231110815405,-0.05533064856864789,42.94783685853159,81.50372075711637,0.6653837514449186,False,,False,completed_normally,2001,20.0,0,
traj_00144,gradual_approach_v3,20260823,65.80507644211937,1438.013175384888,0.012857113425524199,0.5184266252167418,0.004017847945476312,0.15029048785192028,0.012857113425524199,22.582375691731198,65.80507644213166,0.7497479500272378,False,,False,completed_normally,2001,20.0,0,
traj_00145,gradual_approach_v3,20260823,65.43866582113817,1485.1460544086876,0.013411969974637169,0.5139106793492927,0.004191240617074115,0.013411969974759571,-0.06211501658377483,65.43866582113817,86.51249182006796,0.7863440935840438,False,,True,validity_envelope_gamma_exceeded,1239,12.38,0,
traj_00146,gradual_approach_v3,20260823,71.8787578374974,1878.5974382072513,0.004848048529073128,0.598819456070837,0.0015150151653353526,0.10760477636850951,0.004848048529073128,59.93674851608117,71.87875783751065,0.7864810170174602,False,,True,validity_envelope_gamma_exceeded,746,7.45,0,
traj_00147,gradual_approach_v3,20260823,41.56827814951305,729.7520843701492,0.08615143912112716,0.32401842514435275,0.026922324725352238,0.08615143912120996,-0.030450316980896952,41.56827814951305,77.57610842635303,0.6122101955295949,False,,False,completed_normally,2001,20.0,0,
traj_00148,gradual_approach_v3,20260823,58.13381363399486,1965.8525264482441,0.026724861748082973,0.432445171230603,0.008351519296275929,0.14922551977527,0.026724861748082973,32.283415776267304,58.13381363399597,0.7857995434685027,False,,True,validity_envelope_gamma_exceeded,788,7.87,0,
traj_00149,gradual_approach_v3,20260823,30.07592563169487,711.0678669191796,0.18986368337223317,0.36238653531269643,0.05933240105382286,0.4850730544587317,0.1771534916903131,27.60710251466131,32.09972597594274,0.11164328329235966,True,5.2700000000000005,False,completed_normally,2001,20.0,0,
traj_00150,gradual_approach_v3,20260823,30.977702671635274,576.4691119678461,0.17787452918977956,0.3531053614007032,0.05558579037180611,0.17787452918977956,0.01634979587054175,30.977702671635143,51.11770812720859,0.5596561837324655,False,,False,completed_normally,2001,20.0,0,
traj_00151,gradual_approach_v3,20260823,49.76877332756826,1207.1209474309876,0.04958270113336197,0.3619420145652803,0.015494594104175615,0.04958270113336197,-0.07394036265116621,49.76877332756081,71.53217767615189,0.7860526720043336,False,,True,validity_envelope_gamma_exceeded,1048,10.47,0,
traj_00152,gradual_approach_v3,20260823,36.01893599189685,1411.0849672650197,0.12520669637627116,0.32417291232639156,0.039127092617584736,0.40990661328593103,0.09860595227924657,22.17616167333,42.782497246231436,0.37957457865902194,True,10.92,False,completed_normally,2001,20.0,0,
traj_00153,gradual_approach_v3,20260823,59.33840880915636,599.1806133749118,0.024191592031206202,0.44470621738271804,0.007559872509751938,0.024191592031270862,-0.05745161113046593,59.33840880915636,111.73759829160528,0.7376199383734408,False,,True,ground_contact,1975,19.740000000000002,0,
traj_00154,gradual_approach_v3,20260823,49.93627869414555,1792.7016762121953,0.04901214993665298,0.3630758316802417,0.015316296855204057,0.20259147067800104,0.03581052662200679,19.98819803009737,53.94783653257016,0.6172538685904593,False,,False,completed_normally,2001,20.0,0,
traj_00155,gradual_approach_v3,20260823,45.97845445613996,1532.835651433715,0.06415426440101929,0.3398434976833303,0.020048207625318528,0.23339351164502603,0.06415426440091028,20.576019380842638,45.97845445613996,0.54843590891533,False,,False,completed_normally,2001,20.0,0,
traj_00156,normal,20260823,45.038106651648285,732.2633742307396,0.06833035027072978,0.3355012576600819,0.02135323445960306,0.09977216460757274,0.0678685272546197,39.90665618914438,45.276691834290155,0.1088782830039384,False,,False,completed_normally,2001,20.0,0,
traj_00157,gradual_approach_v3,20260823,57.70259837993794,1704.307444460971,0.027669902819935744,0.428175328140164,0.00864684463122992,0.19348553748859493,0.027669902819935744,19.627639623835766,57.7025983799575,0.7308470360734819,False,,False,completed_normally,2001,20.0,0,
traj_00158,normal,20260823,74.87238373926674,887.0494888698839,0.0015915156364946772,0.6421317444368623,0.0004973486364045867,0.031788994323158265,-0.008238707596517236,61.584124683761864,74.87238373926752,0.2722865640702952,False,,False,completed_normally,2001,20.0,0,
traj_00159,gradual_approach_v3,20260823,43.52878091145516,1690.3765341735727,0.07558384020496689,0.329586470856204,0.023619950064052157,0.21254909998036253,0.06107294888794179,23.414327868866824,48.000158581954125,0.4506190231002257,False,,False,completed_normally,2001,20.0,0,
traj_00160,gradual_approach_v3,20260823,65.89835205634675,1115.7933491100907,0.012717324963739233,0.5195824792259472,0.00397416405116851,0.11881041150589655,0.012717324963576132,53.003801941380665,65.89835205634675,0.7858964316042768,False,,True,validity_envelope_gamma_exceeded,854,8.53,0,
traj_00161,normal,20260823,64.95105450063045,1284.7330569112378,0.0141648036899579,0.5079619582132735,0.004426501153111844,0.014453137483972443,0.014033470829455994,64.66555937710497,65.0861114784992,0.0035753646133027147,False,,False,completed_normally,2001,20.0,0,
traj_00162,gradual_approach_v3,20260823,63.556466139485785,1706.2927553105103,0.016413233990066004,0.49133781085352696,0.005129135621895626,0.01641323399007096,-0.050615666311844776,63.556466139485785,110.80555809911442,0.6324047436808004,False,,False,completed_normally,2001,20.0,0,
traj_00163,gradual_approach_v3,20260823,32.16966253879432,662.5884481041267,0.16343914098986753,0.3430083761237911,0.051074731559333605,0.4842298017629616,0.12845968037650402,23.934977246653496,39.64324576107253,0.2474244606896463,True,7.96,False,completed_normally,2001,20.0,0,
traj_00164,gradual_approach_v3,20260823,49.941327268002375,1051.2210945659363,0.04899504046644093,0.36311019938578476,0.015310950145762791,0.04899504046644093,-0.0703083944867523,49.941327267984875,96.10220821249192,0.7329051198807297,False,,False,completed_normally,2001,20.0,0,
traj_00165,normal,20260823,61.5331571513106,1420.9432037550355,0.01994753854364805,0.46826953220017603,0.0062336057948900155,0.05155637904215912,-0.014301542927154215,56.37603710087482,71.29021781264986,0.2407751047048582,False,,False,completed_normally,2001,20.0,0,
traj_00166,gradual_approach_v3,20260823,32.167807122337535,786.3287269256768,0.16346050346949803,0.34302231576627673,0.051081407334218135,0.16346050346949803,-0.0031851185749749433,32.167807122328895,56.02492534899341,0.43635191898625164,False,,False,completed_normally,2001,20.0,0,
traj_00167,gradual_approach_v3,20260823,46.382385670103304,920.0702902298713,0.06243515050121535,0.3418557950271329,0.019510984531629794,0.062435150501361766,-0.046601393270369273,46.382385670103304,86.78471679471737,0.6513668831211653,False,,False,completed_normally,2001,20.0,0,
traj_00168,gradual_approach_v3,20260823,49.560290832330715,830.8806901379297,0.05030071545860338,0.36054844388467655,0.015718973580813554,0.050300715458676745,-0.07136683700232394,49.560290832330715,93.78642435244434,0.7069393694134847,False,,False,completed_normally,2001,20.0,0,
traj_00169,gradual_approach_v3,20260823,68.13747570207175,1394.479611054253,0.009530177216512243,0.5480797802715918,0.0029781803801600757,0.10929566025274473,0.009530177216356881,27.482720514829566,68.13747570207175,0.6588095743151471,False,,False,completed_normally,2001,20.0,0,
traj_00170,stall,20260823,69.95266236478417,1679.769820684591,0.007165641190190829,0.5722180984484299,0.002239262871934634,0.8239896766777242,0.007165641190190829,58.91679635236866,69.95266236478417,0.785663106573276,True,4.15,True,validity_envelope_gamma_exceeded,538,5.37,0,
traj_00171,gradual_approach_v3,20260823,59.52818433238898,701.7603337105033,0.023806250100554854,0.4466819476623369,0.007439453156423392,0.023806250100567854,-0.08360674078027874,59.52818433238898,77.67168527163355,0.7874493177720324,False,,True,validity_envelope_gamma_exceeded,860,8.59,0,
traj_00172,gradual_approach_v3,20260823,42.83588055178606,1925.1469424668433,0.07916157828125264,0.327333248137282,0.02473799321289145,0.0791615782813467,-0.03116441998580466,42.83588055178606,72.94307723000045,0.4904418746968187,False,,False,completed_normally,2001,20.0,0,
traj_00173,normal,20260823,60.9220440300823,1107.2240150356292,0.021083944204894057,0.46155306757001424,0.0065887325640293926,0.021083944204894057,-0.023343795405283085,60.92204403007215,79.59118037900859,0.27900996644509757,False,,False,completed_normally,2001,20.0,0,
traj_00174,gradual_approach_v3,20260823,61.241444405729375,763.238046684176,0.02048581135775158,0.46504869444241154,0.006401816049297369,0.1479543884412116,0.02048581135769655,23.341634545666093,61.241444405729375,0.6807111174571182,False,,False,completed_normally,2001,20.0,0,
traj_00175,gradual_approach_v3,20260823,61.675647633326186,1875.0184380605508,0.019687348511507233,0.4698525349326184,0.00615229640984601,0.14878521875762504,0.019687348511397418,23.19789960643859,61.675647633326186,0.6720426779223027,False,,False,completed_normally,2001,20.0,0,
traj_00176,gradual_approach_v3,20260823,51.01376963882694,981.744554907952,0.04547214941974634,0.3706646868480498,0.01421004669367073,0.04547214941983347,-0.07283157349308367,51.01376963882694,73.04031119105554,0.7855220650855647,False,,True,validity_envelope_gamma_exceeded,1221,12.200000000000001,0,
traj_00177,gradual_approach_v3,20260823,72.43529387865915,866.5098411187791,0.004212247802129624,0.6066919928011498,0.0013163274381655075,0.004212247802129624,-0.08921161662754007,72.43529387865318,82.67481283096642,0.7864738487156314,False,,True,validity_envelope_gamma_exceeded,602,6.01,0,
traj_00178,gradual_approach_v3,20260823,68.54211641014916,1745.447506514672,0.008986937651227576,0.5533812923104864,0.0028084180160086176,0.008986937651227576,-0.060936638401695054,68.54211641010457,89.47769781953433,0.7861733392482751,False,,True,validity_envelope_gamma_exceeded,1257,12.56,0,
traj_00179,gradual_approach_v3,20260823,66.6523022294538,938.6260386088867,0.011608627357996344,0.5290177789795597,0.0036276960493738576,0.011608627357996344,-0.0657622051873249,66.6523022294538,119.04450188118855,0.6959140814109349,False,,False,completed_normally,2001,20.0,0,
traj_00180,gradual_approach_v3,20260823,33.319487557807356,1208.0191894632433,0.15079793469290279,0.335351347649937,0.047124354591532115,0.15079793469298763,-0.01236655256897734,31.162733880588473,54.17388999373844,0.531667862959746,False,,False,completed_normally,2001,20.0,0,
traj_00181,gradual_approach_v3,20260823,74.36552729961164,1536.5140893950265,0.0021156079423768305,0.634632733091421,0.0006611274819927595,0.002115607942573165,-0.08421147556777414,74.36552729961164,93.72930916353056,0.7862982133659706,False,,True,validity_envelope_gamma_exceeded,969,9.68,0,
traj_00182,gradual_approach_v3,20260823,47.93820967831891,609.5041471686426,0.05620192611284604,0.35039266248752055,0.017563101910264386,0.20930308453871627,0.03763473822252261,22.169021714269764,55.92483192240494,0.5286994865620335,False,,False,completed_normally,2001,20.0,0,
traj_00183,gradual_approach_v3,20260823,42.556700450295565,1293.922133811167,0.08065031047177376,0.32651172334618794,0.025203222022429302,0.08065031047177376,-0.06067008183325606,42.55670045029379,79.18452067394631,0.6451505093815174,False,,False,completed_normally,2001,20.0,0,
traj_00184,gradual_approach_v3,20260823,73.9426557457508,1095.2830793031612,0.002561054835284674,0.6284276247204157,0.0008003296360264607,0.10731996011596279,0.0025610548352051525,52.28655124610342,73.9426557457508,0.7859956534918413,False,,True,validity_envelope_gamma_exceeded,1302,13.01,0,
traj_00185,gradual_approach_v3,20260823,47.149877256288896,1047.254520199771,0.05928562864773599,0.34591406927908047,0.018526758952417496,0.05928562864773599,-0.05046478633700757,47.14987725628338,85.37782073292816,0.6282091433973571,False,,False,completed_normally,2001,20.0,0,
traj_00186,normal,20260823,73.22317981272595,687.7521798389043,0.003336584031282295,0.6179781207436366,0.0010426825097757172,0.026024722314739374,0.003336584031282295,60.64424577712026,73.2231798127273,0.177451731038207,False,,False,completed_normally,2001,20.0,0,
traj_00187,gradual_approach_v3,20260823,51.98623604231008,1044.2099141479296,0.04246008141271704,0.37794025794642144,0.013268775441474074,0.04246008141271704,-0.07300893852009172,51.98623604229647,72.66307337643242,0.787155453621956,False,,True,validity_envelope_gamma_exceeded,1006,10.05,0,
traj_00188,gradual_approach_v3,20260823,67.46193701399712,1238.0378030690272,0.010458743167773055,0.5393316839197597,0.0032683572399290796,0.11558644160760179,0.010458743167708999,46.547442456793846,67.46193701399712,0.785745978121922,False,,True,validity_envelope_gamma_exceeded,903,9.02,0,
traj_00189,gradual_approach_v3,20260823,50.59580577993543,504.4768486451946,0.04681915283869288,0.36766089131678303,0.014630985262091526,0.17907720607594088,0.04681915283869288,21.850035674599365,50.59580577994466,0.5592676161172926,False,,False,completed_normally,2001,20.0,0,
traj_00190,gradual_approach_v3,20260823,53.04052305362098,1642.7127287936921,0.03937601812877789,0.3862674174532236,0.01230500566524309,0.1988036962141421,0.03937601812877789,19.805440189666697,53.04052305364139,0.6213172334125493,False,,False,completed_normally,2001,20.0,0,
traj_00191,gradual_approach_v3,20260823,51.42102864904153,1181.6102620132713,0.044190388573077666,0.37366332831416715,0.01380949642908677,0.044190388573077666,-0.05910518357785244,51.42102864904081,91.40445825262073,0.6244735277367,False,,False,completed_normally,2001,20.0,0,
traj_00192,stall,20260823,45.259221476738226,674.7506808715488,0.06732581196484136,0.3364783643904976,0.021039316239012926,0.06732817006357666,-0.6124640710501543,45.25254940856054,49.113928297197724,0.7861518081087093,True,2.35,True,validity_envelope_gamma_exceeded,330,3.29,0,
traj_00193,gradual_approach_v3,20260823,44.38957688761447,1917.3359267189385,0.07136024632972843,0.3327957751985228,0.022300076978040134,0.07136024632972843,-0.053202767249065475,44.389576887606125,79.87097003904276,0.6119389340594198,False,,False,completed_normally,2001,20.0,0,
traj_00194,gradual_approach_v3,20260823,45.553053776844926,914.3982423801093,0.06601263283959083,0.33781892737237834,0.020628947762372136,0.06601263283959083,-0.034936561659646315,45.55305377684191,80.3747310070986,0.574060926776344,False,,False,completed_normally,2001,20.0,0,
traj_00195,stall,20260823,57.33856483008268,1870.4881672756371,0.028484100624204985,0.42462051506211773,0.008901281445064057,1.1205708635632148,0.01820835479669728,27.582110025888248,57.33856483011082,0.4703381732188896,True,5.43,False,completed_normally,2001,20.0,0,
traj_00196,gradual_approach_v3,20260823,46.78320216780478,998.6136178718843,0.06077163970857387,0.3439373316256248,0.018991137408929333,0.06077163970857387,-0.0756663903195931,46.78320216780311,68.59188509718402,0.7860843283580781,False,,True,validity_envelope_gamma_exceeded,780,7.79,0,
traj_00197,gradual_approach_v3,20260823,67.14280600629101,852.3550686931958,0.010907079106003015,0.5352439554958177,0.0034084622206259426,0.010907079106003015,-0.0822350902408352,67.14280600627748,123.4212135341936,0.7749196454252547,False,,False,completed_normally,2001,20.0,0,
traj_00198,gradual_approach_v3,20260823,60.114502222588165,1755.1858384162474,0.022638366205143343,0.45286066261357283,0.0070744894391072954,0.022638366205143343,-0.07141597208084621,60.11450222256088,81.55297044749392,0.7854119488924625,False,,True,validity_envelope_gamma_exceeded,1122,11.21,0,
traj_00199,gradual_approach_v3,20260823,64.74261425032604,1425.0017990501829,0.014491759683975949,0.5054404245380696,0.004528674901242484,0.11586516365013814,0.01449175968385642,26.93695557405747,64.74261425032604,0.6494834506442119,False,,False,completed_normally,2001,20.0,0,
traj_00200,gradual_approach_v3,20260823,47.047253754972324,1769.7664879372091,0.05969814079270054,0.34535392314978836,0.018655668997718918,0.0596981407927418,-0.06667684500284454,47.047253754972324,70.34749371153744,0.7856030357397218,False,,True,validity_envelope_gamma_exceeded,929,9.28,0,
traj_00201,gradual_approach_v3,20260823,43.682254710192076,1727.955914857118,0.07481328296818807,0.33012593644069654,0.02337915092755877,0.25701649788986974,0.0729106953528631,19.512023111906622,43.682254710192076,0.5590230001253033,False,,False,completed_normally,2001,20.0,0,
traj_00202,gradual_approach_v3,20260823,34.77834403023305,1499.8587217758786,0.13631698041115545,0.3282230597308602,0.04259905637848607,0.28950026470854384,0.09781596889551342,23.08474216681091,45.20302845444632,0.3284090834701686,True,7.99,False,completed_normally,2001,20.0,0,
traj_00203,gradual_approach_v3,20260823,74.71758796464552,1966.9614941862922,0.0017504548215158415,0.6398344214249501,0.0005470171317237004,0.10249618718700271,0.0017504548215158415,53.88116447382843,74.71758796465299,0.7859138200952348,False,,True,validity_envelope_gamma_exceeded,1242,12.41,0,
traj_00204,gradual_approach_v3,20260823,58.47726682356135,1703.465777069854,0.02598684049089449,0.43589133014782716,0.008120887653404529,0.13269012690930726,0.025986840490797636,26.800979234491855,58.47726682356135,0.5655985266155046,False,,False,completed_normally,2001,20.0,0,
traj_00205,gradual_approach_v3,20260823,32.761839613011425,1700.2079058991849,0.1567833468882325,0.3388250979928191,0.048994795902572656,0.1567833468883701,0.03049999550239063,32.761839613011425,49.465034949113274,0.3347939161919667,False,,False,completed_normally,2001,20.0,0,
traj_00206,gradual_approach_v3,20260823,45.88045079726514,1877.9553629668426,0.06457798068724169,0.3393683913921437,0.020180618964763027,0.21577881423402284,0.06457798068724169,23.04426167088822,45.88045079726514,0.4592950310539954,False,,False,completed_normally,2001,20.0,0,
traj_00207,gradual_approach_v3,20260823,62.20311975733493,1480.4877680879213,0.018739485019267445,0.47576781018739833,0.005856089068521077,0.15963247826681126,0.018739485019267445,39.30240795796704,62.20311975733676,0.786279355972452,False,,True,validity_envelope_gamma_exceeded,883,8.82,0,
traj_00208,gradual_approach_v3,20260823,47.92963893279852,1621.467083791829,0.05623466080653447,0.35034232309059476,0.017573331502042024,0.22700754010030746,0.055604293690384665,18.604641145328905,47.92963893279852,0.6232019811680383,False,,False,completed_normally,2001,20.0,0,
traj_00209,gradual_approach_v3,20260823,74.22602671810174,1942.6879769255602,0.0022617223840282613,0.6325805650631187,0.0007067882450088317,0.12050054251257347,0.0022617223839022484,52.79063128937216,74.22602671810174,0.7863781933882324,False,,True,validity_envelope_gamma_exceeded,860,8.59,0,
traj_00210,gradual_approach_v3,20260823,44.04019479873063,1284.3310633099643,0.07304597709028954,0.33143967562958127,0.02282686784071548,0.27910733961060347,0.0512943453664122,19.916324889322826,51.581291294984894,0.5512456496407073,False,,False,completed_normally,2001,20.0,0,
traj_00211,gradual_approach_v3,20260823,35.201017962532944,1902.6111337108166,0.13241465039505823,0.32664744615602376,0.041379578248455694,0.4383373264023379,0.09265031505944549,19.23247554264347,45.85549565013898,0.4603268967608213,True,8.52,False,completed_normally,2001,20.0,0,
traj_00212,stall,20260823,43.506753109202826,1464.5036360830134,0.07569507621020452,0.32951022829459453,0.023654711315688914,0.07569507621020452,-0.22656390450593422,43.50675310919878,47.708548796208184,0.7900070370495231,False,,True,validity_envelope_gamma_exceeded,406,4.05,0,
traj_00213,gradual_approach_v3,20260823,56.38493655240938,1038.388851920841,0.030691018407426978,0.4155278406595554,0.00959094325232093,0.1628002281024321,0.030691018407299292,23.865593623829778,56.38493655240938,0.5989796945685407,False,,False,completed_normally,2001,20.0,0,
traj_00214,normal,20260823,35.213867702940505,768.7110226803918,0.1322979565920653,0.32660279137165354,0.04134311143502041,0.15735210168272032,0.09712040914263931,33.35442371103484,41.179343218359364,0.16570260181868093,False,,False,completed_normally,2001,20.0,0,
traj_00215,gradual_approach_v3,20260823,71.13563233971354,1628.8927173412917,0.005720160870842332,0.5884370617282441,0.0017875502721382286,0.09991399895369864,0.0057201608707203675,28.635286869606645,71.13563233971354,0.6619840406196201,False,,False,completed_normally,2001,20.0,0,
traj_00216,gradual_approach_v3,20260823,35.39847461376074,743.6303829487302,0.1306338687062146,0.3259819980542532,0.04082308397069206,0.1306338687062146,-0.026132886040220793,35.39847461376045,70.66755038147933,0.7855382878785754,False,,True,validity_envelope_gamma_exceeded,1991,19.900000000000002,0,
traj_00217,gradual_approach_v3,20260823,46.73312931023623,643.4123907855145,0.060977198058595604,0.3436727349592334,0.019055374393311127,0.060977198058595604,-0.0512567194697785,46.733129310235654,87.10299241709599,0.6516796437736185,False,,False,completed_normally,2001,20.0,0,
traj_00218,normal,20260823,68.16470856843007,836.73417569055,0.00949331579903247,0.5484351379783431,0.002966661187197647,0.056216994696660305,0.009493315798887752,45.60945209154711,68.16470856843007,0.341469050179364,False,,False,completed_normally,2001,20.0,0,
traj_00219,gradual_approach_v3,20260823,47.932581751203735,820.9821790021368,0.0562234192266122,0.3503596033991086,0.017569818508316314,0.0562234192266122,-0.06316351264909281,47.932581751203166,91.86233286097283,0.7177209174229764,False,,False,completed_normally,2001,20.0,0,
traj_00220,gradual_approach_v3,20260823,61.813427143569605,667.4656689093683,0.019437447518739718,0.4713892604811233,0.006074202349606162,0.15091859229331409,0.019437447518595524,22.95426518590535,61.813427143569605,0.6769140254521184,False,,False,completed_normally,2001,20.0,0,
traj_00221,gradual_approach_v3,20260823,61.73648733302193,1421.1429902181433,0.01957679541756927,0.4705303777959153,0.006117748567990397,0.019576795417579805,-0.06310906893690443,61.73648733302193,84.73627007710529,0.7856388818669227,False,,True,validity_envelope_gamma_exceeded,1082,10.81,0,
traj_00222,gradual_approach_v3,20260823,42.77518751564507,1386.5787930233864,0.0794828691264072,0.3271503667807892,0.024838396602002252,0.2616292184552916,0.06066605631013755,19.355993326619156,48.03433571959699,0.5539692525745126,False,,False,completed_normally,2001,20.0,0,
traj_00223,gradual_approach_v3,20260823,38.82276842292613,1327.4671789839952,0.10354907677973535,0.32081279185239064,0.0323590864936673,0.4751914044978609,0.07027256671725918,18.876534137576495,49.27078986229647,0.5212748831015538,True,11.1,False,completed_normally,2001,20.0,0,
traj_00224,normal,20260823,31.757649433929135,696.5937187959099,0.16826438391377793,0.34623602623513833,0.052582619973055605,0.19827818018840063,0.11835214689209306,29.528674749033758,38.400427437739346,0.2013119920836702,False,,False,completed_normally,2001,20.0,0,
traj_00225,gradual_approach_v3,20260823,63.157129641091274,1094.2689910955846,0.017084313442525527,0.4866852527942728,0.005338847950789228,0.15283789215770383,0.017084313442525527,39.15892155674385,63.157129641093036,0.7865995127820054,False,,True,validity_envelope_gamma_exceeded,791,7.9,0,
traj_00226,gradual_approach_v3,20260823,63.50339239680589,1970.436999938459,0.01650170375092191,0.4907166758620361,0.005156782422163097,0.01650170375092191,-0.08505060817941146,63.503392396799576,81.88638821271998,0.787864106303813,False,,True,validity_envelope_gamma_exceeded,992,9.91,0,
traj_00227,normal,20260823,46.09420964011663,1814.657054419107,0.06365715413372763,0.34041129620354993,0.019892860666789886,0.08905331475142417,0.06086336321249523,42.71979487608544,47.335343250196686,0.07272798452254321,False,,False,completed_normally,2001,20.0,0,
traj_00228,gradual_approach_v3,20260823,69.83500074760151,1500.0240103447939,0.007313401816946257,0.5706258116412667,0.002285438067795705,0.007313401817127888,-0.08766944547367955,69.83500074760151,89.04121639451621,0.787121192911863,False,,True,validity_envelope_gamma_exceeded,833,8.32,0,
traj_00229,gradual_approach_v3,20260823,35.34750481380936,1953.5070676042967,0.1310910144690993,0.3261495395074795,0.040965942021593524,0.4401528755493767,0.08674197126438356,21.535928532129756,48.48032236470521,0.3862756616451983,True,6.49,False,completed_normally,2001,20.0,0,
traj_00230,gradual_approach_v3,20260823,34.302321513994045,1129.0787201964379,0.14086455496557143,0.3302527466402023,0.044020173426741076,0.14086455496557143,-0.011718313644671574,34.302321513974746,56.909127006031255,0.45222004995111503,False,,False,completed_normally,2001,20.0,0,
traj_00231,gradual_approach_v3,20260823,39.382139416492336,1878.4409494794102,0.09972812095347577,0.3209884473405344,0.03116503779796118,0.09972812095348303,-0.05210279882678359,39.382139416492336,78.11600125020404,0.6848796264299867,False,,False,completed_normally,2001,20.0,0,
traj_00232,gradual_approach_v3,20260823,35.73405541907378,1591.0084807001856,0.12766731117394553,0.3249512725581073,0.03989603474185798,0.36883398541741597,0.0833555066824935,21.494812948518014,49.29420414584883,0.3945904063309954,True,6.65,False,completed_normally,2001,20.0,0,
traj_00233,stall,20260823,70.12781196271591,1926.408299724012,0.006947048714024901,0.5745953891105293,0.0021709527231327814,0.007505422917071335,-0.26415346807322115,69.36302045432436,70.50048623386832,0.7932647616488364,False,,True,validity_envelope_gamma_exceeded,699,6.98,0,
traj_00234,gradual_approach_v3,20260823,36.14303199621587,1453.9788318471255,0.12415104808586444,0.32386099789602446,0.038797202526832636,0.12415104808600845,-0.03981475872325002,36.14303199621587,67.99011945213336,0.5836364571884649,False,,False,completed_normally,2001,20.0,0,
traj_00235,gradual_approach_v3,20260823,50.079817437647804,1378.4153666201723,0.0485276666244555,0.36405738261791276,0.015164895820142342,0.2083077641441013,0.02538386591243158,19.53984796042557,62.37089448349105,0.6145062386040503,False,,False,completed_normally,2001,20.0,0,
traj_00236,gradual_approach_v3,20260823,44.58011859080238,1898.7383816255779,0.07045686974453569,0.33356553340629547,0.022017771795167403,0.07045686974453569,-0.04140452239434861,44.580118590787706,77.59608700819031,0.5611048528748127,False,,False,completed_normally,2001,20.0,0,
traj_00237,gradual_approach_v3,20260823,58.17400237284965,1101.234247982804,0.02663783765059297,0.4328463511950201,0.008324324265810302,0.17322187767923705,0.0209770019822888,21.236746860522345,58.17400237285116,0.6699763132373491,False,,False,completed_normally,2001,20.0,0,
traj_00238,gradual_approach_v3,20260823,71.14068065868763,748.9746206290991,0.005714144850656331,0.5885070907618596,0.0017856702658301034,0.005714144850656331,-0.08908419890657715,71.14068065868763,91.76232034204034,0.7855885516399688,False,,True,validity_envelope_gamma_exceeded,685,6.84,0,
traj_00239,stall,20260823,30.01051616520144,1538.1520107207702,0.19077458613480647,0.36311940723929564,0.05961705816712702,0.19077458613481724,-0.21623206280160623,30.01051616520144,35.946415665831786,0.7904972745644124,False,,True,validity_envelope_gamma_exceeded,448,4.47,0,
traj_00240,gradual_approach_v3,20260823,70.6946014940489,946.3665404899723,0.006250667153168466,0.582345835148701,0.0019533334853651454,0.09783615967956438,0.006250667153168466,48.393776868898954,70.69460149406768,0.7866169622918878,False,,True,validity_envelope_gamma_exceeded,1121,11.200000000000001,0,
traj_00241,gradual_approach_v3,20260823,68.8410754166039,703.8320071816051,0.008591652140463889,0.5573275908474599,0.0026848912938949652,0.008591652140496316,-0.08077253856572075,68.8410754166039,88.48640383259307,0.7866870054317953,False,,True,validity_envelope_gamma_exceeded,1167,11.66,0,
traj_00242,gradual_approach_v3,20260823,50.284070624545215,1772.9673054402635,0.04784521731592809,0.3654698481405409,0.014951630411227528,0.164674269691099,0.04695177843449455,25.334473805056593,50.28407062454715,0.4849614038211269,False,,False,completed_normally,2001,20.0,0,
traj_00243,normal,20260823,74.83234804332507,1240.9708133372365,0.0016325292784625499,0.6415369774291068,0.0005101653995195468,0.0016706215616562438,0.0014284762693163632,74.77396689525959,75.12879849783302,0.002723120792704408,False,,False,completed_normally,2001,20.0,0,
traj_00244,normal,20260823,50.722861068111676,1011.8155573910694,0.04640624150304026,0.36856603765940754,0.014501950469700082,0.07554350838522299,0.04640624150304026,42.74881587314711,50.72286106813733,0.15350956170772825,False,,False,completed_normally,2001,20.0,0,
traj_00245,gradual_approach_v3,20260823,31.082369114807655,1918.1333330572052,0.17654654493411093,0.35212346686229873,0.055170795291909665,0.4304197583070837,0.14478457719205148,23.572338265928526,37.237898826294426,0.2342637114111908,True,7.7,False,completed_normally,2001,20.0,0,
traj_00246,gradual_approach_v3,20260823,71.59796354080703,1463.5451850038157,0.005174421930381558,0.594878937666731,0.0016170068532442368,0.005174421930564561,-0.0787162117231523,71.59796354080703,91.4625302797459,0.7867700387126916,False,,True,validity_envelope_gamma_exceeded,1071,10.700000000000001,0,
traj_00247,gradual_approach_v3,20260823,56.989275465600194,1108.2945006483378,0.029279798199031985,0.421252979239287,0.009149936937197496,0.23026459599747431,0.029279798199031985,17.280959697826273,56.98927546560865,0.7751725637623856,False,,False,completed_normally,2001,20.0,0,
traj_00248,gradual_approach_v3,20260823,69.84512954555368,1195.778789083513,0.007300652889872326,0.5707627327342832,0.002281454028085102,0.11484782796590098,0.007300652889835936,45.92843176840921,69.84512954555368,0.7870460750640632,False,,True,validity_envelope_gamma_exceeded,955,9.540000000000001,0,
traj_00249,gradual_approach_v3,20260823,44.677349175895564,606.2400500556466,0.0700001567848417,0.3339664405996922,0.021875048995263033,0.0700001567848417,-0.054506421283451234,44.67734917589127,82.97144953404418,0.6239747288307587,False,,False,completed_normally,2001,20.0,0,
traj_00250,normal,20260823,39.43732447829644,1413.5968613920247,0.09935930247706931,0.32101970794518464,0.03104978202408416,0.128737519413083,0.06104183137764285,36.861068350027736,43.85979118840883,0.11783109428838763,False,,False,completed_normally,2001,20.0,0,
traj_00251,normal,20260823,46.19920680023033,615.7216986730954,0.06320935928106702,0.34093250646653644,0.019752924775333445,0.06320935928106702,-0.0004864897931156076,46.19920680022987,67.84843298725592,0.30990211491781966,False,,False,completed_normally,2001,20.0,0,
traj_00252,gradual_approach_v3,20260823,62.98804286128539,699.4721536963671,0.017372267076665993,0.4847298959782577,0.0054288334614581235,0.1410593928328362,0.017372267076665993,40.299052700076246,62.98804286129647,0.7860952979283843,False,,True,validity_envelope_gamma_exceeded,1026,10.25,0,
traj_00253,gradual_approach_v3,20260823,64.00049615246623,1546.0834040911066,0.01568156863224327,0.49656771166741737,0.004900490197576023,0.01568156863243063,-0.07926542220710131,64.00049615246623,81.9955137737426,0.7865371278016863,False,,True,validity_envelope_gamma_exceeded,1037,10.36,0,
traj_00254,gradual_approach_v3,20260823,64.67725198460627,975.0831594676756,0.01459492978127927,0.5046523756300896,0.004560915556649772,0.1537512290262978,0.01459492978127927,39.508004631031234,64.67725198460764,0.7860452183076541,False,,True,validity_envelope_gamma_exceeded,829,8.28,0,
traj_00255,gradual_approach_v3,20260823,66.37795045054018,1487.0086886487643,0.012007745641600367,0.5255654124683853,0.003752420513000115,0.012007745641600367,-0.066972283005862,66.3779504505381,89.30659832628619,0.7855068194138576,False,,True,validity_envelope_gamma_exceeded,932,9.31,0,
traj_00256,gradual_approach_v3,20260823,49.17049428202053,1690.3743997887068,0.051667110316939525,0.3579958795028981,0.0161459719740436,0.2663043909568526,0.03960038280474343,16.28494137967666,50.60192472498834,0.6984167053572068,False,,False,completed_normally,2001,20.0,0,
traj_00257,gradual_approach_v3,20260823,62.90793323152235,785.2062643084261,0.01750949437776289,0.4838065408510933,0.005471716993050903,0.01750949437776289,-0.07717949761369586,62.907933231494034,84.55056049792216,0.7859494463319973,False,,True,validity_envelope_gamma_exceeded,1225,12.24,0,
traj_00258,gradual_approach_v3,20260823,61.11809673017947,1872.7362499097903,0.02071570511510796,0.4636948941016317,0.0064736578484712376,0.02071570511528574,-0.07222329631321045,61.11809673017947,114.12366069920215,0.7360674812428075,False,,False,completed_normally,2001,20.0,0,
traj_00259,gradual_approach_v3,20260823,34.03495631926822,1115.8539628175618,0.14349240043115538,0.33151572170314986,0.04484137513473605,0.14349240043115538,0.0012074644420561054,34.034956319265156,59.576995886765616,0.5898086247233,False,,False,completed_normally,2001,20.0,0,
traj_00260,gradual_approach_v3,20260823,71.52201484052989,1960.8971018857594,0.0052633534538151765,0.5938167545946831,0.0016447979543172426,0.0052633534538151765,-0.07319302127306765,71.52201484052384,93.31785269459992,0.7862022897464814,False,,True,validity_envelope_gamma_exceeded,1223,12.22,0,
traj_00261,gradual_approach_v3,20260823,55.03561361276782,661.6509169391002,0.03400837898736095,0.40321899647859294,0.010627618433550296,0.03400837898753926,-0.07847091350171442,55.03561361276782,74.98685443300917,0.7868801179185284,False,,True,validity_envelope_gamma_exceeded,944,9.43,0,
traj_00262,normal,20260823,49.531121008739206,1564.0154240443294,0.050401881296923516,0.36035502909365524,0.015750587905288597,0.05142764466391441,0.04952193499639835,49.03446020773963,49.97394071818078,0.009227861923981541,False,,False,completed_normally,2001,20.0,0,
traj_00263,gradual_approach_v3,20260823,45.581744486500554,1490.1940208267793,0.06588571857381653,0.33795237482758106,0.020589287054317666,0.06588571857381653,-0.05445055112441122,45.58174448649743,82.91704657874878,0.6310241549677245,False,,False,completed_normally,2001,20.0,0,
traj_00264,gradual_approach_v3,20260823,31.97508138338944,750.6028747359179,0.1656973688707267,0.34449936797859076,0.051780427772102094,0.462408462862433,0.12807238435877877,23.195287121305824,40.01687792996148,0.26769029012933904,True,4.9,False,completed_normally,2001,20.0,0,
traj_00265,gradual_approach_v3,20260823,70.5284248002543,810.1680585434456,0.006453117663707192,0.5800644114717656,0.0020165992699084975,0.12170721498069437,0.006453117663707192,47.520462078902554,70.52842480027063,0.7855441263334759,False,,True,validity_envelope_gamma_exceeded,995,9.94,0,
traj_00266,gradual_approach_v3,20260823,73.42485142312256,728.4749411926267,0.0031169208538905577,0.6208934002055884,0.0009740377668407993,0.0031169208538905577,-0.08417858570484438,73.42485142311884,89.33115989724114,0.7881988187587932,False,,True,validity_envelope_gamma_exceeded,814,8.13,0,
traj_00267,gradual_approach_v3,20260823,56.447067027643264,707.9183987386757,0.030543875994690165,0.416110453341565,0.009544961248340677,0.030543875994690165,-0.060912653540455386,56.44706702763383,112.04445009961097,0.7853850348123119,False,,False,completed_normally,2001,20.0,0,
traj_00268,gradual_approach_v3,20260823,55.81290405297372,1376.7084609949038,0.032068529296144344,0.4102287961667001,0.010021415405045107,0.17185502998874969,0.02481732904221101,22.112764246702405,56.97661917955429,0.6545495779742065,False,,False,completed_normally,2001,20.0,0,
traj_00269,normal,20260823,37.95528908725177,863.1197078345949,0.1097848750399937,0.32106840119799146,0.03430777344999803,0.1738760521516911,0.09491701810728113,31.171176149878416,42.2625014726533,0.16513688533097887,False,,False,completed_normally,2001,20.0,0,
traj_00270,gradual_approach_v3,20260823,45.724202286145285,1236.8676505144203,0.06525895671260146,0.33862164582320325,0.020393423972687955,0.22259317625659847,0.04750806801345242,19.456628735539997,51.35045864708076,0.5805320887077501,False,,False,completed_normally,2001,20.0,0,
traj_00271,gradual_approach_v3,20260823,55.34280730565489,1929.279762131941,0.03323212899220384,0.40596282303531034,0.010385040310063699,0.14471959479850605,0.027261659161829654,24.59348093868572,56.34326899755022,0.564107732613233,False,,False,completed_normally,2001,20.0,0,
traj_00272,gradual_approach_v3,20260823,59.760859676676574,1876.2573911759662,0.023338728449853605,0.44912046793609844,0.0072933526405792514,0.1507301963470339,0.019160189698982477,23.233270805991236,59.76085967667685,0.6469046230629245,False,,False,completed_normally,2001,20.0,0,
traj_00273,gradual_approach_v3,20260823,35.99028387588864,977.4778969419664,0.12545181887987605,0.3242472524554097,0.03920369339996127,0.12545181887987605,-0.017315944597859567,35.990283875866716,62.25834296936295,0.43498249945682554,False,,False,completed_normally,2001,20.0,0,
traj_00274,gradual_approach_v3,20260823,68.8855557455541,1474.52242827133,0.008533274780833728,0.5579168653183504,0.0026666483690105398,0.12508963878427393,0.008533274780660285,25.165352943723626,68.8855557455541,0.7352831520427117,False,,False,completed_normally,2001,20.0,0,
traj_00275,gradual_approach_v3,20260823,73.64623149951242,1725.8241660725923,0.002877846329066557,0.6241059236814686,0.000899326977833299,0.09509817581032864,0.0028778463289322173,50.509820406960905,73.64623149951242,0.7864796540168728,False,,True,validity_envelope_gamma_exceeded,1195,11.94,0,
traj_00276,gradual_approach_v3,20260823,68.41050571764109,1612.6264306397456,0.00916258186315837,0.5516519253858028,0.002863306832236991,0.10582703402058202,0.00916258186315837,46.98264523597242,68.41050571765736,0.7866946682427562,False,,True,validity_envelope_gamma_exceeded,1126,11.25,0,
traj_00277,gradual_approach_v3,20260823,39.217303040595596,1497.9532580529221,0.10083837786216118,0.3209098239342724,0.03151199308192537,0.10083837786216118,-0.02894180660510637,39.21730304059335,70.63813630911471,0.5465530087696281,False,,False,completed_normally,2001,20.0,0,
traj_00278,gradual_approach_v3,20260823,59.807831811711836,1647.658252320664,0.02324499785370715,0.4496149049601666,0.007264061829283484,0.19864867059293853,0.014132994947081756,19.029942485541493,61.74913643249555,0.7520630352084945,False,,False,completed_normally,2001,20.0,0,
traj_00279,gradual_approach_v3,20260823,70.41285844370188,1647.5179718605812,0.006594747710020875,0.5784822454900699,0.002060858659381524,0.11410390315784436,0.006594747710020875,48.39212260997509,70.41285844370188,0.7872606664797862,False,,True,validity_envelope_gamma_exceeded,677,6.76,0,
traj_00280,gradual_approach_v3,20260823,67.24274118328977,680.7606915471823,0.010766004512081852,0.5365209028211282,0.0033643764100255787,0.010766004512220016,-0.08925296568356,67.24274118328977,79.27023726519327,0.7857337534775517,False,,True,validity_envelope_gamma_exceeded,722,7.21,0,
traj_00281,gradual_approach_v3,20260823,49.726226412883754,1118.5509852114455,0.049728518544845134,0.36165602483810544,0.015540162045264105,0.04972851854500813,-0.03643957818465143,49.726226412883754,83.39981491262212,0.5328416840831344,False,,False,completed_normally,2001,20.0,0,
traj_00282,gradual_approach_v3,20260823,59.85851980430365,852.263227318531,0.023144096361161187,0.45014926481223777,0.007232530112862871,0.023144096361170496,-0.0859945082671476,59.85851980430365,71.26933393784185,0.7854123695153107,False,,True,validity_envelope_gamma_exceeded,974,9.73,0,
traj_00283,gradual_approach_v3,20260823,60.17776112379327,951.6342177855096,0.022514368642783146,0.45353399125430727,0.007035740200869733,0.18695028854414417,0.022514368642783146,19.86653085536061,60.17776112380758,0.7480450283593016,False,,False,completed_normally,2001,20.0,0,
traj_00284,gradual_approach_v3,20260823,30.281419224001702,1047.9792045370384,0.1870402637637772,0.3601380472712025,0.058450082426180376,0.18704026376378532,0.060104773684347385,30.281419223983676,45.27783661208995,0.42054175622626344,False,,False,completed_normally,2001,20.0,0,
traj_00285,gradual_approach_v3,20260823,37.9963390439186,830.9532718244681,0.10948094072708961,0.32104130832407146,0.0342127939772155,0.10948094072721044,-0.0220543480498267,37.9963390439186,66.28344874132097,0.5009974779430101,False,,False,completed_normally,2001,20.0,0,
traj_00286,gradual_approach_v3,20260823,58.80458891524094,1842.3151086464304,0.025295303203465996,0.43921268925430146,0.007904782251083124,0.15287524820962756,0.025295303203442275,23.13356692430961,58.80458891524094,0.6579018778859143,False,,False,completed_normally,2001,20.0,0,
traj_00287,normal,20260823,61.24063824991075,808.1561865373794,0.020487309412387855,0.4650398308364663,0.006402284191371205,0.06447992711716621,0.020487309412381114,45.92697677761651,61.24063824991075,0.2559416255724912,False,,False,completed_normally,2001,20.0,0,
traj_00288,gradual_approach_v3,20260823,56.396808150528905,1098.119370802909,0.030662866169687993,0.41563905715426164,0.009582145678027497,0.03066286616975005,-0.07880344366273362,56.396808150528905,77.57249430896752,0.7857615496491271,False,,True,validity_envelope_gamma_exceeded,1077,10.76,0,
traj_00289,gradual_approach_v3,20260823,61.46232987536629,1404.325533940489,0.020077535238504824,0.46748505082742037,0.006274229762032758,0.020077535238504824,-0.07843466373987251,61.46232987534776,111.58416674799649,0.754167416502553,False,,False,completed_normally,2001,20.0,0,
traj_00290,gradual_approach_v3,20260823,45.203987776303386,1234.3728382790764,0.06757541434211231,0.33623172011026325,0.021117316981910095,0.18156925672402258,0.05508383653300247,25.676429682069173,49.503546821526534,0.41288273494365774,False,,False,completed_normally,2001,20.0,0,
traj_00291,normal,20260823,64.33183580973734,1847.3604047577803,0.015145316606484705,0.5005088919913817,0.00473291143952647,0.05215001195106822,0.014922614593689671,48.289028956997846,64.55508859463775,0.2566324205838131,False,,False,completed_normally,2001,20.0,0,
traj_00292,normal,20260823,47.40494635080265,597.9406811625993,0.058271550806705305,0.34732931762097613,0.01820985962709541,0.059058274773158295,0.05763000981416348,47.064671533784015,47.69401166126801,0.006378990326073374,False,,False,completed_normally,2001,20.0,0,
traj_00293,stall,20260823,50.31055590223058,991.1474625513395,0.047757318150378626,0.36565434767809646,0.01492416192199332,0.047757318150378626,-0.3679909503159202,50.31055590223028,52.28831920542675,0.7870757177671412,True,1.49,True,validity_envelope_gamma_exceeded,207,2.06,0,
traj_00294,gradual_approach_v3,20260823,32.523972980994486,1757.3031852373488,0.1594185612562312,0.34044256743498336,0.04981830039257225,0.504670169582076,0.1219472414447406,23.44130869971811,40.89573108515278,0.27313387817861595,True,3.5500000000000003,False,completed_normally,2001,20.0,0,
traj_00295,gradual_approach_v3,20260823,52.507315851344025,525.4277257133942,0.04091305730227282,0.38199983909533924,0.012785330406960256,0.04091305730236564,-0.07328703661755043,52.507315851344025,102.23210307705429,0.7768675266560343,False,,False,completed_normally,2001,20.0,0,
traj_00296,gradual_approach_v3,20260823,32.87003929739304,1096.6794510996435,0.15560118518922025,0.3381166190994871,0.048625370371631324,0.45287027761467225,0.13136175833579344,24.93351728470768,38.02852233683939,0.23310533842899636,True,10.370000000000001,False,completed_normally,2001,20.0,0,
traj_00297,gradual_approach_v3,20260823,41.52154310834355,1968.9678352477715,0.08642077711061252,0.32391702812009027,0.027006492847066414,0.2425787855817283,0.052721180168042614,21.259365047162607,55.27893791600485,0.48508027564144013,False,,False,completed_normally,2001,20.0,0,
traj_00298,normal,20260823,50.842637239272705,1647.9144207663142,0.04601975026082623,0.3694257137616761,0.014381171956508195,0.07420152730315457,0.020892678360947783,47.830777639618724,53.3357772952683,0.10682661968604673,False,,False,completed_normally,2001,20.0,0,
traj_00299,gradual_approach_v3,20260823,66.58932228136165,633.7611355457286,0.01169981737643349,0.5282233419498178,0.0036561929301354656,0.011699817376572075,-0.07405396235980483,66.58932228136165,119.66820877571848,0.7798461801589606,False,,True,ground_contact,1891,18.900000000000002,0,
traj_00300,stall,20260823,56.42709617922176,1511.9956373688246,0.03059112045339454,0.4159230317198583,0.009559725141685795,0.9349582907814731,0.030591120453253278,35.92376720686971,56.42709617922176,0.4558296487661102,True,5.9,False,completed_normally,2001,20.0,0,
traj_00301,gradual_approach_v3,20260823,44.59416395601284,1655.749148517984,0.07039071848826675,0.33362310873762185,0.021997099527583358,0.2736191929159819,0.03794576830588009,16.609982793274995,58.937946673477974,0.6533579320304199,False,,False,completed_normally,2001,20.0,0,
traj_00302,normal,20260823,32.364333201242815,1525.1790324190797,0.16121573487422272,0.3415751246052149,0.0503799171481946,0.16308712112111856,0.15926954456678127,32.034656897159444,32.69095025283472,0.011128325236814635,False,,False,completed_normally,2001,20.0,0,
traj_00303,gradual_approach_v3,20260823,60.99605700994811,1279.653363247845,0.02094451653159148,0.46236020353799323,0.006545161416122337,0.13353370708150444,0.02094451653159148,25.060000322995588,60.996057009948615,0.6313969499308189,False,,False,completed_normally,2001,20.0,0,
traj_00304,gradual_approach_v3,20260823,42.560880615383724,1463.0698600943322,0.08062781422754178,0.32652365100815794,0.025196191946106807,0.27645503691287177,0.040680143793433765,18.50722687711287,61.67331938166568,0.5766240444455832,False,,False,completed_normally,2001,20.0,0,
traj_00305,gradual_approach_v3,20260823,49.89141600355164,1545.7045500545325,0.04916441073373399,0.36277093263787397,0.015363878354291873,0.04916441073381418,-0.06729336017743542,49.89141600355164,97.50192675930155,0.7417326921774663,False,,False,completed_normally,2001,20.0,0,
traj_00306,gradual_approach_v3,20260823,43.27481115003116,941.4920465674653,0.0768761909610548,0.3287256488560736,0.024023809675329626,0.30761535437066795,0.06950389255961176,18.408149960799133,43.27481115003116,0.5869087544899034,True,11.58,False,completed_normally,2001,20.0,0,
traj_00307,gradual_approach_v3,20260823,72.18479854478689,1492.5847160414003,0.004496617791995609,0.603138342031107,0.001405193059998628,0.004496617792107089,-0.0692417186801354,72.18479854478689,94.09300543112262,0.7869645686387332,False,,True,validity_envelope_gamma_exceeded,826,8.25,0,
traj_00308,normal,20260823,56.04067611577054,629.7542637669817,0.03151506176548656,0.4123246567323018,0.00984845680171455,0.03221211389342184,0.031145362418233784,55.574235903396946,56.30105607973857,0.00717806779543458,False,,False,completed_normally,2001,20.0,0,
traj_00309,gradual_approach_v3,20260823,58.084638187777664,1683.9671079322113,0.026831587593826752,0.4319550304967565,0.008384871123070861,0.15540363863026443,0.026831587593826752,22.967342822230837,58.084638187779966,0.6537435560747458,False,,False,completed_normally,2001,20.0,0,
traj_00310,gradual_approach_v3,20260823,32.77614669737013,1844.224570736701,0.15662644421168062,0.33873044703937794,0.0489457638161502,0.15662644421168062,-0.0056286832653029695,32.7761466973611,58.765676757802346,0.5306327810891238,False,,False,completed_normally,2001,20.0,0,
traj_00311,gradual_approach_v3,20260823,57.966702188794194,1676.0196387551996,0.02708863566477949,0.43078290172973793,0.008465198645243591,0.027088635664905783,-0.07771158825127988,57.966702188794194,111.40008863067655,0.7769984223639238,False,,False,completed_normally,2001,20.0,0,
traj_00312,gradual_approach_v3,20260823,55.81061126967243,1642.7617744097554,0.03207413445227701,0.41020779443780075,0.010023167016336567,0.03207413445235556,-0.06389695718753907,55.81061126967243,104.76306285542485,0.7362265235512958,False,,False,completed_normally,2001,20.0,0,
traj_00313,gradual_approach_v3,20260823,35.96038042859308,1554.3776759978487,0.12570820479452796,0.3243257737303374,0.039283813998289986,0.3565801285346575,0.08214079870345213,21.75161549665277,49.461677836209994,0.39037099986824275,True,6.3500000000000005,False,completed_normally,2001,20.0,0,
traj_00314,gradual_approach_v3,20260823,45.39749895945345,696.3949719022687,0.06670477252547391,0.3371032846961678,0.020845241414210597,0.31200081730338625,0.06567342644127172,16.351091754384218,45.39749895945786,0.6681007701199717,True,11.91,False,completed_normally,2001,20.0,0,
traj_00315,gradual_approach_v3,20260823,53.347094778989344,945.8925292506154,0.03851265759402074,0.38877225676606425,0.012035205498131482,0.0385126575940494,-0.05691870402561483,53.347094778989344,98.47450626274484,0.680818731596584,False,,False,completed_normally,2001,20.0,0,
traj_00316,normal,20260823,44.13775080041127,1016.2076247950025,0.07257142030763877,0.3318110624819351,0.02267856884613712,0.11742646875125767,0.05976485482344447,34.5550267118656,49.46206266871469,0.21180106719701242,False,,False,completed_normally,2001,20.0,0,
traj_00317,gradual_approach_v3,20260823,73.21457581135832,1111.5994660670945,0.003345995628604188,0.6178539838075278,0.0010456236339388086,0.003345995628604188,-0.07261173238930219,73.21457581133382,94.87193272145564,0.7863773821804056,False,,True,validity_envelope_gamma_exceeded,1181,11.8,0,
traj_00318,gradual_approach_v3,20260823,67.51590587325234,1576.6036307843383,0.01038354520314419,0.5400258278936506,0.0032448578759825594,0.01038354520314419,-0.08862223463287489,67.51590587323045,83.22887809072645,0.785631157642616,False,,True,validity_envelope_gamma_exceeded,1139,11.38,0,
traj_00319,gradual_approach_v3,20260823,39.04243319682007,726.0599429213147,0.10203047277950247,0.32085081526652304,0.031884522743594525,0.10203047277950247,-0.032990447868624484,39.042433196812986,67.61211691068505,0.5233589072628697,False,,False,completed_normally,2001,20.0,0,
traj_00320,normal,20260823,59.46940335367791,1359.4153769596828,0.023925217132274496,0.4460687167179721,0.00747663035383578,0.02403229068569083,0.023573063771388847,59.378235140678136,59.74796798199285,0.00457914968935448,False,,False,completed_normally,2001,20.0,0,
traj_00321,gradual_approach_v3,20260823,74.13454042577654,1094.9970368709414,0.002357990176917175,0.631237489938743,0.0007368719302866171,0.12538283912572015,0.0023579901767460335,24.624688196499292,74.13454042577654,0.7836396745839705,False,,False,completed_normally,2001,20.0,0,
traj_00322,gradual_approach_v3,20260823,61.648109972506404,839.4809118048124,0.019737493990077074,0.46954610707901295,0.006167966871899086,0.14533233674409882,0.019737493989991507,23.578715519599815,61.648109972506404,0.690068041707607,False,,False,completed_normally,2001,20.0,0,
traj_00323,stall,20260823,39.691416443831805,738.7238684133265,0.09767952177012185,0.3211952345938321,0.030524850553163077,0.8101096106766676,0.08457652921195379,36.83487635362834,43.811187653078164,0.19540072232727954,True,4.49,False,completed_normally,2001,20.0,0,
traj_00324,gradual_approach_v3,20260823,56.08052461254235,632.2918659374769,0.03141891384318876,0.41269325067954116,0.009818410575996488,0.03141891384320036,-0.07598816926779306,56.08052461254235,76.01103437008436,0.7869901877334934,False,,True,validity_envelope_gamma_exceeded,687,6.86,0,
traj_00325,stall,20260823,46.55877703843498,930.8144452607181,0.06169795616074042,0.3427615379714594,0.01928061130023138,0.0616979561608162,-0.2834892782392504,46.55877703843498,49.14047246715063,0.7910667100922484,True,3.0300000000000002,True,validity_envelope_gamma_exceeded,325,3.24,0,
traj_00326,gradual_approach_v3,20260823,33.05772568906972,964.446568054738,0.15357458363406745,0.33692738303136066,0.047992057385646075,0.38265453968318486,0.11617072367174014,21.858674116177024,41.73853528071456,0.3345728134460312,True,7.79,False,completed_normally,2001,20.0,0,
traj_00327,gradual_approach_v3,20260823,32.476639728517085,1366.611149157249,0.15994899993750805,0.34077439312905217,0.04998406248047126,0.5214226741787878,0.12159205804856771,23.374297401133507,41.061603001914904,0.2804218677869921,True,4.2700000000000005,False,completed_normally,2001,20.0,0,
traj_00328,gradual_approach_v3,20260823,60.96109997133491,1830.6902757866922,0.02101030712910749,0.4619787680094437,0.006565720977846091,0.02101030712910749,-0.0824884186553172,60.96109997130222,78.15253547454223,0.787159669638257,False,,True,validity_envelope_gamma_exceeded,1130,11.290000000000001,0,
traj_00329,gradual_approach_v3,20260823,51.37153730992001,1371.4904329264218,0.04434456357746685,0.3732951805542852,0.013857676117958389,0.1807252629319699,0.037831248223753944,21.92696874910214,51.81195094170687,0.5633802609004345,False,,False,completed_normally,2001,20.0,0,
traj_00330,gradual_approach_v3,20260823,65.33004356763502,1290.1320423198663,0.01357823285164261,0.5125794722110167,0.004243197766138316,0.09682421893118745,0.013578232851580902,29.985462025060997,65.33004356763502,0.5804226055752304,False,,False,completed_normally,2001,20.0,0,
traj_00331,gradual_approach_v3,20260823,62.442510665011625,937.1620487600034,0.018317103092536056,0.47848098685494556,0.005724094716417517,0.1820787995244514,0.018317103092446548,20.02909796653543,62.442510665011625,0.7794213730781865,False,,False,completed_normally,2001,20.0,0,
traj_00332,gradual_approach_v3,20260823,33.69996352928054,1347.4066999460745,0.1468623787370911,0.33322736016939447,0.045894493355340966,0.4051281720814559,0.1126290010792735,23.734554664989794,41.96109688422157,0.2872867586227258,True,8.47,False,completed_normally,2001,20.0,0,
traj_00333,gradual_approach_v3,20260823,74.26758568021147,1866.9457248041992,0.0022181077429986743,0.6331913994770352,0.0006931586696870858,0.002218107743051158,-0.0740356128735743,74.26758568021147,132.4658392734946,0.7659310884288729,False,,False,completed_normally,2001,20.0,0,
traj_00334,gradual_approach_v3,20260823,34.70450589429027,826.858160858133,0.13701160998196185,0.32851990519297253,0.04281612811936308,0.1370116099820006,-0.026194456527238397,29.929903558866922,62.99688283355907,0.672467385261419,False,,False,completed_normally,2001,20.0,0,
traj_00335,gradual_approach_v3,20260823,73.37390825323047,904.1627324730651,0.0031722394369188027,0.6201559740689829,0.0009913248240371259,0.12016313999367723,0.0031722394368265097,50.11849679231476,73.37390825323047,0.786898683312143,False,,True,validity_envelope_gamma_exceeded,1047,10.46,0,
traj_00336,gradual_approach_v3,20260823,35.514832986825844,1458.1076465121723,0.12959679090832502,0.3256104506443561,0.040498997158851566,0.12959679090847262,-0.0023173300997751944,35.514832986825844,59.387618913145275,0.5391062590089988,False,,False,completed_normally,2001,20.0,0,
traj_00337,stall,20260823,63.90572441207529,924.7525339083879,0.015836468163656553,0.49544648277680864,0.004948896301142673,0.015836468163656553,-0.3491052382742371,63.87492157189134,64.68542254333865,0.7885522326075386,True,5.71,True,validity_envelope_gamma_exceeded,618,6.17,0,
traj_00338,gradual_approach_v3,20260823,58.701066651006805,1809.4761139336972,0.02551278426164402,0.4381583499990438,0.007972745081763757,0.02551278426164402,-0.06178024054212805,58.70106665100379,102.56560370830042,0.629360809493502,False,,False,completed_normally,2001,20.0,0,
traj_00339,gradual_approach_v3,20260823,55.25566819876925,1098.9586513690733,0.033451030014170574,0.40518096276439725,0.010453446879428304,0.033451030014170574,-0.0812209408450647,55.25566819876017,73.67312364225128,0.7868359160129836,False,,True,validity_envelope_gamma_exceeded,1033,10.32,0,
traj_00340,gradual_approach_v3,20260823,41.43617382912069,1529.4208908572487,0.08691498853257879,0.32373574910699593,0.02716093391643087,0.22791717021607694,0.06185411756976439,21.6585753057334,50.051556201070206,0.47278247144221536,False,,False,completed_normally,2001,20.0,0,
traj_00341,normal,20260823,39.65610253781411,1895.311954472529,0.09791118505443647,0.32116775472082926,0.030597245329511396,0.1043954882032912,0.042860180287308314,37.314813998899595,47.82888489628212,0.222421935350366,False,,False,completed_normally,2001,20.0,0,
traj_00342,gradual_approach_v3,20260823,63.949683806337056,1368.326493199025,0.015764534200203444,0.49596622369573623,0.0049264169375635766,0.015764534200203444,-0.07074996992648963,63.94968380633666,85.55621858036578,0.7866897850166522,False,,True,validity_envelope_gamma_exceeded,736,7.3500000000000005,0,
traj_00343,stall,20260823,68.2718467039929,1025.1691917685007,0.00934872084480974,0.5498351891436142,0.002921475264003044,0.009348720844818926,-0.35043786397116217,68.2718467039929,69.41982638013373,0.7909722201020312,True,4.45,True,validity_envelope_gamma_exceeded,488,4.87,0,
traj_00344,normal,20260823,57.141952772614225,1035.292314817168,0.028930225690144067,0.42271971446527135,0.009040695528170021,0.028930225690144067,0.01284279172666172,57.14195277261357,60.171550257599,0.052353161827687955,False,,False,completed_normally,2001,20.0,0,
traj_00345,gradual_approach_v3,20260823,71.14638977683862,1569.037515149835,0.005707342891692292,0.5885862945408187,0.0017835446536538413,0.005707342891876886,-0.08272943750590211,71.14638977683862,82.57597533139788,0.785736083579801,False,,True,validity_envelope_gamma_exceeded,991,9.9,0,
traj_00346,gradual_approach_v3,20260823,41.23923124885903,994.5005187364383,0.08806616225419298,0.32333711183692815,0.027520675704435307,0.2411516964527443,0.08218887959315052,22.07745925633058,41.732644082959794,0.4585766915763208,False,,False,completed_normally,2001,20.0,0,
traj_00347,stall,20260823,58.35260606774759,1390.355369262412,0.026253231491137934,0.4346358815719578,0.008204134840980605,0.02625323149119831,-0.3757989187991402,58.35260606774759,59.91648340369196,0.7855149389694249,True,2.7800000000000002,True,validity_envelope_gamma_exceeded,326,3.25,0,
traj_00348,gradual_approach_v3,20260823,70.44295557681522,1119.0475396069469,0.006557796303730585,0.5788939409280563,0.002049311344915808,0.006557796303922928,-0.054471604068164314,70.44295557681522,118.67796405929649,0.6675770949511743,False,,False,completed_normally,2001,20.0,0,
traj_00349,gradual_approach_v3,20260823,31.60402679418878,1479.1818472451962,0.1701065619907763,0.3475088498708473,0.0531583006221176,0.17010656199089658,0.01995817661987917,31.60402679418878,50.75139313096107,0.5164489418720922,False,,False,completed_normally,2001,20.0,0,
traj_00350,gradual_approach_v3,20260823,69.51613227735496,905.4395585749257,0.0077175798934704136,0.5663297768311373,0.0024117437167095043,0.0077175798934704136,-0.08020307329800691,69.51613227731906,88.83883382489621,0.7876957783769708,False,,True,validity_envelope_gamma_exceeded,1155,11.540000000000001,0,
traj_00351,gradual_approach_v3,20260823,45.34344351704589,919.85904261347,0.06694689849575669,0.3368577270031898,0.020920905779923966,0.19333074086181384,0.06694689849575669,24.340692061020526,45.34344351705208,0.44673006461028153,False,,False,completed_normally,2001,20.0,0,
traj_00352,normal,20260823,73.20779554666458,1913.4142500052533,0.003353414623734815,0.6177561731870531,0.0010479420699171297,0.021757433015150422,-0.0302608896850452,68.91901643292051,84.80344667132614,0.22290221436378993,False,,False,completed_normally,2001,20.0,0,
traj_00353,gradual_approach_v3,20260823,51.74573864224597,1657.912690261942,0.043189557655079217,0.37610417890901066,0.013496736767212254,0.24625917181751422,0.02505833396460344,16.956998440718014,58.9703278147043,0.6958899235898052,False,,False,completed_normally,2001,20.0,0,
traj_00354,gradual_approach_v3,20260823,51.41925465556508,1761.0067480374257,0.04419590738539754,0.3736501144271177,0.01381122105793673,0.28569007451654976,0.025653676633503375,15.229638767842102,57.84847841473327,0.7436637099233196,True,12.61,False,completed_normally,2001,20.0,0,
traj_00355,stall,20260823,63.0299118096181,1907.0774509299063,0.01730075132555423,0.48521326448867375,0.005406484789235696,1.052448059309604,-0.6569052419437426,39.69097546818636,63.029911809642286,0.788449338443778,True,5.59,True,validity_envelope_gamma_exceeded,1324,13.23,0,
traj_00356,gradual_approach_v3,20260823,37.63789564117167,1285.1216481810345,0.11216557848120448,0.32132976536754115,0.035051743275376405,0.11216557848120762,-0.006601835064007355,37.63789564117167,62.343443030213564,0.42690933214857224,False,,False,completed_normally,2001,20.0,0,
traj_00357,gradual_approach_v3,20260823,66.94190012021434,1709.3257438926275,0.011192583245086915,0.5326854484457405,0.003497682264089661,0.011192583245086915,-0.06828226996092657,66.94190012021326,87.32224564898864,0.7857942204115865,False,,True,validity_envelope_gamma_exceeded,790,7.890000000000001,0,
traj_00358,gradual_approach_v3,20260823,59.69369222654375,1119.5187081558374,0.0234731369304131,0.4484147060345963,0.0073353552907540935,0.02347313693041383,-0.08196627893487801,59.69369222654375,114.44344635232709,0.7441600433524147,False,,False,completed_normally,2001,20.0,0,
traj_00359,gradual_approach_v3,20260823,67.45290866294168,957.4679362025774,0.010471340331382927,0.5392156425250121,0.003272293853557165,0.010471340331382927,-0.07541653269231524,67.45290866293726,86.4087812259059,0.7868921854716082,False,,True,validity_envelope_gamma_exceeded,929,9.28,0,
traj_00360,gradual_approach_v3,20260823,54.180832399533465,1655.8118444789893,0.03623695141352677,0.395769659259194,0.011324047316727115,0.03623695141352677,-0.04314342948836403,54.180832399533465,94.55827191428394,0.6023634672258162,False,,False,completed_normally,2001,20.0,0,
traj_00361,gradual_approach_v3,20260823,32.29168191966363,1683.0114390476342,0.16204137563510945,0.3421032560290217,0.050637929885971704,0.16204137563510945,0.0037030586785900543,32.2916819196585,52.22751092192313,0.48496870921977425,False,,False,completed_normally,2001,20.0,0,
traj_00362,gradual_approach_v3,20260823,54.374548187425795,830.0809069907834,0.03572284694950509,0.397433715636235,0.01116338967172034,0.03572284694950509,-0.06758016469124173,54.374548187421226,76.4219226069761,0.7855230627127224,False,,True,validity_envelope_gamma_exceeded,896,8.950000000000001,0,
traj_00363,gradual_approach_v3,20260823,45.20441259494685,1218.1485563532015,0.06757349121776124,0.3362336106210718,0.021116716005550387,0.2281327204188428,0.06757349121776124,22.190812973812747,45.204412594974045,0.48213354478892473,False,,False,completed_normally,2001,20.0,0,
traj_00364,normal,20260823,56.888029429346446,1639.5826105673832,0.029513141264951376,0.42028484079923845,0.009222856645297305,0.0696599971212141,0.02951314126489772,46.1711447898947,56.888029429346446,0.19039185495504896,False,,False,completed_normally,2001,20.0,0,
traj_00365,normal,20260823,59.92894670911315,900.911250200773,0.023004320576287447,0.4508931073093136,0.007188850180089827,0.023120069855244132,0.02279640866004142,59.833309826983964,60.0962092225363,0.002171846250027741,False,,False,completed_normally,2001,20.0,0,
traj_00366,gradual_approach_v3,20260823,60.23980485312755,516.2311110812841,0.022393126969600118,0.4541956455669188,0.006997852178000037,0.14839137401636526,0.022393126969600118,35.979649593929686,60.23980485312886,0.7863026564734482,False,,True,validity_envelope_gamma_exceeded,793,7.92,0,
traj_00367,stall,20260823,52.0128685963633,921.2845262229017,0.042379907767291246,0.3781450523710262,0.013243721177278515,0.043275090887518554,0.04174717326842734,51.521036204645476,52.37685956136859,0.007987939586428896,False,,False,completed_normally,2001,20.0,0,
traj_00368,gradual_approach_v3,20260823,66.36725837376711,800.396475758243,0.012023399294116024,0.5254313052415317,0.0037573122794112577,0.11796797548337934,0.012023399294037278,39.97017806470103,66.36725837376711,0.7854954188298544,False,,True,validity_envelope_gamma_exceeded,1156,11.55,0,
traj_00369,normal,20260823,62.050219707830145,1370.6382190616414,0.01901179116847074,0.47404419840758083,0.005941184740147107,0.019845489263744902,0.018999874140304414,61.32514454889178,62.07368435028023,0.010537295209130838,False,,False,completed_normally,2001,20.0,0,
traj_00370,gradual_approach_v3,20260823,36.69311956532218,646.1049224098997,0.11958674546470127,0.3226712720181515,0.03737085795771915,0.5148499406540901,0.07022505084514603,19.382539408293443,53.78945683983279,0.47926419686283867,True,3.5,False,completed_normally,2001,20.0,0,
traj_00371,normal,20260823,32.01099491947838,1486.3339075861354,0.16527783143267763,0.34421972943478446,0.05164932232271176,0.16648246541600736,0.16438955803050967,31.80337342222686,32.15403065098578,0.007093899729364452,False,,False,completed_normally,2001,20.0,0,
traj_00372,gradual_approach_v3,20260823,45.55213468874682,973.5431318462226,0.0660167022732531,0.3378146599331312,0.020630219460391595,0.0660167022732531,-0.06211853949018592,45.55213468872763,68.7954049439778,0.7860789640454197,False,,True,validity_envelope_gamma_exceeded,1093,10.92,0,
traj_00373,normal,20260823,47.70030579816779,1771.571812348861,0.057116930851173406,0.34900869665823436,0.017849040890991687,0.05775932816610441,0.01293165260961146,47.29561484601367,64.4703951368586,0.24796365057946754,False,,False,completed_normally,2001,20.0,0,
traj_00374,normal,20260823,62.23373081104254,1630.2267910517824,0.018685206385296905,0.4761137552784741,0.0058391269954052825,0.018895457725053515,0.01828494979076133,62.04745589102218,62.59203888475554,0.004070970881839824,False,,False,completed_normally,2001,20.0,0,
traj_00375,normal,20260823,30.33882772772969,1626.9193490425253,0.18626159794321565,0.3595243252486327,0.058206749357254894,0.22249786521164552,0.1554987975624233,28.602411827013167,33.59987704438633,0.11588734799051964,False,,False,completed_normally,2001,20.0,0,
traj_00376,gradual_approach_v3,20260823,42.49926128290012,921.2852697677839,0.08096006735480998,0.3263489833423495,0.02530002104837812,0.0809600673549244,-0.02864856106171132,42.49926128290012,74.35650650086332,0.5322352343866034,False,,False,completed_normally,2001,20.0,0,
traj_00377,normal,20260823,30.91715089237992,1340.084389094338,0.17864849396109278,0.35368217557772713,0.05582765436284149,0.19733956350636722,0.13457742953823026,28.186685149039466,34.244441598552726,0.09842182033988695,False,,False,completed_normally,2001,20.0,0,
traj_00378,normal,20260823,71.3623840751767,1791.6408893171754,0.005451189160767278,0.5915892964054229,0.0017034966127397744,0.005451189160767278,-0.01777443918972549,71.3623840751648,83.32100395683909,0.1601692347320403,False,,False,completed_normally,2001,20.0,0,
traj_00379,normal,20260823,58.90863436300006,1775.809435996517,0.025077860179450625,0.4402759720169012,0.00783683130607832,0.025470522226751353,0.024376945612927952,58.5910754525364,59.45019796727982,0.011151848858559072,False,,False,completed_normally,2001,20.0,0,
traj_00380,normal,20260823,72.85176002751071,1125.604657296164,0.003745877662676894,0.6126371720812895,0.0011705867695865294,0.035178577402621175,0.0037458776625493126,50.70300303691101,72.85176002751071,0.27792385459103397,False,,False,completed_normally,2001,20.0,0,
traj_00381,gradual_approach_v3,20260823,37.74920526491944,772.5701493285123,0.1113244289733212,0.32122757417780956,0.034788884054162875,0.3295258183930398,0.08313052020094291,20.9457357699709,45.70351723724146,0.44322208255582995,True,9.78,False,completed_normally,2001,20.0,0,
traj_00382,gradual_approach_v3,20260823,54.21945220668944,1742.251798047133,0.03613402624372654,0.39610027114200125,0.011291883201164542,0.1498191092568474,0.025123428323204355,24.196983383727886,59.03983532956351,0.5551936233906398,False,,False,completed_normally,2001,20.0,0,
traj_00383,gradual_approach_v3,20260823,69.92428068761919,1840.1410228177008,0.007201215624577723,0.5718336681689171,0.0022503798826805387,0.11481870624899515,0.007201215624488334,47.01991650098793,69.92428068761919,0.7858198872285415,False,,True,validity_envelope_gamma_exceeded,1028,10.27,0,
traj_00384,gradual_approach_v3,20260823,33.73371244029447,1852.2112373001567,0.14651889276978006,0.33304829079498016,0.04578715399055627,0.444192763411297,0.11050642311813288,23.728727228747356,42.56486369209311,0.2887527606631281,True,8.36,False,completed_normally,2001,20.0,0,
traj_00385,gradual_approach_v3,20260823,62.98857502737185,1746.5416598979155,0.017371357207964927,0.48473603636601553,0.00542854912748904,0.1435539402338888,0.01737135720789712,23.61252055988509,62.98857502737185,0.688580823938225,False,,False,completed_normally,2001,20.0,0,
traj_00386,gradual_approach_v3,20260823,66.52134841570374,1383.157746628897,0.011798525719332792,0.527367190484946,0.0036870392872914975,0.17718119701296717,0.011798525719189459,20.064959780679235,66.52134841570374,0.7782214037279179,False,,False,completed_normally,2001,20.0,0,
traj_00387,gradual_approach_v3,20260823,60.627031926934755,924.7527654913398,0.021644709893121127,0.45835324748707257,0.0067639718416003525,0.021644709893275316,-0.08026780033313508,60.627031926934755,80.38130026717079,0.7861509208070662,False,,True,validity_envelope_gamma_exceeded,1019,10.18,0,
traj_00388,gradual_approach_v3,20260823,68.76655672043198,1505.8635735160917,0.008689704102023493,0.5563416028700439,0.0027155325318823417,0.008689704102213413,-0.07824955119922727,68.76655672043198,87.09437117931388,0.7855897322051765,False,,True,validity_envelope_gamma_exceeded,1100,10.99,0,
traj_00389,gradual_approach_v3,20260823,39.449594785654085,714.8357975949627,0.09927749137670341,0.3210269934102424,0.03102421605521982,0.09927749137670341,-0.026138601979674214,39.44959478565323,70.28298172890011,0.539649231643651,False,,False,completed_normally,2001,20.0,0,
traj_00390,stall,20260823,30.73042218892552,995.9869342826624,0.18106212749998876,0.3555019506622424,0.056581914843746486,1.3298154717622692,0.061540109378148015,30.585528256738588,59.88428540755329,0.7525405674520113,True,4.16,False,completed_normally,2001,20.0,0,
traj_00391,gradual_approach_v3,20260823,51.44286640323416,1404.6729242966878,0.04412249802824421,0.37382609883659534,0.013788280633826314,0.19588220142708918,0.028452297660063408,20.26859516105475,57.92849194028085,0.6055138460030545,False,,False,completed_normally,2001,20.0,0,
traj_00392,normal,20260823,47.20977857088568,655.1244947141203,0.05904604827574972,0.34624348994236004,0.018451890086171787,0.05904604827582537,0.0015691473758051577,47.20977857088568,64.75065736261227,0.27064586297810483,False,,False,completed_normally,2001,20.0,0,
traj_00393,stall,20260823,40.98237932030484,845.9288968236033,0.08959105095632172,0.322858723531077,0.02799720342385054,1.200224478846365,0.06374325026608879,39.24658372674612,46.098802967544955,0.37569985099260933,True,6.11,False,completed_normally,2001,20.0,0,
traj_00394,gradual_approach_v3,20260823,30.513894655645537,1040.2359213770403,0.18391339279833072,0.35769104804505475,0.057472935249478344,0.5283361602731862,0.1537529800303089,24.909512437626482,35.97657470969219,0.19335706464183994,True,4.3100000000000005,False,completed_normally,2001,20.0,0,
traj_00395,gradual_approach_v3,20260823,32.343574302843074,1055.933707552714,0.16145114914924125,0.34172521299457287,0.050453484109137886,0.48111054217610183,0.12123822100773587,22.593774099317404,41.352124202766966,0.2953212317674902,True,4.95,False,completed_normally,2001,20.0,0,
traj_00396,stall,20260823,59.72656798990871,727.7220930864802,0.023407293539865433,0.4487599634740592,0.007314779231207947,0.023410965559924855,-0.4077071267326663,59.55440302263974,60.74836230301417,0.7869188900135436,True,6.640000000000001,True,validity_envelope_gamma_exceeded,720,7.19,0,
traj_00397,gradual_approach_v3,20260823,38.908097048323974,739.3436273396348,0.10295635492030192,0.3208227498239389,0.03217386091259435,0.10295635492030192,-0.0070276412906399854,38.90809704832368,62.86749626171919,0.47885360485983286,False,,False,completed_normally,2001,20.0,0,
traj_00398,gradual_approach_v3,20260823,36.641688103557456,1236.5484943604956,0.12000567795714065,0.32276940353585143,0.03750177436160645,0.42449494065435667,0.07555576332384656,21.323246997289345,51.31754399257596,0.4139118468390121,True,6.890000000000001,False,completed_normally,2001,20.0,0,
traj_00399,gradual_approach_v3,20260823,48.54544467290052,1787.0045546032638,0.053925357726939835,0.3540494274010915,0.016851674289668696,0.19237184279851427,0.03674712419449527,22.707010046505513,55.94913211260677,0.5206322400293676,False,,False,completed_normally,2001,20.0,0,
traj_00400,gradual_approach_v3,20260823,39.47858495543686,1560.6480118860202,0.0990844833253818,0.3210446888231455,0.030963901039181813,0.09908448332546259,-0.04543971688410986,39.47858495543686,69.44654560448197,0.5728740363602167,False,,False,completed_normally,2001,20.0,0,
traj_00401,normal,20260823,41.39795994939895,1156.051765327119,0.08713714716525958,0.3236562590218162,0.027230358489143618,0.09311539396639473,0.03845779477218636,38.96653822713931,50.54208192117138,0.18230498446877208,False,,False,completed_normally,2001,20.0,0,
traj_00402,gradual_approach_v3,20260823,44.737482254332335,982.2542526436112,0.0697191279531755,0.3342171103131275,0.021787227485367346,0.06971912795322312,-0.049056749635052854,44.737482254332335,81.65466981234889,0.6009221093470358,False,,False,completed_normally,2001,20.0,0,
traj_00403,gradual_approach_v3,20260823,58.34106798766696,1426.5224323106718,0.026277972599064874,0.43451994825459367,0.008211866437207773,0.026277972599169107,-0.060613791833909886,58.34106798766696,107.79419567251648,0.6892996501404908,False,,False,completed_normally,2001,20.0,0,
traj_00404,gradual_approach_v3,20260823,63.443367548336525,1718.7672004318013,0.01660202483044176,0.4900152183197153,0.00518813275951305,0.016602024830479407,-0.07299755073136982,63.443367548336525,83.22929291834427,0.7864788469326085,False,,True,validity_envelope_gamma_exceeded,1149,11.48,0,
traj_00405,gradual_approach_v3,20260823,43.98080075653715,1141.2755246963397,0.073336377920932,0.33121634792484583,0.02291761810029125,0.21811464139874664,0.04714501225969708,22.45419314665964,55.105925569247965,0.48121228950583,False,,False,completed_normally,2001,20.0,0,
traj_00406,gradual_approach_v3,20260823,72.58990865082129,535.5158638737795,0.004038177820601523,0.608893782282432,0.0012619305689379758,0.1046678249927695,0.004038177820601523,51.13508786669207,72.58990865084013,0.7864320116534954,False,,True,validity_envelope_gamma_exceeded,1090,10.89,0,
traj_00407,gradual_approach_v3,20260823,72.94566178815356,1938.947417135627,0.0036418155273293534,0.613984011569284,0.001138067352290423,0.0036418155273796483,-0.07214927415942962,72.94566178815356,92.40965193495381,0.7865945677855412,False,,True,validity_envelope_gamma_exceeded,691,6.9,0,
traj_00408,normal,20260823,40.4112440523202,776.060578232933,0.09308010628226954,0.32196738523136237,0.02908753321320923,0.11361961455349257,0.055926314905688376,38.01370418049627,43.088537805005984,0.09508319351874575,False,,False,completed_normally,2001,20.0,0,
traj_00409,gradual_approach_v3,20260823,40.31445633912863,1134.005114605582,0.0936851815836651,0.32184041050115386,0.029276619244895344,0.0936851815836651,-0.04582833070999576,40.314456339119054,71.18520043416125,0.562933635488891,False,,False,completed_normally,2001,20.0,0,
traj_00410,gradual_approach_v3,20260823,73.91614309475075,615.9190118942954,0.0025892354877755167,0.628040145438573,0.000809136089929849,0.002589235487916991,-0.06819609910843139,73.91614309475075,96.29623886311559,0.7869353711135978,False,,True,validity_envelope_gamma_exceeded,1225,12.24,0,
traj_00411,gradual_approach_v3,20260823,71.90563146689973,770.7556836341304,0.004817011096748124,0.5991976957645028,0.0015053159677337886,0.0830741066277073,0.004817011096603554,31.72564120367488,71.90563146689973,0.6218645354052116,False,,False,completed_normally,2001,20.0,0,
traj_00412,gradual_approach_v3,20260823,33.090573484763325,1771.8997098749312,0.1532229924147919,0.3367243726818937,0.04788218512962247,0.47114052498498343,0.11194089974293782,22.42052604467004,43.00115571638841,0.3159870467595457,True,5.62,False,completed_normally,2001,20.0,0,
traj_00413,gradual_approach_v3,20260823,38.28969567245666,1260.6915948033466,0.10733491461070599,0.32089166561685656,0.03354216081584562,0.48882529902181315,0.07674749905139816,19.152044666559174,47.14851572385155,0.5055039633670719,True,11.07,False,completed_normally,2001,20.0,0,
traj_00414,gradual_approach_v3,20260823,52.21011482900554,1865.992823858722,0.041789856907106515,0.37967086265321004,0.013059330283470786,0.04178985690726598,-0.04547491277134996,52.21011482900554,92.89344122013907,0.6267560268174835,False,,False,completed_normally,2001,20.0,0,
traj_00415,gradual_approach_v3,20260823,32.85044236191891,1146.723831466814,0.15581453945617052,0.3382436871326289,0.04869204358005329,0.4836203182119111,0.11782188258184004,23.28318689159639,41.59834617021626,0.2819517089968333,True,7.04,False,completed_normally,2001,20.0,0,
traj_00416,gradual_approach_v3,20260823,33.005052111786014,1565.5650711889666,0.15414029654776348,0.3372560945107611,0.04816884267117609,0.4448068379996596,0.11869871887413465,24.092275274981542,41.132087380794545,0.2609462538059783,True,7.3,False,completed_normally,2001,20.0,0,
traj_00417,gradual_approach_v3,20260823,71.82875076861802,987.7045072645973,0.00490589555239113,0.598116134349238,0.0015330923601222283,0.10210714339993632,0.00490589555239113,51.078693809317265,71.82875076861802,0.7856718021986328,False,,True,validity_envelope_gamma_exceeded,673,6.72,0,
traj_00418,gradual_approach_v3,20260823,52.60384175359171,644.1970015966766,0.04063141255457105,0.38276394490871674,0.012697316423303451,0.04063141255457105,-0.05106515582451032,52.60384175358123,93.95815602007433,0.6387972670825679,False,,False,completed_normally,2001,20.0,0,
traj_00419,normal,20260823,47.19756969936368,1286.8681679433396,0.05909480703384744,0.34617620162145835,0.018467127198077325,0.059499258120876516,0.05879164729201399,47.023536448963156,47.33415497121502,0.0034546788297611865,False,,False,completed_normally,2001,20.0,0,
traj_00420,gradual_approach_v3,20260823,63.39379367620296,1326.503731785782,0.016685091221050965,0.4894367156545656,0.005214091006578427,0.016685091221050965,-0.08658153552255643,63.39379367620105,82.6723905411823,0.7859251203108464,False,,True,validity_envelope_gamma_exceeded,768,7.67,0,
traj_00421,gradual_approach_v3,20260823,59.3878610328886,1571.9025754056222,0.024090827748993647,0.44521991401811567,0.007528383671560514,0.024090827749049522,-0.08130267336238339,59.3878610328886,79.171190588357,0.7861906691467048,False,,True,validity_envelope_gamma_exceeded,794,7.930000000000001,0,
traj_00422,gradual_approach_v3,20260823,45.269479759607535,956.4150389783773,0.0672795512891971,0.3365243598182352,0.021024859777874095,0.0672795512891971,-0.055549515453527265,45.269479759600515,84.1603625037374,0.6572409330094525,False,,False,completed_normally,2001,20.0,0,
traj_00423,gradual_approach_v3,20260823,45.80022871488795,1699.9941740115391,0.06492677247681919,0.33898334131903707,0.020289616399006,0.06492677247681919,-0.062353371733653296,45.80022871488744,90.78082426042474,0.7275703691352299,False,,False,completed_normally,2001,20.0,0,
traj_00424,gradual_approach_v3,20260823,44.10868355784348,1934.3984775209278,0.07271250140174873,0.33169981388871134,0.022722656688046478,0.07271250140174873,-0.05509604198451756,44.1086835578351,88.71106299144155,0.7399466178095813,False,,False,completed_normally,2001,20.0,0,
traj_00425,gradual_approach_v3,20260823,49.39664169364383,1402.4548741897645,0.05087053731343945,0.3594683439809931,0.015897042910449827,0.05087053731344491,-0.059038714464687336,49.39664169364383,92.04420972686859,0.6641812847681666,False,,False,completed_normally,2001,20.0,0,
traj_00426,gradual_approach_v3,20260823,70.57991400394786,993.1942825730771,0.006390237771760894,0.5807704982552576,0.0019969493036752794,0.006390237771799409,-0.08421025936439713,70.57991400394786,90.62116043439792,0.786954475658987,False,,True,validity_envelope_gamma_exceeded,954,9.53,0,
traj_00427,gradual_approach_v3,20260823,47.12435598122235,1324.7283748032412,0.05938797195576925,0.3457742688124477,0.01855874123617789,0.27166936078905807,0.041062747984403236,16.313017456879248,52.22176955204817,0.6829054068926543,False,,False,completed_normally,2001,20.0,0,
traj_00428,gradual_approach_v3,20260823,39.937730394264165,1081.9485461993063,0.0960795507808935,0.32141427041052495,0.030024859619029218,0.09607955078099902,-0.028096154742863866,39.937730394264165,69.38767650639711,0.5071315697000045,False,,False,completed_normally,2001,20.0,0,
traj_00429,stall,20260823,59.32408733173369,733.9482321423181,0.024220819981614253,0.44455760054503884,0.007569006244254454,0.024726613285758627,0.0227430498713631,58.90405051829024,60.507648280033635,0.01639046634175112,False,,False,completed_normally,2001,20.0,0,
traj_00430,gradual_approach_v3,20260823,31.042349827897677,933.5817571179964,0.17705283865775617,0.35249663830940975,0.05532901208054881,0.17705283865781682,0.015642994370568264,29.379149011202728,54.212653543880734,0.6447001760930396,False,,False,completed_normally,2001,20.0,0,
traj_00431,gradual_approach_v3,20260823,61.48891499524775,1673.0472481152121,0.02002868882558385,0.46777932178531056,0.0062589652579949535,0.16854406678416486,0.02002868882558385,21.27407612431514,61.488914995260835,0.7427761454906183,False,,False,completed_normally,2001,20.0,0,
traj_00432,gradual_approach_v3,20260823,42.40514729853737,1500.5606093289732,0.08147018828150121,0.32608701051064987,0.025459433837969128,0.08147018828150121,-0.057736587758240976,42.40514729852856,78.29755660182647,0.6549380018944558,False,,False,completed_normally,2001,20.0,0,
traj_00433,gradual_approach_v3,20260823,36.224110635852945,543.6169467137358,0.12346657249749265,0.3236659780374483,0.03858330390546646,0.3265768781054371,0.10262082266090372,21.166471040638033,40.976855204721126,0.4129465261964417,True,11.870000000000001,False,completed_normally,2001,20.0,0,
traj_00434,gradual_approach_v3,20260823,53.25162512400974,1824.0701441459594,0.03877995105524173,0.3879882528502617,0.01211873470476304,0.24419893531317186,0.03877995105524173,16.895932756242274,53.251625124028294,0.7107963687164681,False,,False,completed_normally,2001,20.0,0,
traj_00435,stall,20260823,53.562912292036614,580.3491644231178,0.037913572106317614,0.3905577237154635,0.011847991283224255,0.8097654403233042,0.037897531532427746,21.374108471306247,53.6100556384093,0.747182935728007,True,6.98,False,completed_normally,2001,20.0,0,
traj_00436,gradual_approach_v3,20260823,63.42797080507899,1821.8149779652458,0.016627803147677405,0.4898354661151754,0.005196188483649189,0.12798367759784157,0.016627803147586464,38.759645900221166,63.42797080507899,0.7862167390935284,False,,True,validity_envelope_gamma_exceeded,883,8.82,0,
traj_00437,gradual_approach_v3,20260823,61.125819112076464,1984.3279944326132,0.02070127194190711,0.46377950934989104,0.006469147481845973,0.020701271941955215,-0.07357559477764475,61.125819112076464,109.96413903491852,0.7055721170472721,False,,False,completed_normally,2001,20.0,0,
traj_00438,gradual_approach_v3,20260823,40.62285466850501,1938.1279857878196,0.09177128277043767,0.3222695027565646,0.02867852586576177,0.25803775069608953,0.08576386789813328,20.974173832074644,40.931760066455034,0.4819770694886425,False,,False,completed_normally,2001,20.0,0,
traj_00439,gradual_approach_v3,20260823,30.429246220874166,671.3891716702834,0.18504390182306774,0.35857032023676305,0.05782621931970867,0.18504390182307892,0.03814021801177253,30.429246220859408,48.800278221624964,0.44804090999699675,False,,False,completed_normally,2001,20.0,0,
traj_00440,gradual_approach_v3,20260823,55.30277232217428,908.0335232022832,0.03333257414452055,0.4056032596597636,0.010416429420162672,0.03333257414468474,-0.08030315151670542,55.30277232217428,76.93567934835208,0.7874044032737542,False,,True,validity_envelope_gamma_exceeded,1173,11.72,0,
traj_00441,gradual_approach_v3,20260823,35.09764268202774,838.225154746617,0.13335757040226656,0.32701359071733754,0.0416742407507083,0.13335757040234442,-0.03896362403623732,35.09764268202774,68.84612943289827,0.6484153539959274,False,,False,completed_normally,2001,20.0,0,
traj_00442,gradual_approach_v3,20260823,58.61752061287702,1810.5893272073172,0.02568912723758574,0.43731008422736367,0.008027852261745544,0.15570837839475593,0.0256891272374408,22.862034279972814,58.61752061287702,0.6715641328720253,False,,False,completed_normally,2001,20.0,0,
traj_00443,gradual_approach_v3,20260823,63.43865305634899,801.2151543716037,0.016609916197390915,0.4899601704521818,0.005190598811684662,0.15129477439972616,0.016609916197390915,42.826257004487374,63.438653056351875,0.7871479586906174,False,,True,validity_envelope_gamma_exceeded,800,7.99,0,
traj_00444,gradual_approach_v3,20260823,30.486435630596507,1915.034561750618,0.1842791240902413,0.35797481471139375,0.057587226278200405,0.2761418145501325,0.012892031408605453,18.145538199533632,52.86195564676645,0.6386439712795344,False,,False,completed_normally,2001,20.0,0,
traj_00445,gradual_approach_v3,20260823,37.78937984997033,1724.1883726041378,0.11102249906627465,0.3211934970038755,0.034694530958210824,0.282785922035696,0.07271203467771262,21.91609233521039,50.68102373162691,0.4148089420604724,True,7.63,False,completed_normally,2001,20.0,0,
traj_00446,gradual_approach_v3,20260823,68.56521810812238,639.7768452586696,0.00895620993112553,0.5536853486752109,0.0027988156034767283,0.00895620993112553,-0.08607184489233255,68.5652181081157,87.58266328979047,0.7867146489718757,False,,True,validity_envelope_gamma_exceeded,1168,11.67,0,
traj_00447,gradual_approach_v3,20260823,52.786403962920716,1899.2990511133537,0.0401028605219506,0.3842193636952604,0.012532143913109563,0.1850075651991842,0.0401028605219506,20.953137822781287,52.78640396293159,0.6136430204965678,False,,False,completed_normally,2001,20.0,0,
traj_00448,gradual_approach_v3,20260823,41.99084135112771,1103.1678149021623,0.08375461718846322,0.3250036566110126,0.026173317871394756,0.0837546171885051,-0.03236952548952343,41.99084135112771,76.7011938506728,0.5919398273194652,False,,False,completed_normally,2001,20.0,0,
traj_00449,normal,20260823,74.29410435793281,1859.606554774665,0.0021903152347610907,0.6335814075289975,0.0006844735108628409,0.027993246819155333,-0.01850694995387958,66.66355415148836,80.14986906083564,0.15587794062344326,False,,False,completed_normally,2001,20.0,0,
traj_00450,gradual_approach_v3,20260823,43.263153241600676,866.0075680665568,0.07693603497050538,0.3286870971255376,0.024042510928282933,0.07693603497050538,-0.05054288787163297,43.2631532416003,81.16975483411363,0.6328267177748615,False,,False,completed_normally,2001,20.0,0,
traj_00451,gradual_approach_v3,20260823,44.79754410370703,579.8819588564603,0.06943951580834337,0.3344695537898376,0.021699848690107302,0.06943951580834337,-0.0605101398592538,44.79754410369921,85.14884447144978,0.6799346030439879,False,,False,completed_normally,2001,20.0,0,
traj_00452,gradual_approach_v3,20260823,44.941625139495045,1472.6370431979858,0.0687731442630771,0.3350835302361448,0.021491607582211594,0.2929590898615117,0.06125552360644326,18.592411328628828,44.941625139495045,0.597706179596557,True,11.4,False,completed_normally,2001,20.0,0,
traj_00453,gradual_approach_v3,20260823,50.044967645662176,1299.6956798466713,0.04864492090328557,0.3638182299507601,0.015201537782276741,0.048644920903421346,-0.05924726082525078,50.044967645662176,96.72300014261823,0.7289957095717496,False,,False,completed_normally,2001,20.0,0,
traj_00454,gradual_approach_v3,20260823,70.89482272156557,1483.8599911787037,0.006008610416125846,0.5851046221457077,0.0018776907550393266,0.006008610416125846,-0.07648600681721379,70.89482272156347,90.3643155102986,0.7863494362223239,False,,True,validity_envelope_gamma_exceeded,917,9.16,0,
traj_00455,gradual_approach_v3,20260823,68.48678742280049,738.1177917091728,0.009060656223402842,0.5526536781873065,0.0028314550698133882,0.14266308150674753,0.009060656223221419,23.12650863781433,68.48678742280049,0.7535827537411374,False,,False,completed_normally,2001,20.0,0,
traj_00456,gradual_approach_v3,20260823,42.659219662947,573.1456152151153,0.08010039729453611,0.326807534745854,0.025031374154542534,0.24068247380240887,0.06440518038778836,21.715989940576293,47.08111952424563,0.4860090972427363,False,,False,completed_normally,2001,20.0,0,
traj_00457,gradual_approach_v3,20260823,48.02812902512041,1381.0117680466278,0.055859516942902296,0.3509229486225334,0.017456099044656965,0.055859516942902296,-0.07329733840958963,48.02812902510944,69.42484006438191,0.7863160841963177,False,,True,validity_envelope_gamma_exceeded,1066,10.65,0,
traj_00458,gradual_approach_v3,20260823,32.490418939160016,726.6984022252511,0.15979437391179743,0.340677450686507,0.049935741847436696,0.16830717302974219,0.032578261969583855,28.602245243517174,49.372379928869215,0.4488171482309465,False,,False,completed_normally,2001,20.0,0,
traj_00459,gradual_approach_v3,20260823,40.80624828768602,832.0022106246201,0.0906523883098174,0.3225582294337022,0.028328871346817937,0.09065238830987299,-0.02390213412440695,40.80624828768602,67.84714801239888,0.4796295369432557,False,,False,completed_normally,2001,20.0,0,
traj_00460,gradual_approach_v3,20260823,71.30343696750575,1119.7585644289811,0.005520867564417292,0.5907684960840462,0.0017252711138804038,0.09024821460247523,0.005520867564223928,47.22696707120788,71.30343696750575,0.7863647547305823,False,,True,validity_envelope_gamma_exceeded,1103,11.02,0,
traj_00461,gradual_approach_v3,20260823,45.399771462730975,1042.177948147143,0.06669461172224153,0.3371136434426066,0.020842066163200477,0.06669461172224153,-0.04042418081716592,45.399771462730975,87.22303088056776,0.6784619382444352,False,,False,completed_normally,2001,20.0,0,
traj_00462,gradual_approach_v3,20260823,41.62560230131359,687.0784204059345,0.08582224365947386,0.32414487142386555,0.026819451143585582,0.08582224365962829,-0.056046409427749466,41.62560230131359,73.96673289853402,0.5936470473701692,False,,False,completed_normally,2001,20.0,0,
traj_00463,gradual_approach_v3,20260823,73.12763768652101,1274.4343774835718,0.0034412787017519863,0.6166007544442097,0.0010753995942974956,0.10528326882184391,0.0034412787016057625,50.87157255290967,73.12763768652101,0.7858962124129877,False,,True,validity_envelope_gamma_exceeded,823,8.22,0,
traj_00464,normal,20260823,35.054372590206306,641.6940101603107,0.1337544411887248,0.3271705106995572,0.0417982628714765,0.17539983983555582,0.12187062759239137,31.038999502374143,37.855461448422815,0.11869419286065824,False,,False,completed_normally,2001,20.0,0,
traj_00465,normal,20260823,54.159271037534545,1075.1928648624203,0.036294508320628,0.3955853267869168,0.01134203385019625,0.036294508320648414,0.004386181659860891,54.159271037534545,65.35653940490431,0.18946995847396025,False,,False,completed_normally,2001,20.0,0,
traj_00466,gradual_approach_v3,20260823,36.42143737259112,1315.4112058537269,0.12181780363702058,0.32321997376573486,0.03806806363656893,0.12181780363716369,-0.044873224066659834,36.42143737259112,74.19533038074579,0.7192919636565165,False,,False,completed_normally,2001,20.0,0,
traj_00467,normal,20260823,39.55301410586332,929.453859450625,0.09859075896438069,0.32109321650321365,0.030809612176368965,0.1309499077756651,0.08999705082720591,35.54602974993055,42.21646517993802,0.10508899899560412,False,,False,completed_normally,2001,20.0,0,
traj_00468,normal,20260823,37.50103684864854,1143.1257490949758,0.11320915972828821,0.32147119674991964,0.03537786241509006,0.1617935733814333,0.10132366863049924,31.05875722207736,40.78072806478731,0.16384831943014744,False,,False,completed_normally,2001,20.0,0,
traj_00469,gradual_approach_v3,20260823,33.93475414532689,1346.2673201090015,0.14449127926027228,0.33201245973939975,0.045153524768835086,0.14449127926034805,-0.01195129285981833,33.93475414532689,60.3131558295759,0.4915515833116675,False,,False,completed_normally,2001,20.0,0,
traj_00470,gradual_approach_v3,20260823,65.16885701493516,726.0806182800239,0.013826469408600155,0.5106104491350218,0.004320771690187549,0.013826469408691118,-0.0776665742042828,65.16885701493516,122.15665642872568,0.7739980216192275,False,,True,ground_contact,1789,17.88,0,
traj_00471,gradual_approach_v3,20260823,67.87911195072572,1252.9925388011557,0.00988207530139213,0.544718808184787,0.003088148531685041,0.00988207530139213,-0.07320618730073314,67.8791119507247,86.44702870431138,0.7856736692049355,False,,True,validity_envelope_gamma_exceeded,917,9.16,0,
traj_00472,gradual_approach_v3,20260823,61.914344996157446,1683.1082244928741,0.019255448993342927,0.4725186191996627,0.006017327810419665,0.13530849405987574,0.01925544899319781,24.713005238349584,61.914344996157446,0.6363245552947455,False,,False,completed_normally,2001,20.0,0,
traj_00473,gradual_approach_v3,20260823,67.91628977467268,1753.9135510514918,0.009831193322969323,0.5452012846877697,0.0030722479134279138,0.12176193373703625,0.009831193322969323,46.54645680496314,67.91628977467347,0.7858415350182386,False,,True,validity_envelope_gamma_exceeded,762,7.61,0,
traj_00474,gradual_approach_v3,20260823,52.98400235322159,1504.1783253772228,0.039536795582511386,0.38580967164669866,0.012355248619534808,0.03953679558260514,-0.06630426401656075,52.98400235322159,103.66127512360289,0.740858212814392,False,,False,completed_normally,2001,20.0,0,
traj_00475,gradual_approach_v3,20260823,39.944615655188926,1309.2771693846616,0.09603522218836244,0.3214210760752903,0.030011006933863264,0.2759351040662505,0.08649713909973505,21.128099143694293,41.48154309544194,0.46869664627005936,False,,False,completed_normally,2001,20.0,0,
traj_00476,gradual_approach_v3,20260823,72.1259626358939,1632.9881517168765,0.004563836027340738,0.6023060963969542,0.0014261987585439805,0.004563836027499689,-0.08480642701106095,72.1259626358939,92.16312851608959,0.7863084203481036,False,,True,validity_envelope_gamma_exceeded,1024,10.23,0,
traj_00477,normal,20260823,51.51230347413069,1896.9290437984323,0.04390718833545075,0.3743449873717,0.01372099635482836,0.09300425094218773,0.04390718833545075,40.977814020820475,51.51230347413763,0.20952503237266476,False,,False,completed_normally,2001,20.0,0,
traj_00478,gradual_approach_v3,20260823,46.7899578143571,551.77483906737,0.060743955377559763,0.34397312895851867,0.018982486055487427,0.06074395537768277,-0.028884310859954965,46.7899578143571,81.25882538566226,0.5482509338839943,False,,False,completed_normally,2001,20.0,0,
traj_00479,gradual_approach_v3,20260823,30.241221177317854,1583.911062191625,0.18758808680341613,0.3605715103107274,0.05862127712606754,0.4611224822771329,0.16128489860688106,25.12405617773717,34.79955785056173,0.16350950428177813,True,5.12,False,completed_normally,2001,20.0,0,
traj_00480,gradual_approach_v3,20260823,51.673740890092375,771.0967808687835,0.0434098806342107,0.3755591736636943,0.013565587698190844,0.04340988063437236,-0.06499539324947157,51.673740890092375,74.67628344390222,0.7871966342477521,False,,True,validity_envelope_gamma_exceeded,828,8.27,0,
traj_00481,gradual_approach_v3,20260823,61.32205642181979,740.7700200134468,0.020336306730451975,0.4659360544858547,0.006355095853266242,0.020336306730453307,-0.08290317939551811,61.32205642181979,83.66647387989529,0.7856991974267359,False,,True,validity_envelope_gamma_exceeded,715,7.140000000000001,0,
traj_00482,gradual_approach_v3,20260823,41.81183959070349,1434.6425533620227,0.08476155092822829,0.32457135397029035,0.02648798466507134,0.08476155092822829,-0.05545285859265969,41.81183959070278,80.48168957289259,0.6790549680513557,False,,False,completed_normally,2001,20.0,0,
traj_00483,gradual_approach_v3,20260823,64.17720271212265,730.6272336431568,0.015394559261112235,0.4986654925742536,0.004810799769097573,0.015394559261112235,-0.07930533194621259,64.17720271210592,84.8656491182481,0.7857592620659515,False,,True,validity_envelope_gamma_exceeded,1128,11.27,0,
traj_00484,gradual_approach_v3,20260823,64.11933050455188,1585.2782225986973,0.015488298027357097,0.4979774296194908,0.004840093133549093,0.15425476369743363,0.0154882980272497,37.95315520872424,64.11933050455188,0.7861536697286248,False,,True,validity_envelope_gamma_exceeded,1148,11.47,0,
traj_00485,stall,20260823,70.20944010131144,1438.098608478696,0.0068457268928900725,0.5757061906380025,0.002139289654028148,0.31971405349055904,0.0068457268928900725,62.35740604649245,70.2094401013172,0.7904506937209829,True,6.28,True,validity_envelope_gamma_exceeded,665,6.640000000000001,0,
traj_00486,gradual_approach_v3,20260823,57.06776522718406,1461.4651009190488,0.029099741959655943,0.4220059925325573,0.009093669362392483,0.029099741959655943,-0.04336622819648195,57.06776522718406,96.34902849750094,0.5619282788484814,False,,False,completed_normally,2001,20.0,0,
traj_00487,gradual_approach_v3,20260823,69.6071569132556,609.1612563184765,0.00760164179200482,0.5675532734343547,0.002375513060001506,0.00760164179200482,-0.08526319904925006,69.6071569132318,89.00528431246522,0.7863107995638933,False,,True,validity_envelope_gamma_exceeded,1208,12.07,0,
traj_00488,gradual_approach_v3,20260823,31.02215446911536,812.9987113109601,0.17730902035880966,0.35268601472342914,0.055409068862128014,0.22140199693641804,0.012134513634653343,20.957056650573623,55.659995657050224,0.6855559879579578,False,,False,completed_normally,2001,20.0,0,
traj_00489,gradual_approach_v3,20260823,53.552111796241846,1394.1484304845835,0.037943384414213105,0.390467938580442,0.011857307629441595,0.03794338441423186,-0.0771047626864676,53.552111796241846,72.08253953178126,0.7874074601600104,False,,True,validity_envelope_gamma_exceeded,1183,11.82,0,
traj_00490,gradual_approach_v3,20260823,70.82057628724465,970.4412940940803,0.006098133292722248,0.5840803337095262,0.0019056666539757025,0.006098133292783841,-0.06820942758608584,70.82057628724465,88.99253230753672,0.7857784992443761,False,,True,validity_envelope_gamma_exceeded,1226,12.25,0,
traj_00491,gradual_approach_v3,20260823,42.3272931753059,1341.7238925756,0.08189461875868168,0.32587470898683757,0.025592068362088025,0.08189461875875863,-0.05260512961463232,42.3272931753059,83.42358265108986,0.6908889074554889,False,,False,completed_normally,2001,20.0,0,
traj_00492,gradual_approach_v3,20260823,63.153730682139496,700.3639568052554,0.01709007936146048,0.48664586056763404,0.0053406498004564,0.01709007936146048,-0.05560755993934585,63.15373068213467,113.39005497736717,0.6802760493755258,False,,False,completed_normally,2001,20.0,0,
traj_00493,gradual_approach_v3,20260823,33.28716637785795,1210.225677501315,0.151137691769809,0.3355408174988793,0.04723052867806532,0.18638945880303537,-0.006675464159348055,22.749407998892664,61.61967849162377,0.713527536710873,False,,False,completed_normally,2001,20.0,0,
traj_00494,normal,20260823,45.69353502987842,1983.8046707948008,0.06539340442803546,0.3384766352652068,0.02043543888376108,0.0658988175545896,0.06481004759275225,45.48910474005433,45.92625686263947,0.004664086235136408,False,,False,completed_normally,2001,20.0,0,
traj_00495,stall,20260823,54.0800846696158,1563.2276002370174,0.03650647189864195,0.39490987031651775,0.01140827246832561,0.036511926692738866,-0.296931271605981,54.05156746401982,55.66849339403787,0.7867994819950069,True,6.58,True,validity_envelope_gamma_exceeded,694,6.93,0,
traj_00496,gradual_approach_v3,20260823,30.137987202001877,1571.5225471700162,0.18900491504999517,0.36169888311032666,0.05906403595312349,0.18900491504999517,0.016863188721987665,30.137987201996197,50.70218425823298,0.5358999962334742,False,,False,completed_normally,2001,20.0,0,
traj_00497,gradual_approach_v3,20260823,59.40233013063984,1928.9971902412153,0.024061392278314688,0.4453703678831178,0.00751918508697334,0.15519676540108437,0.024061392278198437,22.810176157451703,59.40233013063984,0.653134010492555,False,,False,completed_normally,2001,20.0,0,
traj_00498,gradual_approach_v3,20260823,45.39005594547638,1271.7091153283263,0.06673806197032997,0.3370693772296728,0.020855644365728114,0.2853388910690746,0.03592389996853562,15.987723997874319,58.85110634355421,0.6792440119776593,True,11.82,False,completed_normally,2001,20.0,0,
traj_00499,gradual_approach_v3,20260823,34.30342601971385,990.0476424355631,0.14085381068324018,0.3302477154176048,0.04401681583851256,0.14085381068324018,-0.02927980795872598,34.303426019708596,62.43964263274498,0.548625815678915,False,,False,completed_normally,2001,20.0,0,
traj_00500,gradual_approach_v3,20260823,41.38666662853848,1175.5510404010997,0.08720291262097796,0.3236329640010619,0.02725091019405561,0.348361540408053,0.06192433985209789,18.43574204163092,49.11818189108201,0.5661112312608401,True,10.76,False,completed_normally,2001,20.0,0,
traj_00501,gradual_approach_v3,20260823,60.585388638207654,1951.107943915227,0.021724517792913334,0.4579038129606066,0.006788911810285417,0.021724517792913334,-0.07627571424090918,60.58538863820641,114.78215032886227,0.7614060386809529,False,,False,completed_normally,2001,20.0,0,
traj_00502,normal,20260823,54.91948429576243,1412.1434688086365,0.034305164169839794,0.4021908505785302,0.010720363803074935,0.035049245074902424,0.03380607160145507,54.44762808715791,55.24557662641334,0.006100440070349848,False,,False,completed_normally,2001,20.0,0,
traj_00503,normal,20260823,38.794262597086416,1945.3057457996206,0.10374789242286583,0.3208108360457234,0.032421216382145575,0.1385794961479912,0.0817407518004053,33.69587354281441,44.93966119321017,0.16717838984491812,False,,False,completed_normally,2001,20.0,0,
traj_00504,normal,20260823,51.338585302045146,1364.1232502511739,0.04444745712985493,0.3730506347840058,0.013889830353079665,0.05501744871794151,-0.006434787675435455,51.009158564509036,62.482025280280475,0.2817165590519026,False,,False,completed_normally,2001,20.0,0,
traj_00505,gradual_approach_v3,20260823,54.18590890775001,1303.9872194515435,0.03622340974802239,0.3958130851622468,0.011319815546256997,0.24014428455212322,0.03317596854707783,17.012961789957156,54.18590890775001,0.7085111212151639,False,,False,completed_normally,2001,20.0,0,
traj_00506,normal,20260823,56.15632801960417,1044.5179511592598,0.031236567709136773,0.4133960007758486,0.009761427409105242,0.031236567709162066,-0.003461456089942333,56.15632801960417,64.7997502474412,0.14782285115559227,False,,False,completed_normally,2001,20.0,0,
traj_00507,normal,20260823,30.775622896364673,1142.3350475980826,0.18047409333224132,0.35505572033240757,0.05639815416632541,0.18130164019636102,0.17910049442282133,30.663367837309742,30.99427288055835,0.007811524152041219,False,,False,completed_normally,2001,20.0,0,
traj_00508,stall,20260823,51.89658739149249,1741.0979795032963,0.04273084415798014,0.37725304022288936,0.013353388799368794,0.04273084415815072,-0.2682793447482187,51.89658739149249,54.152786191104795,0.7894210460770946,False,,True,validity_envelope_gamma_exceeded,243,2.42,0,
traj_00509,gradual_approach_v3,20260823,70.82946123693027,894.0222026241781,0.006087405552897088,0.5842028298534933,0.00190231423528034,0.006087405552897088,-0.08913803888480087,70.82946123690404,88.12244210179793,0.7867652200161797,False,,True,validity_envelope_gamma_exceeded,1131,11.3,0,
traj_00510,normal,20260823,50.53342022798237,1771.2837933177902,0.04702301043608571,0.3672190179187802,0.014694690761276785,0.04702301043608571,0.0218306255307682,50.53342022797031,58.31355098920174,0.1298821539247291,False,,False,completed_normally,2001,20.0,0,
traj_00511,gradual_approach_v3,20260823,65.47455679998887,617.0607729378924,0.013357213072729933,0.5143512965554419,0.0041741290852281045,0.013357213072729933,-0.0789332802279209,65.47455679996912,117.48813863796848,0.7657884680183957,False,,True,ground_contact,1900,18.990000000000002,0,
traj_00512,gradual_approach_v3,20260823,47.161095382975915,1703.6833140242468,0.05924069352769597,0.3459756241873958,0.01851271672740499,0.23631411628429444,0.04682957448754965,18.95187320440339,49.76607769999494,0.6072575690418366,False,,False,completed_normally,2001,20.0,0,
traj_00513,gradual_approach_v3,20260823,56.18040065012226,808.9073627544252,0.031178812415975806,0.413619602761702,0.00974337887999244,0.031178812415975806,-0.08485888122008622,56.18040065012173,74.89467575362187,0.7863593453773929,False,,True,validity_envelope_gamma_exceeded,766,7.65,0,
traj_00514,gradual_approach_v3,20260823,55.61175644501929,1645.828112560369,0.03256286872908234,0.40839356910329483,0.010175896477838231,0.14781957241951177,0.03256286872893034,24.18146186528113,55.61175644501929,0.5681777016019043,False,,False,completed_normally,2001,20.0,0,
traj_00515,normal,20260823,70.6629101343608,1701.155038922758,0.00628916715600625,0.5819101678326887,0.001965364736251953,0.006446133632743544,0.006224717886400652,70.468964101951,70.74511432809807,0.0019325520479687626,False,,False,completed_normally,2001,20.0,0,
traj_00516,normal,20260823,62.44513605582865,868.4307436696613,0.018312497413299048,0.47851084048346815,0.005722655441655952,0.01831249741332084,-0.005860400131836724,62.44513605582865,71.32128419423744,0.13660798773387464,False,,False,completed_normally,2001,20.0,0,
traj_00517,gradual_approach_v3,20260823,39.60975929022503,1335.8078832914769,0.09821607643584765,0.32113319697589615,0.030692523886202392,0.33296129773749633,0.051190611049100165,18.09143417952041,59.63113723546783,0.5561820565362305,True,7.22,False,completed_normally,2001,20.0,0,
traj_00518,normal,20260823,46.76520972568727,1414.5076153353086,0.06084542852153568,0.3438421065746019,0.0190141964129799,0.06170538318625284,0.059788425262241034,46.39209458754701,47.21555871227362,0.009039315726430054,False,,False,completed_normally,2001,20.0,0,
traj_00519,gradual_approach_v3,20260823,48.50544686780053,1399.754202148256,0.05407276191143549,0.35380313416917963,0.01689773809732359,0.05407276191157457,-0.062436351434698945,48.50544686780053,92.04941039253234,0.7040916316655772,False,,False,completed_normally,2001,20.0,0,
traj_00520,gradual_approach_v3,20260823,35.449992904817925,1036.4625232229243,0.13017357926994153,0.3258156237999224,0.04067924352185673,0.5243782032303845,0.09333382550023397,21.54581676181593,45.58152399808945,0.38748687427838424,True,10.27,False,completed_normally,2001,20.0,0,
traj_00521,gradual_approach_v3,20260823,66.53046801054568,1423.0278520309373,0.011785265308437345,0.5274819773528808,0.00368289540888667,0.011785265308464124,-0.07086673232019614,66.53046801054568,87.4616289239804,0.7871097376978025,False,,True,validity_envelope_gamma_exceeded,1004,10.03,0,
traj_00522,stall,20260823,49.412477227031026,1832.018574764123,0.05081515739295164,0.3595723273433221,0.015879736685297387,0.05183379143516734,0.04932237662056758,48.92211805015795,50.154970132562134,0.009954142995801473,False,,False,completed_normally,2001,20.0,0,
traj_00523,gradual_approach_v3,20260823,73.42876498948968,1615.8476657494734,0.003112675875697135,0.6209500792122418,0.0009727112111553547,0.003112675875697135,-0.08568383763073184,73.42876498948888,90.78937381947843,0.7859371572870968,False,,True,validity_envelope_gamma_exceeded,802,8.01,0,
traj_00524,gradual_approach_v3,20260823,61.407097905642566,1588.1258436710357,0.02017921639423771,0.46687439997024427,0.006306005123199283,0.16033997401330924,0.02017921639405589,41.072512581261975,61.407097905642566,0.7857124172278361,False,,True,validity_envelope_gamma_exceeded,834,8.33,0,
traj_00525,gradual_approach_v3,20260823,34.56257220560165,1874.3067747216528,0.1383578571181702,0.3291089100984125,0.04323683034942819,0.48544701491205083,0.0948353233405731,21.750855616986133,46.58060776494015,0.36468628330801994,True,8.02,False,completed_normally,2001,20.0,0,
traj_00526,gradual_approach_v3,20260823,32.97909934833704,1518.387509804529,0.1544198990308942,0.337419495628176,0.048256218447154435,0.5131582805368714,0.11625262104257111,23.346571369529723,41.870426074727334,0.28521803097312626,True,7.3100000000000005,False,completed_normally,2001,20.0,0,
traj_00527,gradual_approach_v3,20260823,33.274975571988165,1084.4198062865287,0.15126606471532866,0.33561265396863926,0.04727064522354021,0.47911048388996874,0.11075160949571172,22.720314504112604,43.09920263681246,0.3113344276138459,True,5.2700000000000005,False,completed_normally,2001,20.0,0,
traj_00528,gradual_approach_v3,20260823,64.91521048257583,1425.271764499494,0.014220806514727166,0.5075274333337895,0.004444002035852239,0.014220806514798156,-0.07532484493122671,64.91521048257583,116.26509897107871,0.7695767911122231,False,,False,completed_normally,2001,20.0,0,
traj_00529,gradual_approach_v3,20260823,64.24538167736922,882.9877223536025,0.015284447019306355,0.49947738157076166,0.004776389693533236,0.15402059480731553,0.015284447019296505,22.363187967368845,64.24538167736922,0.7356209177743455,False,,False,completed_normally,2001,20.0,0,
traj_00530,gradual_approach_v3,20260823,44.54165106042899,1442.0831900085784,0.07063835264162624,0.3334084305595819,0.022074485200508198,0.07063835264162624,-0.05171427430295117,44.54165106042749,84.07664032520114,0.6262549578402674,False,,False,completed_normally,2001,20.0,0,
traj_00531,gradual_approach_v3,20260823,67.33288263827947,1446.3550514223878,0.010639287905425173,0.5376751470616941,0.003324777470445367,0.0106392879055121,-0.07716412629508501,67.33288263827947,87.17358382834286,0.7856732894786819,False,,True,validity_envelope_gamma_exceeded,702,7.01,0,
traj_00532,gradual_approach_v3,20260823,34.423033937444856,1007.0356969688968,0.13969566555884425,0.32971183596853615,0.04365489548713882,0.13969566555884425,0.00671211483186146,34.423033937443336,56.590541663916774,0.48782163712642773,False,,False,completed_normally,2001,20.0,0,
traj_00533,normal,20260823,45.96988935179593,1306.821387650367,0.06419119121186156,0.3398017695275618,0.02005974725370674,0.06419119121197217,0.009668809037324144,45.96988935179593,56.087870459356665,0.20544437114053885,False,,False,completed_normally,2001,20.0,0,
traj_00534,gradual_approach_v3,20260823,67.66925792623428,1175.344341195626,0.010170841306544928,0.5420027368235596,0.00317838790829529,0.11520212345187164,0.010170841306424984,43.683528272808104,67.66925792623428,0.7862225251105021,False,,True,validity_envelope_gamma_exceeded,1191,11.9,0,
traj_00535,normal,20260823,38.798697947214784,1944.2046374908266,0.1037169312497456,0.3208110951308738,0.032411541015545504,0.10521138301168738,0.10256952472772415,38.39407913336678,39.09311881194275,0.011170712996073941,False,,False,completed_normally,2001,20.0,0,
traj_00536,normal,20260823,62.693106953187524,668.9189271096637,0.017880057903979098,0.48134013214178456,0.0055875180949934685,0.043626889951088293,-0.004033190795414747,58.516610570991745,66.2716636795919,0.1339340438231553,False,,False,completed_normally,2001,20.0,0,
traj_00537,stall,20260823,46.447243158906765,1851.12254288823,0.06216314752118404,0.342186935607244,0.019425983600370015,0.7366266082626272,0.03913115344855789,29.839281142884737,58.65873836313105,0.39733393740401496,True,1.6500000000000001,False,completed_normally,2001,20.0,0,
traj_00538,normal,20260823,49.83426365430856,1978.7712601059923,0.049358962552466856,0.3623838126233363,0.015424675797645893,0.05012226310754506,0.029005389957461387,49.45838670524458,54.65720787527034,0.09122964303573489,False,,False,completed_normally,2001,20.0,0,
traj_00539,stall,20260823,32.040494507499005,732.0819577704597,0.16493415427157654,0.3439915460261411,0.05154192320986767,0.1662510563410797,-0.2499826701807789,31.805594176353214,36.67926554771089,0.7907038931775653,False,,True,validity_envelope_gamma_exceeded,745,7.44,0,
traj_00540,normal,20260823,64.79859940087384,1691.2204855945874,0.014403635944160983,0.5061164232529792,0.004501136232550307,0.014403635944217027,-0.028433890944643297,64.79859940087384,74.60195743002247,0.15409931425318887,False,,False,completed_normally,2001,20.0,0,
traj_00541,stall,20260823,45.46510938172701,1610.0084165000385,0.06640310018912343,0.33741269365252335,0.020750968809101072,0.06640310018925859,-0.26495069824571393,45.46510938172701,48.47646364648275,0.7922299989143176,False,,True,validity_envelope_gamma_exceeded,276,2.75,0,
traj_00542,gradual_approach_v3,20260823,54.72845470688425,687.8467711813691,0.034797408966938684,0.40051052153540445,0.01087419030216834,0.22807542987238819,0.034231205351059724,17.635357182019725,54.72845470688773,0.7374957756161575,False,,False,completed_normally,2001,20.0,0,
traj_00543,gradual_approach_v3,20260823,48.62674936568289,1196.4199867648604,0.05362681384391185,0.3545524092222699,0.016758379326222452,0.16476651583749635,0.05362681384391185,25.224065908158025,48.62674936569143,0.44310277242409923,False,,False,completed_normally,2001,20.0,0,
traj_00544,gradual_approach_v3,20260823,56.826096999484854,793.7955639400835,0.029656482926307248,0.41969440575101724,0.009267650914471013,0.2474845165217876,0.029656482926306425,16.379856614738667,56.826096999484854,0.7572715660655452,False,,False,completed_normally,2001,20.0,0,
traj_00545,gradual_approach_v3,20260823,31.171774863535457,929.5160294672687,0.17542191345450722,0.35129979731182076,0.054819347954533505,0.42912056646132973,0.14462059795535873,23.46044907927106,37.150090354585416,0.24014926200001,True,11.16,False,completed_normally,2001,20.0,0,
traj_00546,gradual_approach_v3,20260823,56.26669018645953,1969.212811574056,0.03097238418707295,0.41442282330913355,0.009678870058460297,0.03097238418721098,-0.08240568267756077,56.26669018645953,106.34166518268006,0.74858239754433,False,,False,completed_normally,2001,20.0,0,
traj_00547,gradual_approach_v3,20260823,69.19419858033578,1170.670756427479,0.008131266146040574,0.5620208988155488,0.0025410206706376792,0.008131266146040574,-0.07622502185242441,69.19419858029968,89.61981869587048,0.7855918087182961,False,,True,validity_envelope_gamma_exceeded,1306,13.05,0,
traj_00548,gradual_approach_v3,20260823,51.60137141148455,1878.7653370145,0.043632250440161086,0.3750135298631915,0.01363507826255034,0.17285367389941067,0.027010545045498102,22.25238548196353,59.75202554309643,0.5571601721910597,False,,False,completed_normally,2001,20.0,0,
traj_00549,gradual_approach_v3,20260823,57.336084616431364,1323.0265675980265,0.028489700273979342,0.42459645308868815,0.008903031335618546,0.12771692273134821,0.028489700273979342,27.12309074047438,57.3360846164324,0.5246327382814744,False,,False,completed_normally,2001,20.0,0,
traj_00550,gradual_approach_v3,20260823,60.749369120245014,1135.1425651949983,0.021411190528296674,0.4596767866837783,0.006690997040092711,0.02141119052840987,-0.07845728729203444,60.749369120245014,83.5073563624312,0.7864035371341043,False,,True,validity_envelope_gamma_exceeded,1272,12.71,0,
traj_00551,gradual_approach_v3,20260823,36.466705620165726,1143.1254260290657,0.12144294650349488,0.3231233268348463,0.03795092078234215,0.3536089859935922,0.08195683297357478,22.395132076418044,48.718021857342976,0.37931317361885963,True,7.88,False,completed_normally,2001,20.0,0,
traj_00552,gradual_approach_v3,20260823,45.36875400972109,1693.1641542904201,0.06683342365381467,0.33697250342631363,0.020885444891817085,0.06683342365396348,-0.07381636312540374,45.36875400972109,63.10399204364583,0.7873319605088392,False,,True,validity_envelope_gamma_exceeded,1178,11.77,0,
traj_00553,gradual_approach_v3,20260823,61.58485490765057,1676.7487977183703,0.01985293154385735,0.4688431324327306,0.006204041107455422,0.019852931543922044,-0.06091040874827858,61.58485490765057,114.5516375169908,0.760035674808098,False,,False,completed_normally,2001,20.0,0,
traj_00554,gradual_approach_v3,20260823,32.6920911425811,1515.7443882618318,0.15755084385909238,0.339290789354749,0.049234638705966366,0.44666754342812376,0.12083593059167423,23.58833093691159,40.96811630893674,0.2685039045878119,True,2.6,False,completed_normally,2001,20.0,0,
traj_00555,gradual_approach_v3,20260823,52.75110698887789,1513.0839762267765,0.040204633006650746,0.38393692782565797,0.012563947814578357,0.040204633006687994,-0.0802060542023102,52.75110698887789,71.8239728949273,0.7869068942114815,False,,True,validity_envelope_gamma_exceeded,769,7.68,0,
traj_00556,gradual_approach_v3,20260823,72.1673950648991,1905.3607395989786,0.004516483781744248,0.6028920699895017,0.0014114011817950775,0.09574842578087805,0.004516483781557749,51.622503348694956,72.1673950648991,0.786907730847011,False,,True,validity_envelope_gamma_exceeded,1116,11.15,0,
traj_00557,normal,20260823,60.95439348374872,1176.1519531729796,0.021022941783959366,0.4619056343238463,0.0065696693074873014,0.021535975094272828,0.020775637446425087,60.52635932708567,61.16665904211201,0.003695131244287802,False,,False,completed_normally,2001,20.0,0,
traj_00558,gradual_approach_v3,20260823,66.69739355000779,1799.1823733439473,0.011543495524955899,0.5295872664124854,0.0036073423515487184,0.011543495525144859,-0.08748440065843976,66.69739355000779,83.69378702476729,0.7862204612267679,False,,True,validity_envelope_gamma_exceeded,1137,11.36,0,
traj_00559,normal,20260823,39.39265405528824,884.1996364470385,0.09965773755537183,0.32099421334210526,0.031143042986053696,0.11580576789782672,0.05568814312909115,34.97252750346853,46.975215479725335,0.16975258517274266,False,,False,completed_normally,2001,20.0,0,
traj_00560,stall,20260823,63.4712499881362,1287.1098264462967,0.016555389226375672,0.49034092006440116,0.0051735591332423975,0.016555389226375672,-0.2125524556701035,63.4712499881362,66.38294276172806,0.7862404029852386,False,,True,validity_envelope_gamma_exceeded,338,3.37,0,
traj_00561,gradual_approach_v3,20260823,72.92840566406723,1673.597628509918,0.003660908943863146,0.613736330465265,0.0011440340449572332,0.12166410470782693,0.003660908943863146,25.207996571187003,72.92840566406836,0.7712896783499121,False,,False,completed_normally,2001,20.0,0,
traj_00562,gradual_approach_v3,20260823,32.191861286507034,1590.534711905577,0.16318380644275168,0.3428420095549838,0.0509949395133599,0.5247295815763953,0.12085126528623846,22.42565618395541,41.68431838761351,0.3125407497381754,True,4.11,False,completed_normally,2001,20.0,0,
traj_00563,gradual_approach_v3,20260823,68.77575960545197,1921.520375652243,0.008677577842631939,0.5564632863861165,0.002711743075822481,0.008677577842631939,-0.07561226083829165,68.77575960542046,88.87221049078781,0.7862446021248285,False,,True,validity_envelope_gamma_exceeded,1318,13.17,0,
traj_00564,stall,20260823,67.10320156400762,1662.3776459850012,0.01096315970386838,0.5347386870680935,0.003425987407458869,0.011109047996538658,0.010533551661057912,66.9384847446026,67.57141202560317,0.005373553638528205,False,,False,completed_normally,2001,20.0,0,
traj_00565,gradual_approach_v3,20260823,65.9529130768971,656.1521423439558,0.012635828191564748,0.5202597614561377,0.003948696309863984,0.11747309183515009,0.012635828191564748,38.972404317548076,65.95291307691706,0.7854292392779373,False,,True,validity_envelope_gamma_exceeded,1116,11.15,0,
traj_00566,gradual_approach_v3,20260823,55.397530527042065,1121.767647680369,0.03309517790512631,0.40645525861575243,0.010342243095351972,0.19186705415293512,0.03309517790512631,20.026123481954453,55.397530527044786,0.6860354466926546,False,,False,completed_normally,2001,20.0,0,
traj_00567,gradual_approach_v3,20260823,56.40269150188119,1012.8801636800955,0.030648920902693954,0.4156941926911655,0.00957778778209186,0.2244304885090487,0.02678062676791948,17.678376059374244,56.40269150188119,0.7466467020198203,False,,False,completed_normally,2001,20.0,0,
traj_00568,gradual_approach_v3,20260823,61.75677185342262,687.1919893413894,0.01954000764470274,0.47075663485684055,0.006106252388969606,0.01954000764473265,-0.05910774565873683,61.75677185342262,112.08741050017218,0.7226568089019452,False,,False,completed_normally,2001,20.0,0,
traj_00569,gradual_approach_v3,20260823,62.60617544261586,804.7090511703088,0.01803108146092788,0.48034610620575047,0.005634712956539962,0.11142865612280854,0.01803108146079472,27.92851992395838,62.60617544261586,0.5849366989874223,False,,False,completed_normally,2001,20.0,0,
traj_00570,normal,20260823,61.517695303080934,1521.73367467924,0.01997587948917196,0.4680981423004148,0.006242462340366237,0.020320131003691715,0.019715553016411147,61.22224729893215,61.742997366864465,0.002044180953964561,False,,False,completed_normally,2001,20.0,0,
traj_00571,gradual_approach_v3,20260823,55.2889629209144,1135.2299239578722,0.03336727075338264,0.40547937117159194,0.010427272110432075,0.16462210635762123,0.03336727075338264,22.440657376284236,55.288962920922735,0.5922998874301686,False,,False,completed_normally,2001,20.0,0,
traj_00572,normal,20260823,31.60606979314866,1771.530265698976,0.1700819055116044,0.34749167058814284,0.053150595472376376,0.1943972093864521,0.11862858111288568,27.893613512173484,36.27497757106134,0.13373284863021986,False,,False,completed_normally,2001,20.0,0,
traj_00573,gradual_approach_v3,20260823,31.929715892519617,1787.8958095040068,0.16622911555755518,0.3448555066895068,0.05194659861173599,0.16622911555755518,0.03953696191672185,31.929715892506486,46.455253595697606,0.3903240984064068,False,,False,completed_normally,2001,20.0,0,
traj_00574,gradual_approach_v3,20260823,72.43929249310034,1758.3319072657007,0.00420773213056248,0.6067488548219337,0.001314916290800775,0.00420773213056248,-0.07988770090583802,72.43929249310001,94.90190679792674,0.7862997338491423,False,,True,validity_envelope_gamma_exceeded,800,7.99,0,
traj_00575,gradual_approach_v3,20260823,60.08094114771904,1412.9483519061812,0.02270430812092849,0.4525039653165426,0.007095096287790152,0.11157878530379339,0.022704308120871357,28.705140098908295,60.08094114771904,0.5410904568906021,False,,False,completed_normally,2001,20.0,0,
traj_00576,normal,20260823,39.26986998274017,999.175108449273,0.10048290561525866,0.3209324868460883,0.03140090800476833,0.16378152341014698,0.09008484235558405,31.017821712681336,42.387736470936815,0.20667358353621623,False,,False,completed_normally,2001,20.0,0,
traj_00577,gradual_approach_v3,20260823,38.06377209996773,1629.3281588093942,0.10898361647248497,0.3210001012347761,0.034057380147651556,0.37277156416707746,0.07013651332714449,18.72523093678356,50.7464650514817,0.5168404928545098,True,10.13,False,completed_normally,2001,20.0,0,
traj_00578,stall,20260823,70.54524334985187,1363.3044654142138,0.00643256344375105,0.5802949698624006,0.0020101760761722033,0.00643256344375105,-0.280318942071775,70.49734579679993,71.00161646835188,0.7892492994321091,False,,True,validity_envelope_gamma_exceeded,506,5.05,0,
traj_00579,gradual_approach_v3,20260823,49.60709416505923,1455.401808849104,0.05013875671185246,0.3608595856493925,0.015668361472453894,0.2446855098204898,0.025188339532551396,17.309344930368518,62.26898981831709,0.6719726638185516,False,,False,completed_normally,2001,20.0,0,
traj_00580,gradual_approach_v3,20260823,65.65192467892834,1013.0799977172993,0.01308791466215932,0.516534290843213,0.004089973331924787,0.13085777153306424,0.013087914662052436,24.794563431037744,65.65192467892834,0.6946321995711449,False,,False,completed_normally,2001,20.0,0,
traj_00581,gradual_approach_v3,20260823,36.33489135684505,869.9586622273683,0.12253797616782172,0.32341061909914853,0.038293117552444286,0.12253797616782172,-0.0029391653079591795,36.33489135683049,58.46115690906839,0.4299228772498096,False,,False,completed_normally,2001,20.0,0,
traj_00582,gradual_approach_v3,20260823,74.74799459144477,1253.386105803349,0.0017191570627438848,0.6402851939408388,0.000537236582107464,0.09801452060561078,0.0017191570627191838,54.68870418676796,74.74799459144477,0.7869578949921753,False,,True,validity_envelope_gamma_exceeded,888,8.870000000000001,0,
traj_00583,normal,20260823,65.02236564060937,1561.3893128580573,0.014053658970253836,0.5088275664976862,0.0043917684282043234,0.014053658970376484,-0.0010659565762902307,65.02236564060937,70.26532701381893,0.07892753037013495,False,,False,completed_normally,2001,20.0,0,
traj_00584,gradual_approach_v3,20260823,52.287698823137866,1458.7695726027714,0.04155955738857932,0.3802753770764536,0.012987361683931036,0.04155955738857932,-0.06567358427118841,52.28769882313079,98.65403067264513,0.705865438655257,False,,False,completed_normally,2001,20.0,0,
traj_00585,gradual_approach_v3,20260823,52.04458072503508,953.2956686607953,0.042284599760370106,0.3783892872171588,0.013213937425115658,0.18267544565110044,0.042284599760370106,21.273539998901917,52.04458072505245,0.5690726534881445,False,,False,completed_normally,2001,20.0,0,
traj_00586,stall,20260823,45.13411222701536,614.594873221977,0.06789244709439674,0.33592213764574774,0.02121638971699898,0.06789244709439674,-0.23566103469343058,45.13411222701464,48.95645219708039,0.7912502685704818,False,,True,validity_envelope_gamma_exceeded,323,3.22,0,
traj_00587,gradual_approach_v3,20260823,30.584734792326913,940.8543380541496,0.18297421655069487,0.356965406563831,0.05717944267209215,0.4843313729242037,0.149398082531628,24.05322325088567,36.82033125991448,0.21957091166907847,True,5.51,False,completed_normally,2001,20.0,0,
traj_00588,gradual_approach_v3,20260823,74.99924791292385,1739.578697605987,0.0014619821872461974,0.644019179392743,0.0004568694335144367,0.001461982187371097,-0.08937573322156911,74.99924791292385,84.37657119856166,0.7876783946180016,False,,True,validity_envelope_gamma_exceeded,702,7.01,0,
traj_00589,gradual_approach_v3,20260823,56.253124772069725,1945.629143843807,0.031004774517628623,0.41429637373997463,0.009688992036758945,0.031004774517628623,-0.06615077473681685,56.25312477205299,106.38332844155381,0.7679315463052864,False,,False,completed_normally,2001,20.0,0,
traj_00590,gradual_approach_v3,20260823,47.69040961458529,1759.2862330444907,0.057155280619297366,0.3489517290390918,0.017861025193530427,0.19560227611058972,0.03840475904397783,21.95776397404533,55.62725559266002,0.5318336144107183,False,,False,completed_normally,2001,20.0,0,
traj_00591,gradual_approach_v3,20260823,68.31280199804449,1760.5819724122896,0.00929362482152566,0.5503712323258501,0.002904257756726769,0.00929362482162128,-0.0716082068907441,68.31280199804449,88.07056741557635,0.7865991406738482,False,,True,validity_envelope_gamma_exceeded,772,7.71,0,
traj_00592,gradual_approach_v3,20260823,73.08624209954935,1928.0493497711143,0.0034867661515336082,0.6160047317467761,0.0010896144223542525,0.0034867661515336082,-0.09165036996002929,73.08624209954935,90.88623587697272,0.7862945771288502,False,,True,validity_envelope_gamma_exceeded,919,9.18,0,
traj_00593,gradual_approach_v3,20260823,45.03771532700056,731.4043268182958,0.06833214070127566,0.3354995527499659,0.021353793969148643,0.28271898078157254,0.03326343587154512,16.19579908327649,62.18267653905043,0.6698945289746414,True,8.34,False,completed_normally,2001,20.0,0,
traj_00594,stall,20260823,48.181756116009446,1909.3000958002947,0.05527881088308427,0.3518380068050713,0.017274628400963835,0.057226574470616826,0.05317979459133062,47.2950848415705,49.15887657021229,0.019110820372678108,False,,False,completed_normally,2001,20.0,0,
traj_00595,stall,20260823,51.393800950443406,1090.4245126197304,0.0442751542058534,0.3734606639886363,0.013835985689329188,0.04430023494792071,-0.27024166353976686,51.345934826928506,53.55623961791983,0.7893506295224417,False,,True,validity_envelope_gamma_exceeded,772,7.71,0,
traj_00596,gradual_approach_v3,20260823,63.497503385247924,1093.3336899842323,0.01651153377775342,0.4906478078794376,0.005159854305547944,0.01651153377775342,-0.084991680457836,63.4975033852432,84.07233565643267,0.7876963508799211,False,,True,validity_envelope_gamma_exceeded,913,9.120000000000001,0,
traj_00597,gradual_approach_v3,20260823,51.10533628312318,1846.2339547004801,0.04518135240391015,0.3713327575578879,0.01411917262622192,0.17618659502487571,0.0367456913644007,23.703510116490992,53.34337525520557,0.520034392271917,False,,False,completed_normally,2001,20.0,0,
traj_00598,normal,20260823,59.2222316200394,961.0036226227658,0.024429295090485106,0.44350258090736716,0.007634154715776596,0.024810151710339113,0.023904044836962055,58.924277941817486,59.635331021562855,0.004364214183787179,False,,False,completed_normally,2001,20.0,0,
traj_00599,gradual_approach_v3,20260823,53.75327147704202,798.591376445119,0.03739101742198507,0.39214763074635167,0.011684692944370335,0.03739101742209254,-0.0587180553648895,53.75327147704202,95.60595730321171,0.6301928968261565,False,,False,completed_normally,2001,20.0,0,
traj_00600,stall,20260823,47.59191026591699,540.781779179815,0.05753825125318082,0.34838734947649935,0.017980703516619005,0.05753825125329511,-0.2111853129865593,47.59191026591699,51.71898216160386,0.7860119002341723,False,,True,validity_envelope_gamma_exceeded,638,6.37,0,
traj_00601,normal,20260823,30.80645043442231,859.0317061769422,0.1800744387230533,0.35475349080411284,0.05627326210095415,0.20647982177366891,0.11515599513503369,27.115656292866245,34.86908293241325,0.13938586259163477,False,,False,completed_normally,2001,20.0,0,
traj_00602,gradual_approach_v3,20260823,33.08524968480427,963.8683123334941,0.1532799144350674,0.3367571726687009,0.04789997326095856,0.32626824669203247,0.12600677589495224,23.62495281073365,39.02392077133664,0.27800499431037023,True,10.23,False,completed_normally,2001,20.0,0,
traj_00603,gradual_approach_v3,20260823,34.46301793823351,600.4560006382828,0.13931086451145291,0.32953663384106724,0.043534645159829036,0.3581017343201153,0.1022671569683148,22.333304874796358,44.0486392984466,0.34576976822328215,True,8.86,False,completed_normally,2001,20.0,0,
traj_00604,gradual_approach_v3,20260823,71.02101437911692,564.9403290097827,0.005857091682977114,0.586848964883804,0.0018303411509303482,0.12149441342245608,0.005857091682977114,25.414790749852127,71.02101437911716,0.731949611015132,False,,False,completed_normally,2001,20.0,0,
traj_00605,gradual_approach_v3,20260823,34.27846332216632,1622.2508569508163,0.14109686216062442,0.3303617961243806,0.044092769425195126,0.14109686216062442,-0.020531873236337594,34.27846332215432,62.706974232332634,0.554193196444193,False,,False,completed_normally,2001,20.0,0,
traj_00606,gradual_approach_v3,20260823,48.0100469616088,1968.246008867223,0.055928222751657854,0.35081599676070335,0.017477569609893082,0.18200216368454725,0.0559282227515232,24.34948054218306,48.0100469616088,0.46017896972111455,False,,False,completed_normally,2001,20.0,0,
traj_00607,gradual_approach_v3,20260823,50.20782477685065,1759.444005403047,0.04809901945124655,0.3649404338028197,0.015030943578514545,0.04809901945124655,-0.050172419775934785,50.207824776834514,93.3441769380681,0.669073860544276,False,,False,completed_normally,2001,20.0,0,
traj_00608,gradual_approach_v3,20260823,42.92613732351811,871.622711410924,0.0786861810757373,0.3276095793494113,0.024589431586167904,0.3757345945316841,0.04325532285193795,16.83141607344037,57.947959213882555,0.6313144595356837,True,9.27,False,completed_normally,2001,20.0,0,
traj_00609,gradual_approach_v3,20260823,63.858986033947254,521.6720249282358,0.015913110594368438,0.4948945225233428,0.004972847060740137,0.14601538881110432,0.015913110594368438,39.579879699785884,63.85898603394967,0.7854761662493696,False,,True,validity_envelope_gamma_exceeded,930,9.290000000000001,0,
traj_00610,gradual_approach_v3,20260823,49.252564399354405,1199.3614314893432,0.05137679473855357,0.3585275326958269,0.01605524835579799,0.22122038613598954,0.02481469939839881,18.771958516701453,63.996960369147224,0.628890356559984,False,,False,completed_normally,2001,20.0,0,
traj_00611,stall,20260823,68.25834718720165,557.0663083671196,0.009366902875322155,0.5496586038595124,0.0029271571485381736,1.0894328918151241,0.009366902875322155,37.991445431929044,68.25834718722913,0.5699733545748503,True,5.8100000000000005,False,completed_normally,2001,20.0,0,
traj_00612,gradual_approach_v3,20260823,41.75105308209588,1442.5523125144805,0.0851062795928813,0.3244295279700095,0.02659571237277541,0.24183820687808422,0.05218478165299267,21.86223038281317,55.37391206170959,0.4710115938276445,False,,False,completed_normally,2001,20.0,0,
traj_00613,gradual_approach_v3,20260823,33.013244211478636,1173.255786566794,0.154052158359973,0.33720471420581605,0.04814129948749156,0.154052158359973,-0.008340584387136307,33.01324421146979,54.80372915954941,0.5393535237726831,False,,False,completed_normally,2001,20.0,0,
traj_00614,gradual_approach_v3,20260823,69.6033094630615,804.7966727571205,0.007606533179514506,0.5675015121726898,0.002377041618598283,0.12330902443824687,0.007606533179514506,46.46864137470461,69.60330946307123,0.786105235256893,False,,True,validity_envelope_gamma_exceeded,951,9.5,0,
traj_00615,gradual_approach_v3,20260823,52.827486444057,1088.6363954098924,0.039984658071082466,0.38454872086005515,0.01249520564721327,0.2015385437942506,0.030539930583357577,19.629485103112525,54.43747089028019,0.6313401957019934,False,,False,completed_normally,2001,20.0,0,
traj_00616,gradual_approach_v3,20260823,44.43044240922426,1466.717221346111,0.07116555988439296,0.3329590840398204,0.0222392374638728,0.07116555988439296,-0.06037778574058095,44.43044240920686,90.1333890869844,0.7195987644305262,False,,False,completed_normally,2001,20.0,0,
traj_00617,gradual_approach_v3,20260823,44.6504729818183,891.8199398094911,0.07012611378437142,0.33385507755404215,0.02191441055761607,0.07012611378437142,-0.05704533375703702,44.650472981816876,88.10750802561437,0.7058777472885814,False,,False,completed_normally,2001,20.0,0,
traj_00618,gradual_approach_v3,20260823,71.02217620726015,1816.440157924814,0.00585570038596973,0.5868650448337114,0.0018299063706155407,0.10633169673675569,0.00585570038596973,47.54114801319307,71.02217620728823,0.7858588904911522,False,,True,validity_envelope_gamma_exceeded,1088,10.870000000000001,0,
traj_00619,gradual_approach_v3,20260823,72.05011893870228,1441.0129409594163,0.004650725868557134,0.6012346378060333,0.0014533518339241043,0.10831585440753133,0.004650725868371057,46.55442194476563,72.05011893870228,0.785720559508787,False,,True,validity_envelope_gamma_exceeded,1297,12.96,0,
traj_00620,gradual_approach_v3,20260823,74.46880229549225,822.5404436638129,0.0020079603071092044,0.6361552680459304,0.0006274875959716264,0.0020079603071092044,-0.065496665875596,74.46880229549225,95.50508081401887,0.7855257439987942,False,,True,validity_envelope_gamma_exceeded,1229,12.280000000000001,0,
traj_00621,stall,20260823,43.588715015317526,1516.973237153713,0.07528199951806952,0.32979542428684816,0.023525624849396725,0.779196674029243,0.06180873842404512,37.05067665854308,49.08968662315546,0.26780329915506756,True,3.06,False,completed_normally,2001,20.0,0,
traj_00622,gradual_approach_v3,20260823,61.010766645237496,965.6622493832423,0.020916865729641698,0.462520824788733,0.00653652054051303,0.020916865729641698,-0.0733548258451675,61.010766645237496,82.62444298930312,0.7868031839940076,False,,True,validity_envelope_gamma_exceeded,739,7.38,0,
traj_00623,normal,20260823,73.8060153798165,586.2149298411357,0.002706613946272112,0.6264326164385827,0.0008458168582100349,0.002706613946272112,0.0023043736479512553,73.80601537981214,74.37219957788858,0.005431194169906746,False,,False,completed_normally,2001,20.0,0,
traj_00624,normal,20260823,61.87876968379304,1797.11807626712,0.01931950637729066,0.47212013713346634,0.006037345742903331,0.02001457586805487,0.018999593652588298,61.276731944205444,62.16646352774735,0.005921099459263783,False,,False,completed_normally,2001,20.0,0,
traj_00625,normal,20260823,34.054931302745445,1672.1861210018067,0.1432941986832527,0.3314182361166472,0.04477943708851646,0.2016609803769998,0.1432941986832527,30.11508731117017,34.07464746843192,0.10778185442889522,False,,False,completed_normally,2001,20.0,0,
traj_00626,normal,20260823,63.14671384245617,652.8005716192762,0.01710198548081944,0.4865645500573622,0.005344370462756075,0.01729874249147679,0.016713136702594538,62.963975471013654,63.50783978276346,0.0029807626616300685,False,,False,completed_normally,2001,20.0,0,
traj_00627,gradual_approach_v3,20260823,67.18332426678298,1686.2665491944426,0.010849806006380736,0.5357613450338474,0.00339056437699398,0.10950319531619968,0.01084980600626723,27.678577662776306,67.18332426678298,0.6605483002283445,False,,False,completed_normally,2001,20.0,0,
traj_00628,gradual_approach_v3,20260823,58.577583869615495,904.9314588234714,0.02577368551696722,0.43690542456197135,0.008054276724052256,0.02577368551696722,-0.06926530937325037,58.577583869612404,77.30450342879212,0.7854576172192492,False,,True,validity_envelope_gamma_exceeded,838,8.370000000000001,0,
traj_00629,gradual_approach_v3,20260823,64.95479576869383,1388.123195027726,0.014158963598919438,0.5080073341978295,0.0044246761246623245,0.01415896359898207,-0.07550272149602322,64.95479576869383,83.70794062689517,0.7865717746571054,False,,True,validity_envelope_gamma_exceeded,920,9.19,0,
traj_00630,gradual_approach_v3,20260823,67.32966632762972,729.8535837060706,0.010643800585213834,0.5376339230578115,0.0033261876828793234,0.13252490910244386,0.010643800585035317,24.40299854511012,67.32966632762972,0.7293318654153134,False,,False,completed_normally,2001,20.0,0,
traj_00631,gradual_approach_v3,20260823,55.20801106437161,650.3958524754001,0.03357117977736157,0.40475454098970065,0.01049099368042549,0.03357117977742473,-0.0708156453517611,55.20801106437161,108.07803036589523,0.777089224216021,False,,False,completed_normally,2001,20.0,0,
traj_00632,normal,20260823,56.04943565481067,1780.2286334332928,0.031493909140114254,0.412405632396442,0.009841846606285705,0.03191609436621729,0.0308767095019529,55.75332825796256,56.46744213916478,0.00841958389136335,False,,False,completed_normally,2001,20.0,0,
traj_00633,gradual_approach_v3,20260823,38.673797421228684,1341.6796502961563,0.10459256331517044,0.32081019766800706,0.03268517603599076,0.31997528186590757,0.06323365045233659,20.515126212433962,53.976069273193744,0.46950379172923984,True,7.07,False,completed_normally,2001,20.0,0,
traj_00634,gradual_approach_v3,20260823,41.31139774276313,995.7275150586249,0.0876425319786015,0.32348000273819744,0.02738829124331297,0.0876425319786286,-0.05834578331462548,41.31139774276313,83.0583354629704,0.7182929745450587,False,,False,completed_normally,2001,20.0,0,
traj_00635,gradual_approach_v3,20260823,40.71325998620898,1679.5794112745498,0.09121794269697259,0.32240873358136607,0.028505607092803933,0.09121794269697259,-0.031158269955156248,40.71325998620898,74.58168262648849,0.5675428751784446,False,,False,completed_normally,2001,20.0,0,
traj_00636,gradual_approach_v3,20260823,67.68450977711811,1400.6877224527568,0.0101497646877764,0.5421997171358429,0.003171801464930125,0.14786174547306472,0.01014976468766775,22.65065158882716,67.68450977711811,0.7718052124053981,False,,False,completed_normally,2001,20.0,0,
traj_00637,gradual_approach_v3,20260823,48.48925643352316,1026.9377819657354,0.054132529426796694,0.353703654615732,0.016916415445873967,0.18719196829331058,0.054132529426770576,23.030898562091416,48.48925643352316,0.5120608245224377,False,,False,completed_normally,2001,20.0,0,
traj_00638,gradual_approach_v3,20260823,74.29863663647316,1686.729131335899,0.002185568197276983,0.6336480817778604,0.0006829900616490571,0.002185568197449072,-0.06435294920467194,74.29863663647316,130.82776034765695,0.7167488846139667,False,,False,completed_normally,2001,20.0,0,
traj_00639,gradual_approach_v3,20260823,63.150193835486576,1582.5675314730638,0.017096080165581142,0.4866048740290449,0.005342525051744107,0.12861252906492804,0.01709608016556394,43.7111541972966,63.150193835486576,0.7858179969967553,False,,True,validity_envelope_gamma_exceeded,658,6.57,0,
traj_00640,stall,20260823,31.399588196194404,877.4321069830688,0.17259578257352085,0.3492627766362692,0.05393618205422526,0.17259578257352085,-0.2126493222130137,31.399588196192926,37.175105369586284,0.7864133921860484,False,,True,validity_envelope_gamma_exceeded,342,3.41,0,
traj_00641,gradual_approach_v3,20260823,56.144255712404465,1118.6645771129893,0.03126555920846167,0.41328394382733685,0.009770487252644271,0.03126555920846167,-0.07960073072926793,56.14425571239747,75.56126190656332,0.7857503026983526,False,,True,validity_envelope_gamma_exceeded,1031,10.3,0,
traj_00642,normal,20260823,44.6767197672039,1060.254784382601,0.07000310405468782,0.3339638278523538,0.021875970017089946,0.07000310405468782,0.0464874698973385,44.67671976718445,49.56030042541689,0.10184774516458715,False,,False,completed_normally,2001,20.0,0,
traj_00643,gradual_approach_v3,20260823,60.83405260405455,995.0378469442362,0.021250358442459285,0.4605957649156981,0.006640737013268527,0.14909279760218427,0.021250358442459285,23.269871050082276,60.83405260406099,0.6881155763802772,False,,False,completed_normally,2001,20.0,0,
traj_00644,gradual_approach_v3,20260823,42.680845003724286,556.2239013257558,0.07998487951194394,0.32687080523116435,0.02499527484748248,0.07998487951194394,-0.015617832430784684,42.68084500372401,69.86685304780315,0.45190940595569995,False,,False,completed_normally,2001,20.0,0,
traj_00645,gradual_approach_v3,20260823,74.44202766736643,953.7003530724616,0.002035825945614157,0.6357602748691079,0.0006361956080044241,0.11344966497567044,0.00203582594544099,54.005362828348126,74.44202766736643,0.7876686840158035,False,,True,validity_envelope_gamma_exceeded,908,9.07,0,
traj_00646,gradual_approach_v3,20260823,49.797208301004716,1134.2386523645814,0.049485451342193086,0.3621336007155881,0.015464203544435338,0.23371790413487903,0.04948545134202632,17.90655636839263,49.797208301004716,0.6520817369533531,False,,False,completed_normally,2001,20.0,0,
traj_00647,gradual_approach_v3,20260823,44.594077469766475,1877.9057314971803,0.0703911256398859,0.33362275385991386,0.02199722676246434,0.25974733437853514,0.05318421521455091,18.941038658355776,49.3766504177648,0.5844164437519251,False,,False,completed_normally,2001,20.0,0,
traj_00648,gradual_approach_v3,20260823,45.4059772214109,1897.6594670089023,0.0666668720498978,0.33714194568935085,0.020833397515593065,0.06666687205004707,-0.054300547602883054,45.4059772214109,88.81343894668906,0.7223520232750615,False,,False,completed_normally,2001,20.0,0,
traj_00649,gradual_approach_v3,20260823,51.972550889175906,1818.4164857015878,0.04250132558793304,0.37783513774705485,0.013281664246229076,0.19644896492341635,0.03410525539766418,20.82256108593743,53.258644349730645,0.6150518346429821,False,,False,completed_normally,2001,20.0,0,
traj_00650,gradual_approach_v3,20260823,33.928785891345285,1472.662060374372,0.14455101888608587,0.332042454019194,0.04517219340190184,0.14455101888611355,-0.017409856867171503,33.928785891345285,61.06025839136647,0.49670693853193437,False,,False,completed_normally,2001,20.0,0,
traj_00651,stall,20260823,38.520310765546185,1158.8571910062494,0.10567935971541806,0.3208273933710765,0.033024799911068145,0.10567935971541806,-0.24105625524368024,38.52031076553763,42.961637533223865,0.7896346305915211,False,,True,validity_envelope_gamma_exceeded,720,7.19,0,
traj_00652,gradual_approach_v3,20260823,70.58447337623699,858.3070549269764,0.006384676317882381,0.5808330570713676,0.001995211349338244,0.10976700017268992,0.006384676317882381,46.24227397490738,70.58447337623767,0.7854551926894244,False,,True,validity_envelope_gamma_exceeded,765,7.640000000000001,0,
traj_00653,gradual_approach_v3,20260823,48.64679348663004,1192.5581351585577,0.05355343700084701,0.35467688962554417,0.01673544906276469,0.05355343700084701,-0.06731320479190472,48.64679348662462,70.10478716265118,0.786810295957053,False,,True,validity_envelope_gamma_exceeded,1034,10.33,0,
traj_00654,normal,20260823,34.18133860589267,816.0114721963064,0.14204696799169247,0.3308130783269396,0.0443896774974039,0.14351111104073128,0.14045048428453863,33.906071832181794,34.50643209969879,0.0102842834643273,False,,False,completed_normally,2001,20.0,0,
traj_00655,gradual_approach_v3,20260823,34.95796295003349,586.6058816663752,0.1346433877485134,0.3275279716758813,0.042076058671410434,0.13464338774853565,-0.022783901962603825,34.32429882045713,67.60153390689332,0.7550491578019285,False,,False,completed_normally,2001,20.0,0,
traj_00656,stall,20260823,62.53217670607092,1119.5055289576678,0.018160127541746736,0.4795017951315967,0.0056750398567958545,0.9150065127962853,0.0060043443390247475,24.242463537115693,71.61020979114959,0.720697390040803,True,1.83,False,completed_normally,2001,20.0,0,
traj_00657,gradual_approach_v3,20260823,54.73760623147433,1460.1411817191488,0.03477371188568921,0.4005907085336937,0.010866784964277877,0.03477371188568921,-0.057792524644946774,54.737606231465804,107.18050124986807,0.7642309329797293,False,,False,completed_normally,2001,20.0,0,
traj_00658,normal,20260823,48.72786317249092,1106.5339114301646,0.05325755723454849,0.35518228924090495,0.016642986635796404,0.1023183957404496,0.05325755723454849,39.294439600452094,48.72786317250246,0.14825650511433758,False,,False,completed_normally,2001,20.0,0,
traj_00659,normal,20260823,46.95695817832768,1528.52000315297,0.060063265671401286,0.3448654922629554,0.018769770522312903,0.060063265671401286,0.0343724362830884,46.956958178323774,53.41534721210112,0.10918754276290195,False,,False,completed_normally,2001,20.0,0,
traj_00660,gradual_approach_v3,20260823,64.35660680593621,1023.3402206771951,0.015105554775496091,0.5008048533756966,0.0047204858673425285,0.16518202812038293,0.015105554775496091,21.286079198855983,64.35660680593621,0.7517228668801834,False,,False,completed_normally,2001,20.0,0,
traj_00661,gradual_approach_v3,20260823,31.583644213137344,917.1983643617443,0.17035278946018598,0.34768061870332695,0.053235246706308116,0.2229151047595943,0.0159101245202265,21.61241482310445,53.23092975094144,0.5906527228931215,False,,False,completed_normally,2001,20.0,0,
traj_00662,gradual_approach_v3,20260823,38.79017537206173,1602.7741152795527,0.10377643216364021,0.32081061206672207,0.03243013505113757,0.456857011474894,0.06631106765685263,19.56446134965675,51.668977259630175,0.499929952504471,True,9.83,False,completed_normally,2001,20.0,0,
traj_00663,gradual_approach_v3,20260823,32.40039828889623,1991.5050048588278,0.16080768690851718,0.3413159186089295,0.05025240215891162,0.42702365922729846,0.12029167219351579,22.394024700903604,41.56968200687222,0.3016836907423623,True,6.01,False,completed_normally,2001,20.0,0,
traj_00664,gradual_approach_v3,20260823,65.44226979029338,1897.536292476508,0.013406467573951045,0.5139549066079373,0.0041895211168597015,0.14759638832246091,0.01340646757394388,45.0839599945591,65.44226979029338,0.7871186925689473,False,,True,validity_envelope_gamma_exceeded,809,8.08,0,
traj_00665,gradual_approach_v3,20260823,35.1485678352132,778.1296107096649,0.1328921461060081,0.32683168211084146,0.04152879565812753,0.2771603830650249,0.09283359596534829,23.012062685174868,46.45457306502021,0.3375196200860674,False,,False,completed_normally,2001,20.0,0,
traj_00666,normal,20260823,54.37567972892664,566.8320472971965,0.035719859768133855,0.39744347768246835,0.01116245617754183,0.05679367157285323,0.03571985976800994,48.88442929610708,54.37567972892664,0.10050762356819944,False,,False,completed_normally,2001,20.0,0,
traj_00667,gradual_approach_v3,20260823,32.182640299812455,682.611456747606,0.16328981158706163,0.342911023280973,0.051028066120956755,0.21899208143953935,-0.00872667840310748,21.691841351476953,54.29179114942026,0.5882288526099722,False,,False,completed_normally,2001,20.0,0,
traj_00668,gradual_approach_v3,20260823,47.53171862259641,1137.1607362039445,0.05777341645335407,0.3480448276591914,0.01805419264167315,0.19098970048915764,0.05258761734891837,24.698626152906414,48.10626914291799,0.4619737233790845,False,,False,completed_normally,2001,20.0,0,
traj_00669,stall,20260823,34.23503247050652,1379.0491680686364,0.14152084135473855,0.3305621321399746,0.0442252629233558,0.14657332688329971,0.13691065651203768,33.24012745429802,35.13667279451501,0.02916871916216944,False,,False,completed_normally,2001,20.0,0,
traj_00670,gradual_approach_v3,20260823,66.56030352258381,636.1768686353034,0.011741920426957979,0.5278576793154371,0.0036693501334243684,0.12965578853693782,0.011741920426957979,42.277960005167046,66.5603035225875,0.7869124893897044,False,,True,validity_envelope_gamma_exceeded,1030,10.290000000000001,0,
traj_00671,gradual_approach_v3,20260823,43.97364123448611,870.4831685765583,0.07337145969655626,0.3311895699398767,0.022928581155173832,0.07337145969655626,-0.024382022632891243,43.97364123448592,76.37494770635296,0.534018913059158,False,,False,completed_normally,2001,20.0,0,
traj_00672,gradual_approach_v3,20260823,68.40805962512871,936.495914230077,0.009165855852359444,0.551619829557888,0.002864329953862326,0.10935984052988634,0.009165855852359444,45.70391169620416,68.40805962512871,0.7867690162166107,False,,True,validity_envelope_gamma_exceeded,820,8.19,0,
traj_00673,gradual_approach_v3,20260823,71.20663118521978,805.454938587971,0.005635668762628585,0.5894225730526176,0.0017611464883214329,0.005635668762628585,-0.07684801065346042,71.20663118519407,90.73063489339273,0.7874797693973242,False,,True,validity_envelope_gamma_exceeded,1180,11.790000000000001,0,
traj_00674,gradual_approach_v3,20260823,31.040910738893423,1102.070095855974,0.17707107850703088,0.3525101094303384,0.055334712033447156,0.46325308578176677,0.1560478467900087,25.964854399412342,34.90316002459447,0.15603730761948498,True,7.17,False,completed_normally,2001,20.0,0,
traj_00675,normal,20260823,62.842314193483205,1691.3098906032878,0.017622285667187366,0.4830516704323429,0.0055069642709960525,0.017622285667345135,-0.014776189748867519,62.842314193483205,75.04242137834146,0.18309823149936233,False,,False,completed_normally,2001,20.0,0,
traj_00676,gradual_approach_v3,20260823,62.193783788760264,1818.7342797100166,0.01875605503381503,0.47566235937584844,0.005861267198067197,0.01875605503381503,-0.08114462771673903,62.193783788760264,83.6030013342941,0.7871428009689238,False,,True,validity_envelope_gamma_exceeded,1078,10.77,0,
traj_00677,normal,20260823,73.70653928529154,1793.0576118465224,0.0028130878631225124,0.624983306857708,0.0008790899572257851,0.006221400322790227,-0.03563800896486363,73.70653928529154,94.72471780498726,0.3198288815161738,False,,False,completed_normally,2001,20.0,0,
traj_00678,gradual_approach_v3,20260823,40.03326824578436,1329.8669166271113,0.0954663638633606,0.3215119943729292,0.02983323870730019,0.2664260526456889,0.07866465949998447,21.67811312548154,44.35707807043233,0.4540188308988073,False,,False,completed_normally,2001,20.0,0,
traj_00679,gradual_approach_v3,20260823,48.88147731673521,1671.2895614722802,0.05270083288126882,0.35614840100485723,0.016469010275396507,0.18833786299004318,0.052700832881227795,22.74094867571575,48.88147731673521,0.5122073508475276,False,,False,completed_normally,2001,20.0,0,
traj_00680,gradual_approach_v3,20260823,40.21190664560415,1276.8040507896137,0.09433073956035692,0.3217136278957668,0.02947835611261154,0.3172613773330912,0.05967269423202187,20.956733743742866,53.20547612433102,0.4771846622758107,True,8.09,False,completed_normally,2001,20.0,0,
traj_00681,gradual_approach_v3,20260823,62.4959036764491,1362.4308048992007,0.01822354927135035,0.4790885437507409,0.0056948591472969845,0.01822354927135035,-0.07473077036609765,62.495903676448634,82.44945533832653,0.7862408133743358,False,,True,validity_envelope_gamma_exceeded,751,7.5,0,
traj_00682,gradual_approach_v3,20260823,56.268471895169114,537.2923949738865,0.03096813168742841,0.41443943634536234,0.009677541152321379,0.16234309268718874,0.025006545164047655,22.519842380162455,56.56584036580565,0.6146617885455766,False,,False,completed_normally,2001,20.0,0,
traj_00683,gradual_approach_v3,20260823,53.198317333095616,1656.9027929245003,0.03892981475253701,0.38755204502350943,0.012165567110167816,0.03892981475264855,-0.07643497206319966,53.198317333095616,78.72588983684814,0.7856385835790254,False,,True,validity_envelope_gamma_exceeded,911,9.1,0,
traj_00684,gradual_approach_v3,20260823,50.474484579852216,1737.2975585498239,0.04721627271371226,0.3668031360488792,0.014755085223035081,0.18191899390062463,0.031970720243240824,21.613050800358973,56.77990133323609,0.5642232626118362,False,,False,completed_normally,2001,20.0,0,
traj_00685,normal,20260823,64.54533094514056,1277.4305393163118,0.014804102727766992,0.5030657124137602,0.004626282102427185,0.04691281746390469,0.014804102727766992,55.22629217476951,64.5453309451697,0.14748397285371362,False,,False,completed_normally,2001,20.0,0,
traj_00686,gradual_approach_v3,20260823,37.738246041195765,1993.2572197921015,0.11140694512071855,0.3212371278014007,0.03481467035022454,0.11140694512071855,-0.043524693090096656,37.738246041194834,71.17477095231966,0.613730905533743,False,,False,completed_normally,2001,20.0,0,
traj_00687,gradual_approach_v3,20260823,70.9291406345826,1326.8560453184948,0.005967325509860337,0.58557857020131,0.0018647892218313553,0.005967325510038572,-0.05849707500345391,70.9291406345826,118.74805047179815,0.6617065355802434,False,,False,completed_normally,2001,20.0,0,
traj_00688,stall,20260823,66.02302116978413,1480.5363173740225,0.012531402145655384,0.5211313028879967,0.003916063170517308,0.6299480057979597,0.012531402145540074,56.11622777601645,66.02302116978413,0.7866437303674564,True,2.09,True,validity_envelope_gamma_exceeded,313,3.12,0,
traj_00689,stall,20260823,63.13062134746458,1316.9557560305295,0.017129305909844142,0.4863781283542008,0.005352908096826294,0.9885266602698977,0.014167320015658846,33.03654715904358,63.80503609798798,0.5289895275916283,True,1.53,False,completed_normally,2001,20.0,0,
traj_00690,gradual_approach_v3,20260823,42.29048220154859,1996.2224189600945,0.08209607234062283,0.3257757253659291,0.025655022606444634,0.08209607234076519,-0.02566643270552682,42.29048220154859,78.98369143524297,0.6068776152866078,False,,False,completed_normally,2001,20.0,0,
traj_00691,normal,20260823,41.83956585659205,1680.572027526224,0.08460478287885051,0.32463688529509066,0.026438994649640783,0.10895312737174517,0.039498705159597136,36.79010376316681,48.283680106365075,0.18412062078211203,False,,False,completed_normally,2001,20.0,0,
traj_00692,normal,20260823,56.25404102464413,1104.457777255406,0.031002586042814428,0.4143049124826913,0.009688308138379507,0.0608271004043442,-0.010368287623044994,51.489597136340166,61.144727536251565,0.16433571308040418,False,,False,completed_normally,2001,20.0,0,
traj_00693,gradual_approach_v3,20260823,55.459980043633365,1906.2631403905104,0.03293937719231374,0.40701856426046457,0.010293555372598044,0.03293937719231374,-0.07540751144599667,55.459980043633365,76.85099972479973,0.7861265496213841,False,,True,validity_envelope_gamma_exceeded,1118,11.17,0,
traj_00694,normal,20260823,62.093656247453104,1410.8334012463454,0.018934231259024898,0.4745331104296977,0.00591694726844528,0.019289757193899897,0.01879148147729851,61.78168066061148,62.22499094911067,0.003946394089126285,False,,False,completed_normally,2001,20.0,0,
traj_00695,stall,20260823,42.572471064667106,1908.0180415882264,0.08056547123496094,0.3265567827810615,0.025176709760925294,0.08144725093358851,0.07976744206783823,42.283414756120536,42.846184964113434,0.005496414119580489,False,,False,completed_normally,2001,20.0,0,
traj_00696,gradual_approach_v3,20260823,57.63262538989936,1148.3728775576808,0.027825226302075803,0.42748848157997005,0.00869538321939869,0.16871659406675757,0.027825226302060364,21.715834396573044,57.63262538989936,0.6445622393020171,False,,False,completed_normally,2001,20.0,0,
traj_00697,gradual_approach_v3,20260823,71.86235949558538,1327.9349562260363,0.0048670045752548085,0.5985887485792878,0.0015209389297671275,0.11842380172497968,0.0048670045750779985,48.56497796729684,71.86235949558538,0.7857687765107639,False,,True,validity_envelope_gamma_exceeded,959,9.58,0,
traj_00698,gradual_approach_v3,20260823,46.79706288749831,1156.4450367441552,0.06071485162224861,0.3440108032090311,0.018973391131952688,0.06071485162235062,-0.06877912527274765,46.79706288749831,69.26938525409177,0.785480666489594,False,,True,validity_envelope_gamma_exceeded,928,9.27,0,
traj_00699,gradual_approach_v3,20260823,72.41769469205529,1189.8914871579232,0.004232131529381357,0.6064417754236183,0.0013225411029316742,0.1163616404157945,0.0042321315292535916,25.971123151301335,72.41769469205529,0.7242039614812138,False,,False,completed_normally,2001,20.0,0,
traj_00700,gradual_approach_v3,20260823,69.83909962621553,1458.2843858031565,0.0073082419746103786,0.5706812168890771,0.0022838256170657433,0.0073082419746103786,-0.07894179194144108,69.83909962619188,90.61235419054468,0.7863407583628456,False,,True,validity_envelope_gamma_exceeded,1227,12.26,0,
traj_00701,normal,20260823,72.47529212101705,1310.1785813930571,0.004167110753329786,0.6072609768580529,0.001302222110415558,0.034458512715628775,0.0041671107531817825,58.45377628662567,72.47529212101705,0.20538855772835912,False,,False,completed_normally,2001,20.0,0,
traj_00702,gradual_approach_v3,20260823,61.27263510850878,701.8578967264052,0.020427895413801415,0.46539179121652097,0.006383717316812942,0.020427895413875904,-0.06474876068230562,61.27263510850878,115.46739746749658,0.7420778127900545,False,,False,completed_normally,2001,20.0,0,
traj_00703,gradual_approach_v3,20260823,56.28802688409824,1793.501748970535,0.030921484835189625,0.41462184596024826,0.009662964010996759,0.1773090600585614,0.030921484835022113,21.11693799304042,56.28802688409824,0.6828167691954843,False,,False,completed_normally,2001,20.0,0,
traj_00704,normal,20260823,68.35837073694272,696.7841325020266,0.009232437576688842,0.5509682111831974,0.0028851367427152634,0.009384297221871434,0.008770349896467047,68.17858568400017,68.88888342755881,0.005763543828725304,False,,False,completed_normally,2001,20.0,0,
traj_00705,normal,20260823,74.70554939006068,1971.6035109800068,0.0017628566782832472,0.6396560183306629,0.0005508927119635147,0.0334011094888364,0.0017628566782832472,56.190206432194884,74.7055493900686,0.2542355716091807,False,,False,completed_normally,2001,20.0,0,
traj_00706,gradual_approach_v3,20260823,69.99096859048899,1983.4740335426443,0.00711769494140733,0.5727373072667161,0.0022242796691897904,0.00711769494140733,-0.07164830472135242,69.99096859048899,89.7584092580702,0.7858785400669235,False,,True,validity_envelope_gamma_exceeded,1057,10.56,0,
traj_00707,gradual_approach_v3,20260823,34.549592842747856,1072.1208185434339,0.13848169512015449,0.32916398934389945,0.04327552972504828,0.1384816951201843,-0.0014842880528108116,34.549592842747856,57.3733531255057,0.47579441665454314,False,,False,completed_normally,2001,20.0,0,
traj_00708,gradual_approach_v3,20260823,45.47036279563159,775.7634129683911,0.06637971409853213,0.3374368407411405,0.020743660655791293,0.22220542769844032,0.06637971409838994,20.261642766201053,45.47036279563159,0.5557724700902168,False,,False,completed_normally,2001,20.0,0,
traj_00709,gradual_approach_v3,20260823,66.43432661150538,1292.8777834453804,0.011925332105061175,0.5262730653548523,0.0037266662828316175,0.1572704300779933,0.011925332105061175,21.82826229881384,66.43432661151262,0.7746055516818596,False,,False,completed_normally,2001,20.0,0,
traj_00710,gradual_approach_v3,20260823,37.73315801912339,921.2882210781688,0.11144527705132773,0.3212416008532217,0.03482664907853992,0.35934385190127915,0.0953244803714624,21.136202426452435,41.27043039157989,0.4372287111180743,True,10.71,False,completed_normally,2001,20.0,0,
traj_00711,gradual_approach_v3,20260823,70.25770752809169,954.5737735099445,0.006785978828375202,0.5763638745367725,0.0021206183838672504,0.006785978828375202,-0.07754840942530916,70.25770752808675,82.92856423388235,0.785584085302751,False,,True,validity_envelope_gamma_exceeded,701,7.0,0,
traj_00712,gradual_approach_v3,20260823,45.5488065347173,1897.3753225000419,0.06603144027924909,0.3377992107810681,0.02063482508726534,0.2489359633478465,0.049992851593265275,17.69470786519651,49.42160780667056,0.6292116988691203,False,,False,completed_normally,2001,20.0,0,
traj_00713,stall,20260823,33.299723663445334,1576.5489522537057,0.15100558827940533,0.3354670351256898,0.04718924633731417,0.15100558827940533,-0.3076296361457479,33.299723663444055,37.27041300023811,0.7889044131619901,True,2.72,True,validity_envelope_gamma_exceeded,327,3.2600000000000002,0,
traj_00714,gradual_approach_v3,20260823,65.81752906449564,1702.4103004478122,0.012838417185728646,0.5185807894164497,0.004012005370540202,0.13489012824258118,0.01283841718569644,42.82758993042491,65.81752906449564,0.7862372055573545,False,,True,validity_envelope_gamma_exceeded,784,7.83,0,
traj_00715,gradual_approach_v3,20260823,45.34593917719184,958.3386924479418,0.06693570154562561,0.3368690283758919,0.020917406733008004,0.276311592650123,0.03908438263691538,18.883530201360404,57.59387474140365,0.5931387479262921,False,,False,completed_normally,2001,20.0,0,
traj_00716,gradual_approach_v3,20260823,65.9391872524631,1625.8376232715054,0.012656311371212241,0.5200892973036464,0.003955097303503826,0.012656311371212241,-0.07552300223485814,65.93918725243786,86.64003952630831,0.7869101258396701,False,,True,validity_envelope_gamma_exceeded,1135,11.34,0,
traj_00717,gradual_approach_v3,20260823,60.52341611582363,1872.271879963153,0.021843586883998085,0.4572360069420196,0.006826120901249402,0.17420917894201166,0.019430296664442515,20.87806339758843,60.52341611582415,0.7178800289339171,False,,False,completed_normally,2001,20.0,0,
traj_00718,gradual_approach_v3,20260823,50.070366113298675,514.7787791007036,0.04855944260030105,0.363992470749314,0.01517482581259408,0.048559442600314806,-0.03806278323885026,50.070366113298675,84.8854632785859,0.5498400644198513,False,,False,completed_normally,2001,20.0,0,
traj_00719,gradual_approach_v3,20260823,74.75064236400388,955.060427004268,0.0017164334824883217,0.6403244580597114,0.0005363854632776005,0.09222427249437859,0.0017164334824883217,55.336273042208646,74.75064236401603,0.7864311080724631,False,,True,validity_envelope_gamma_exceeded,1088,10.870000000000001,0,
traj_00720,gradual_approach_v3,20260823,32.63401219414879,1366.7862030601061,0.15819321848232645,0.33968398538667954,0.04943538077572702,0.15819321848237097,0.023297740484437224,32.63401219414879,53.638748852662076,0.4135268312070922,False,,False,completed_normally,2001,20.0,0,
traj_00721,normal,20260823,60.626549590313644,1583.8830745482835,0.021645633346268126,0.4583480386909171,0.00676426042070879,0.021752272920260916,0.021016727134305954,60.52729299534286,61.15342263907335,0.007159814508044537,False,,False,completed_normally,2001,20.0,0,
traj_00722,stall,20260823,59.57732642283666,1905.4215603144514,0.023707057499875447,0.44719549372856965,0.007408455468711077,0.02370705750004474,-0.24026513003103278,59.57732642283666,61.88258519825568,0.7914907588688691,False,,True,validity_envelope_gamma_exceeded,386,3.85,0,
traj_00723,normal,20260823,36.74265054955345,1892.1854737747994,0.1191847901990071,0.3225792783686181,0.03724524693718972,0.17034741691992206,0.0674257168618306,34.108849257622985,40.59289661388773,0.12569989165136036,False,,False,completed_normally,2001,20.0,0,
traj_00724,gradual_approach_v3,20260823,63.63750216370939,1862.584145703058,0.016278574828187634,0.49228783888155386,0.0050870546338086355,0.016278574828187634,-0.06198638238631704,63.63750216369125,110.66078447887047,0.6901955061344985,False,,False,completed_normally,2001,20.0,0,
traj_00725,gradual_approach_v3,20260823,61.60443913809351,524.0215127522782,0.019817153729112302,0.46906064414459003,0.0061928605403475945,0.2235640253219167,0.01981715372902662,17.269993033016572,61.60443913809351,0.7832391328471993,False,,False,completed_normally,2001,20.0,0,
traj_00726,gradual_approach_v3,20260823,51.05284291141102,898.2757226558061,0.04534787371971319,0.3709493284091499,0.014171210537410371,0.23080665097528907,0.022677182323959877,17.90988347892508,62.875751190270734,0.6695060778684516,False,,False,completed_normally,2001,20.0,0,
traj_00727,gradual_approach_v3,20260823,56.507863242189714,1102.0233725365704,0.030400355243245632,0.4166818855134245,0.009500111013514261,0.030400355243349955,-0.055232082810464544,56.507863242189714,102.7619039202343,0.6651797821823489,False,,False,completed_normally,2001,20.0,0,
traj_00728,gradual_approach_v3,20260823,30.144329673403192,702.4902965157568,0.18891745077873806,0.3616290280141178,0.05903670336835565,0.2535558597050479,0.027807818013935115,19.118331879359683,53.467186027495266,0.675039394336103,False,,False,completed_normally,2001,20.0,0,
traj_00729,gradual_approach_v3,20260823,30.384747241220484,1284.0324680683552,0.18564186450173648,0.3590379089869382,0.05801308265679265,0.2808171343164563,0.042491116646934224,19.43590797798347,47.469422165857154,0.49386863817896315,True,20.0,False,completed_normally,2001,20.0,0,
traj_00730,gradual_approach_v3,20260823,64.47541050235098,1918.343111494829,0.014915482784138137,0.5022268499541253,0.004661088370043168,0.014915482784244967,-0.07249405464142367,64.47541050235098,84.07078116243187,0.7857310496861217,False,,True,validity_envelope_gamma_exceeded,990,9.89,0,
traj_00731,normal,20260823,57.43156019026864,1082.1261536319926,0.02827465729409406,0.42552425825094486,0.008835830404404395,0.054079722611602474,-0.000638581401272334,51.960925096692094,61.332602217692795,0.14686261291316804,False,,False,completed_normally,2001,20.0,0,
traj_00732,gradual_approach_v3,20260823,58.61777949406533,626.7291434137526,0.025688579662114488,0.4373127090949387,0.008027681144410779,0.13377877869397675,0.025688579662114488,26.457690046957612,58.61777949406533,0.5801822402105156,False,,False,completed_normally,2001,20.0,0,
traj_00733,gradual_approach_v3,20260823,46.59370905890887,1140.9495779486858,0.06155292331416033,0.342942835397329,0.019235288535675105,0.20988907680694646,0.034562943930372736,20.827298745245074,59.97245435227577,0.5512669545194885,False,,False,completed_normally,2001,20.0,0,
traj_00734,gradual_approach_v3,20260823,66.64686763786025,1822.9052916341586,0.011616486143420583,0.5289491814314352,0.0036301519198189323,0.011616486143420583,-0.08519481122270173,66.64686763782208,86.83058464880796,0.7855756235125576,False,,True,validity_envelope_gamma_exceeded,1204,12.030000000000001,0,
traj_00735,gradual_approach_v3,20260823,30.775810270993397,1973.8611655319553,0.18047166076602184,0.3550538781833355,0.056397393989381824,0.30117751782070873,0.04577160307150702,18.632734320763014,48.3916730817688,0.5005361751373413,True,19.66,False,completed_normally,2001,20.0,0,
traj_00736,gradual_approach_v3,20260823,42.69306549071475,1629.7991813061258,0.07991967413030152,0.3269066933957904,0.024974898165719225,0.07991967413036379,-0.04976507111296513,42.69306549071475,80.48196770314387,0.6411781495085704,False,,False,completed_normally,2001,20.0,0,
traj_00737,gradual_approach_v3,20260823,59.12736076444141,1665.369220018526,0.02462442953107386,0.4425230028148939,0.007695134228460581,0.02462442953111319,-0.06665130093669197,59.12736076444141,113.08311218841733,0.7428446514456774,False,,False,completed_normally,2001,20.0,0,
traj_00738,gradual_approach_v3,20260823,62.967294577836434,837.6473396693788,0.01740775913513275,0.4844905598574331,0.005439924729728984,0.12507732632503332,0.01740775913495458,25.884004250030387,62.967294577836434,0.6451658468057337,False,,False,completed_normally,2001,20.0,0,
traj_00739,gradual_approach_v3,20260823,64.64883145665038,923.1881821494972,0.014639886229528071,0.5043101148516157,0.004574964446727522,0.014639886229687154,-0.07977141226719908,64.64883145665038,82.86020932032804,0.7873286827269644,False,,True,validity_envelope_gamma_exceeded,986,9.85,0,
traj_00740,gradual_approach_v3,20260823,37.369657276362574,1666.8863220184326,0.11422078175295153,0.3216235126585018,0.035693994297797356,0.11422078175295153,-0.007059435549798099,37.36965727636018,63.51704338534141,0.4607925413452476,False,,False,completed_normally,2001,20.0,0,
traj_00741,gradual_approach_v3,20260823,69.0601982424726,716.8128608857894,0.008305147061456106,0.5602358444669461,0.0025953584567050335,0.10636269859742009,0.008305147061454925,49.06963744651987,69.0601982424726,0.7863795519353985,False,,True,validity_envelope_gamma_exceeded,791,7.9,0,
traj_00742,gradual_approach_v3,20260823,47.14024193836869,1732.2013511527507,0.0593242484948761,0.3458612501969815,0.01853882765464878,0.2740027444809452,0.05411481389281547,16.2048974495201,47.14024193836869,0.6862710311749014,False,,False,completed_normally,2001,20.0,0,
traj_00743,stall,20260823,51.69090510962591,1362.287544861663,0.04335727404208256,0.37568890683516504,0.0135491481381508,1.0330007327654342,0.032919788679677445,44.127691371009696,58.05608916339381,0.27969923838424854,True,3.94,False,completed_normally,2001,20.0,0,
traj_00744,gradual_approach_v3,20260823,44.97048788262551,1207.5901205588018,0.06864039394616547,0.3352079424701413,0.021450123108176712,0.06864039394616547,-0.062288593469942755,44.970487882623274,88.92914817333441,0.6941813092115618,False,,False,completed_normally,2001,20.0,0,
traj_00745,gradual_approach_v3,20260823,35.17482211223772,1202.6044548271848,0.13265289618295575,0.32673906669827263,0.04145403005717368,0.3574292250585914,0.09281595606027988,21.634980205613367,46.294758217391795,0.3807395395859526,True,8.84,False,completed_normally,2001,20.0,0,
traj_00746,gradual_approach_v3,20260823,33.05579220416241,1561.9093189375803,0.15359530748586323,0.3369393798733187,0.04799853358933226,0.1731076796082942,2.0617789443677648e-05,25.90794256604149,56.45669851634618,0.5996503035736159,False,,False,completed_normally,2001,20.0,0,
traj_00747,gradual_approach_v3,20260823,45.71324683090597,1217.2416023718204,0.0653069563744891,0.33856978404586,0.020408423867027847,0.23333667585999046,0.06530695637443332,19.80218041241055,45.71324683090597,0.5694641893657059,False,,False,completed_normally,2001,20.0,0,
traj_00748,gradual_approach_v3,20260823,55.90443297215873,527.7720817599073,0.03184532229170646,0.41106875083289596,0.009951663216158268,0.158940820212592,0.025898321163565163,22.92051652006971,56.33230107382621,0.5735330765549612,False,,False,completed_normally,2001,20.0,0,
traj_00749,gradual_approach_v3,20260823,51.90690875493629,1528.3963721582577,0.04269960098502096,0.3773319916222709,0.01334362530781905,0.04269960098502096,-0.07669813969238481,51.9069087549352,72.01734291779074,0.7855693345779333,False,,True,validity_envelope_gamma_exceeded,1102,11.01,0,
traj_00750,normal,20260823,53.88527481016759,616.4200825546709,0.03703183951425171,0.3932583789458805,0.011572449848203659,0.03703196929226871,0.018923263037846673,53.8246851320135,59.04529572054598,0.0983753333028725,False,,False,completed_normally,2001,20.0,0,
traj_00751,gradual_approach_v3,20260823,32.194262466014315,877.406616657463,0.1631562154752285,0.34282405959264284,0.050986317336008904,0.49986329945278474,0.12021037215108801,22.092509754166933,41.86454752343525,0.3182272856495162,True,4.46,False,completed_normally,2001,20.0,0,
traj_00752,normal,20260823,49.18655183162151,1872.360057681527,0.05161019688852611,0.35809965702567764,0.01612818652766441,0.08539862355535523,0.05161019688852611,40.84792183401723,49.18655183163122,0.16754567441648993,False,,False,completed_normally,2001,20.0,0,
traj_00753,gradual_approach_v3,20260823,40.82416657414764,1452.0218696322663,0.09054382592756388,0.32258776562546315,0.02829494560236371,0.09054382592760067,-0.013410536364916792,40.82416657414764,66.56286368727763,0.45253745289957115,False,,False,completed_normally,2001,20.0,0,
traj_00754,stall,20260823,45.99524974630116,1651.4279164811392,0.06408191247039635,0.33992543655363366,0.02002559764699886,0.06408191247039635,-0.5081174385079997,45.995249746299024,49.33912211162495,0.7860881314431974,True,3.17,True,validity_envelope_gamma_exceeded,395,3.94,0,
traj_00755,gradual_approach_v3,20260823,63.03209126279212,1474.791125131285,0.017297032486039175,0.4852384405029955,0.005405322651887242,0.017297032486039175,-0.07463735249744607,63.03209126278527,82.1996366470381,0.7866291521689979,False,,True,validity_envelope_gamma_exceeded,1021,10.200000000000001,0,
traj_00756,gradual_approach_v3,20260823,57.59507553622305,1920.0367057256124,0.02790880793294587,0.4271205927413776,0.008721502479045585,0.19704468569446076,0.02790880793294587,19.37393718268843,57.595075536230155,0.742239573571452,False,,False,completed_normally,2001,20.0,0,
traj_00757,normal,20260823,38.85268505603084,1897.37421961052,0.10334085534567633,0.32081558387376174,0.03229401729552385,0.10429341728838473,0.10235896785223111,38.60494072563009,39.12251494630798,0.007383312704072927,False,,False,completed_normally,2001,20.0,0,
traj_00758,gradual_approach_v3,20260823,54.17503285987903,1973.8172899551287,0.03625242634742579,0.39572006037107743,0.011328883233570558,0.18225986676587377,0.022124939684766032,20.98047494332012,60.608864681122704,0.6530497240061945,False,,False,completed_normally,2001,20.0,0,
traj_00759,stall,20260823,58.36988786079027,1842.0904805542884,0.02621620116361726,0.4348096113728441,0.008192562863630395,0.9935683458681503,0.02621620116361726,35.53958845553702,58.369887860798194,0.4264684982692966,True,4.34,False,completed_normally,2001,20.0,0,
traj_00760,gradual_approach_v3,20260823,39.20117837689489,907.6303468069616,0.10094768278840316,0.32090332661573806,0.03154615087137599,0.10094768278842943,-0.04021894962514333,39.20117837689489,74.37400951930144,0.607509706930571,False,,False,completed_normally,2001,20.0,0,
traj_00761,gradual_approach_v3,20260823,58.601280068878005,953.4904667600592,0.025723492884310962,0.43714546191848974,0.008038591526347175,0.025723492884310962,-0.06746706764575061,58.60128006887106,108.73693406559673,0.7177261761055498,False,,False,completed_normally,2001,20.0,0,
traj_00762,gradual_approach_v3,20260823,66.75085087775471,1981.49982522949,0.011466448509210758,0.5302631694862553,0.0035832651591283615,0.11678524379432909,0.011466448509210758,43.25384984398037,66.75085087775614,0.7860170599626651,False,,True,validity_envelope_gamma_exceeded,693,6.92,0,
traj_00763,gradual_approach_v3,20260823,74.15254211565639,1424.0388635753873,0.002339019732480093,0.6315015927337521,0.0007309436664000291,0.0859969537612578,0.0023390197324265455,30.833434385579416,74.15254211565639,0.6574824510327563,False,,False,completed_normally,2001,20.0,0,
traj_00764,gradual_approach_v3,20260823,57.304001976467525,1187.3763319919335,0.02856219867144685,0.4242853938012688,0.00892568708482714,0.02856219867144685,-0.04814831865845204,57.30400197645133,101.26914057535771,0.6453323728361983,False,,False,completed_normally,2001,20.0,0,
traj_00765,gradual_approach_v3,20260823,35.20253398865969,966.2326586983571,0.13240087685329147,0.3266421679007969,0.041375274016653585,0.4855207522829819,0.09713819349767157,22.763960581745465,44.72245462095629,0.34483692792052884,True,9.58,False,completed_normally,2001,20.0,0,
traj_00766,gradual_approach_v3,20260823,54.603781047512435,1667.4081503823656,0.03512140650980285,0.3994212442609679,0.01097543953431339,0.03512140650990537,-0.0724450592696092,54.603781047512435,75.6632433021363,0.7854078243878345,False,,True,validity_envelope_gamma_exceeded,1056,10.55,0,
traj_00767,gradual_approach_v3,20260823,74.83463516360997,1193.4397374530524,0.0016301845345144748,0.6415709434768595,0.0005094326670357734,0.0987058334114691,0.0016301845344291342,53.483124978776296,74.83463516360997,0.7865652108408873,False,,True,validity_envelope_gamma_exceeded,1160,11.59,0,
traj_00768,gradual_approach_v3,20260823,30.53677421723715,1728.2928506442759,0.18360937898184246,0.35745567245804466,0.05737793093182576,0.4047740170629114,0.154485163602515,24.557156207004887,35.791939024015264,0.18590462579889627,True,4.3500000000000005,False,completed_normally,2001,20.0,0,
traj_00769,normal,20260823,69.3783075165821,1939.453613320559,0.007893987709567063,0.5644815731949009,0.002466871159239707,0.026009536021304694,0.007893987709553745,61.36013762220828,69.3783075165821,0.11778553918564727,False,,False,completed_normally,2001,20.0,0,
traj_00770,normal,20260823,62.52595439029191,1147.270471581977,0.018170999233265168,0.47943087668354073,0.005678437260395365,0.05761793215643786,0.018170999233083747,45.9582595243537,62.52595439029191,0.24598355474820163,False,,False,completed_normally,2001,20.0,0,
traj_00771,gradual_approach_v3,20260823,35.059356057793345,1707.9275034643022,0.13370866697054648,0.3271523274564414,0.04178395842829578,0.29254470691608225,0.10109223324029168,22.38943739421491,43.47400418734549,0.3549782524078465,True,10.120000000000001,False,completed_normally,2001,20.0,0,
traj_00772,normal,20260823,38.75490266246312,1044.4916909247784,0.10402307584972922,0.3208092684166711,0.032507211203040384,0.10534087819455332,0.10277495291273538,38.40064376829237,39.08240390585633,0.009743569653471326,False,,False,completed_normally,2001,20.0,0,
traj_00773,gradual_approach_v3,20260823,59.08839346198736,1816.9386057700647,0.024704847603944268,0.44212151621909,0.007720264876232584,0.024704847603944268,-0.06541627867217836,59.08839346196344,104.47795086958666,0.7026586377663723,False,,False,completed_normally,2001,20.0,0,
traj_00774,gradual_approach_v3,20260823,50.40467046464619,1638.6057204882563,0.04744606414652966,0.3663124509766929,0.014826895045790519,0.04744606414655209,-0.07382146845246584,50.40467046464619,71.13180103824993,0.7862487611118666,False,,True,validity_envelope_gamma_exceeded,935,9.34,0,
traj_00775,gradual_approach_v3,20260823,45.74821284137403,1734.7453275533433,0.06515387431792763,0.33873553702813836,0.020360585724352384,0.29704731509704946,0.04494569080657773,18.13924817117158,52.41072867156085,0.6180453607890403,True,10.09,False,completed_normally,2001,20.0,0,
traj_00776,stall,20260823,32.4590068358966,628.9390479043243,0.16014712270017287,0.340898861418461,0.05004597584380402,1.212543828918738,0.0704099937561881,31.224793201831485,53.32802708166621,0.6744510318933129,True,2.66,False,completed_normally,2001,20.0,0,
traj_00777,stall,20260823,41.94301749914487,1864.7895563977654,0.08402244599286765,0.32488602484907186,0.026257014372771142,0.08402244599299533,-0.5121446855032659,41.94301749914487,45.77934375738679,0.7892566259195164,True,4.41,True,validity_envelope_gamma_exceeded,526,5.25,0,
traj_00778,normal,20260823,66.70034153207348,1623.9312277161928,0.011539241882320542,0.5296245187102062,0.0036060130882251693,0.011831086060453253,0.011038301323540788,66.38907844883948,67.2393606190394,0.0035791933678822607,False,,False,completed_normally,2001,20.0,0,
traj_00779,gradual_approach_v3,20260823,65.35900103088342,1925.2179835878217,0.013533828940588227,0.5129340189168874,0.004229321543933821,0.013533828940640816,-0.07348439132526274,65.35900103088342,86.3717379603822,0.7867533510305367,False,,True,validity_envelope_gamma_exceeded,825,8.24,0,
traj_00780,gradual_approach_v3,20260823,55.94467034215706,1569.2875418277742,0.03174753797802152,0.411438966126678,0.009921105618131724,0.12753306908952927,0.03174753797794038,26.705788838348628,55.94467034215706,0.5262185982760909,False,,False,completed_normally,2001,20.0,0,
traj_00781,gradual_approach_v3,20260823,41.86762990360429,808.8733688145415,0.08444640473716147,0.32470375008629543,0.02638950148036296,0.27617623075683023,0.051328028147652416,20.76201357333156,55.43696469174176,0.5033555745138093,False,,False,completed_normally,2001,20.0,0,
traj_00782,gradual_approach_v3,20260823,65.26694687853518,1380.4089189483168,0.013675188883311453,0.5118077867618164,0.0042734965260348284,0.1332514944368104,0.01367518888322599,42.182588972263886,65.26694687853518,0.7863208261642269,False,,True,validity_envelope_gamma_exceeded,1201,12.0,0,
traj_00783,normal,20260823,55.85473289074602,1702.6107860476552,0.03196638958849499,0.41061227994177396,0.009989496746404683,0.03211704256479714,0.013855721232564136,55.64155082957897,61.34104959142635,0.0960974904927752,False,,False,completed_normally,2001,20.0,0,
traj_00784,normal,20260823,32.98527182297691,1240.2059415132007,0.15435334755924587,0.3373805466448686,0.04823542111226433,0.1561972807220941,0.15202975841938046,32.669089011428866,33.422591096530475,0.012139278166161097,False,,False,completed_normally,2001,20.0,0,
traj_00785,stall,20260823,41.97107081817122,1149.6700389068894,0.08386523343835914,0.3249548392879465,0.02620788544948723,0.08386523343835914,-0.24009980230586592,41.97107081817065,45.922135522545425,0.7856854320137819,False,,True,validity_envelope_gamma_exceeded,317,3.16,0,
traj_00786,gradual_approach_v3,20260823,43.39427420272625,1749.2759181483452,0.07626559467108487,0.3291255843147801,0.023832998334714025,0.24797636594497807,0.045569315501842345,20.347662074885964,56.595340917767885,0.5323243891948188,False,,False,completed_normally,2001,20.0,0,
traj_00787,gradual_approach_v3,20260823,62.81208477926026,1168.9264400673467,0.01767436389351952,0.482704360424857,0.00552323871672485,0.01767436389351952,-0.07378367196274555,62.812084779255855,83.89827122735852,0.785866242575594,False,,True,validity_envelope_gamma_exceeded,1171,11.700000000000001,0,
traj_00788,gradual_approach_v3,20260823,68.39410170189893,674.908132877132,0.009184544579847808,0.5514367160000777,0.0028701701812024402,0.11018860969063538,0.009184544579711728,45.86468608733672,68.39410170189893,0.7855962846914807,False,,True,validity_envelope_gamma_exceeded,1084,10.83,0,
traj_00789,normal,20260823,49.253941605441476,1380.3644383085932,0.05137193504389346,0.3585364807003657,0.016053729701216705,0.10854095729169846,0.05137193504388792,38.14021513561533,49.253941605441476,0.206120746285221,False,,False,completed_normally,2001,20.0,0,
traj_00790,gradual_approach_v3,20260823,30.52167365083525,773.8078680088448,0.18380995530689673,0.35761091233720854,0.057440611033405226,0.18380995530700653,0.031174011118766887,30.52167365083525,49.91538133086443,0.4938447437200967,False,,False,completed_normally,2001,20.0,0,
traj_00791,gradual_approach_v3,20260823,38.83333008408295,597.650663401073,0.10347551633005359,0.32081369114201386,0.032336098853141745,0.10347551633005359,-0.02912817722472505,38.83333008407694,65.68956256019251,0.49398152107780463,False,,False,completed_normally,2001,20.0,0,
traj_00792,gradual_approach_v3,20260823,30.396725290363488,701.7078697634236,0.18548065689255042,0.3589116802601832,0.057962705278922,0.5124050645693369,0.16314706046787833,25.95127049249069,34.27030051437133,0.14011665778591856,True,3.42,False,completed_normally,2001,20.0,0,
traj_00793,gradual_approach_v3,20260823,38.082858134411,940.0082605953751,0.10884329414426064,0.3209891801926965,0.03401352942008145,0.10884329414439102,-0.039629111991296706,38.082858134411,71.84012956705445,0.6219698883304717,False,,False,completed_normally,2001,20.0,0,
traj_00794,gradual_approach_v3,20260823,37.74158789322969,1404.9391607890495,0.1113817761044591,0.3212342028441889,0.03480680503264347,0.1113817761044591,-0.02936222991266768,37.74158789322969,70.91653179807192,0.6016411912575067,False,,False,completed_normally,2001,20.0,0,
traj_00795,gradual_approach_v3,20260823,60.66404882182659,1616.093424947019,0.021573904358788348,0.4587532189583829,0.006741845112121359,0.12169518521002956,0.021573904358653286,26.69637407114083,60.66404882182659,0.5765365689924624,False,,False,completed_normally,2001,20.0,0,
traj_00796,gradual_approach_v3,20260823,47.385851527472575,1920.8456432797902,0.058346917181316585,0.3472222398018792,0.018233411619161432,0.26380012228034366,0.027841699307892598,17.425336214598282,63.5664835199896,0.6522252908914385,False,,False,completed_normally,2001,20.0,0,
traj_00797,gradual_approach_v3,20260823,58.559533049671685,1174.1905822332212,0.025811960542063753,0.43672270051554285,0.008066237669394922,0.16607022006645764,0.025811960542063753,21.844600445432903,58.559533049692966,0.6734482782136297,False,,False,completed_normally,2001,20.0,0,
traj_00798,gradual_approach_v3,20260823,72.40981168343714,1231.6766898235617,0.004241042483578196,0.6063297250929117,0.0013253257761181862,0.004241042483578196,-0.07549468211262511,72.40981168343714,91.92429752112511,0.7874621726532336,False,,True,validity_envelope_gamma_exceeded,685,6.84,0,
traj_00799,normal,20260823,60.04797778610209,1571.5577388992726,0.02276918177520174,0.45215397687175535,0.007115369304750543,0.06401792133268824,0.02276918177520174,40.669922361800595,60.047977786103395,0.28187946500122496,False,,False,completed_normally,2001,20.0,0,
traj_00800,gradual_approach_v3,20260823,46.08597233891533,772.9861811657498,0.06369240980283275,0.34037065419873586,0.019903878063385234,0.23310491524578736,0.03996782155918821,19.674405439578813,55.9990281846533,0.5778296029914743,False,,False,completed_normally,2001,20.0,0,
traj_00801,gradual_approach_v3,20260823,35.77448759779685,1883.3729894702985,0.1273148916017884,0.3248354587373057,0.03978590362555888,0.44479502286400757,0.08660248990573205,22.937548749813196,47.90011162989089,0.3524732331860189,True,6.22,False,completed_normally,2001,20.0,0,
traj_00802,gradual_approach_v3,20260823,64.56577084433877,1197.002422475585,0.014771610426427995,0.5033112123121823,0.004616128258258748,0.014771610426427995,-0.07407511243615728,64.5657708443359,86.7542790579084,0.7874294497584117,False,,True,validity_envelope_gamma_exceeded,1086,10.85,0,
traj_00803,gradual_approach_v3,20260823,66.03785543331945,1066.9193971269153,0.012509348638347371,0.5213158962604622,0.003909171449483554,0.12027228975276344,0.012509348638266088,26.13763963782931,66.03785543331945,0.6618647457176436,False,,False,completed_normally,2001,20.0,0,
traj_00804,gradual_approach_v3,20260823,72.89553340628878,1283.8859597099581,0.003697318343904967,0.6132647258066445,0.0011554119824703022,0.003697318343904967,-0.05978512212321696,72.89553340627697,127.09110113693524,0.760079548627393,False,,False,completed_normally,2001,20.0,0,
traj_00805,gradual_approach_v3,20260823,64.74926544410258,1541.2723794597393,0.014481278509559721,0.5055206865096374,0.004525399534237412,0.11176852331004516,0.014481278509559721,41.959404668574834,64.74926544412332,0.7864077514237953,False,,True,validity_envelope_gamma_exceeded,1066,10.65,0,
traj_00806,stall,20260823,41.439494483984646,723.0325291403403,0.08689571106880509,0.32374270496949437,0.02715490970900159,0.7807716306376814,-0.3305067308337647,36.98215904463721,41.65312602914476,0.791116153361881,True,3.47,True,validity_envelope_gamma_exceeded,995,9.94,0,
traj_00807,gradual_approach_v3,20260823,42.5675662743934,1068.0960525641797,0.08059184733868321,0.3265427515404518,0.025184952293338506,0.08059184733879077,-0.02893189973786725,42.5675662743934,69.76832955522858,0.47613481220788056,False,,False,completed_normally,2001,20.0,0,
traj_00808,gradual_approach_v3,20260823,68.51308689736767,1283.2711020811441,0.009025593609448268,0.5529994275982998,0.0028204980029525838,0.009025593609448268,-0.06321742625649451,68.51308689736499,123.06358597660078,0.7320527629139809,False,,False,completed_normally,2001,20.0,0,
traj_00809,gradual_approach_v3,20260823,71.63169344917736,1938.7164376737994,0.00513501596044189,0.5953511659990282,0.0016046924876380905,0.00513501596044189,-0.06478999503013871,71.63169344915171,124.10732414022473,0.7148822158324976,False,,False,completed_normally,2001,20.0,0,
traj_00810,gradual_approach_v3,20260823,44.86811402434888,1759.7585856978662,0.06911236110137017,0.33476879817405597,0.02159761284417818,0.25435758808674447,0.043181136654826535,19.22656392794267,55.40535855264872,0.5789209713128043,False,,False,completed_normally,2001,20.0,0,
traj_00811,gradual_approach_v3,20260823,36.55905235587299,1967.920226681945,0.1206821179502662,0.32293266657565944,0.03771316185945819,0.1206821179502662,-0.02305791515392691,36.55905235587122,68.81381341022292,0.6786884325109395,False,,False,completed_normally,2001,20.0,0,
traj_00812,stall,20260823,61.97253394943195,681.9386898294867,0.01915090777739222,0.4731712503840436,0.005984658680435068,1.2418027766185291,0.019150907777249,25.07012645433552,61.97253394943195,0.6774428098016569,True,6.5,False,completed_normally,2001,20.0,0,
traj_00813,gradual_approach_v3,20260823,37.21039725204801,1866.5525859421464,0.11546014539697835,0.3218301403511936,0.036081295436555735,0.11546014539709948,-0.02785841395177302,37.21039725204801,67.40494227876185,0.48465668553711916,False,,False,completed_normally,2001,20.0,0,
traj_00814,stall,20260823,52.749523500488195,1606.6320476192122,0.04020920340061804,0.383924268910335,0.012565376062693137,1.1106373316669251,0.034196016938185386,43.49493312995466,54.94290658544798,0.25135655968603476,True,2.07,False,completed_normally,2001,20.0,0,
traj_00815,gradual_approach_v3,20260823,41.20932150743387,1511.0402063093745,0.08824235236254147,0.32327897488581486,0.027575735113294208,0.08824235236254147,-0.012744527373396153,41.20932150742613,68.77287587361118,0.47845077538725705,False,,False,completed_normally,2001,20.0,0,
traj_00816,gradual_approach_v3,20260823,71.43040992511648,1413.0482211645492,0.005370991437668289,0.5925376769989618,0.0016784348242713403,0.005370991437668289,-0.08859144512996298,71.43040992511554,89.09870977546595,0.7854511995175928,False,,True,validity_envelope_gamma_exceeded,642,6.41,0,
traj_00817,stall,20260823,37.42296898041543,1758.4819135555574,0.11380911472340044,0.32155973972008234,0.03556534835106264,1.239385506777627,0.03570722258458575,36.33589100131153,66.44396400198944,0.7042816415019878,True,3.93,False,completed_normally,2001,20.0,0,
traj_00818,normal,20260823,64.0548729563556,1913.8690998715444,0.015592999043711836,0.4972122519247069,0.004872812201159949,0.06414971126583952,0.015418032279859138,38.5343994605062,64.34190388473814,0.3823743308792502,False,,False,completed_normally,2001,20.0,0,
traj_00819,gradual_approach_v3,20260823,37.95799015572777,632.7997001627858,0.1097648485920498,0.3210665716606707,0.03430151518501556,0.10976484859218506,-0.016541129274151523,37.95799015572777,67.10063533312609,0.5029487442167483,False,,False,completed_normally,2001,20.0,0,
traj_00820,gradual_approach_v3,20260823,58.11698317409112,785.260968955301,0.026761358998970985,0.43227732621664017,0.008362924687178433,0.026761358998974707,-0.07905572008394601,58.11698317409112,78.1154735237211,0.7870477891982329,False,,True,validity_envelope_gamma_exceeded,990,9.89,0,
traj_00821,gradual_approach_v3,20260823,68.08525180043657,1202.9527463911286,0.009600988049750472,0.5473989012882527,0.0030003087655470226,0.009600988049880063,-0.0690777656064373,68.08525180043657,89.00060303857836,0.7854012110154945,False,,True,validity_envelope_gamma_exceeded,1113,11.120000000000001,0,
traj_00822,gradual_approach_v3,20260823,56.71975355848375,1362.358234708506,0.029903691430455577,0.4186837318815645,0.009344903572017367,0.13099946688264263,0.029903691430282986,26.080478258576775,56.71975355848375,0.5365599682457449,False,,False,completed_normally,2001,20.0,0,
traj_00823,gradual_approach_v3,20260823,34.70620341154618,1061.1155010113962,0.13699559682054202,0.32851300755411544,0.042811124006419385,0.4814869122739156,0.0945575252710883,22.128335689359975,46.46640856940089,0.35500119302796324,True,7.8,False,completed_normally,2001,20.0,0,
traj_00824,gradual_approach_v3,20260823,37.5391008264756,566.3079765394494,0.11291786992796035,0.32143010345137757,0.03528683435248761,0.37675322252073934,0.07445310117391948,21.01473477830158,50.08607696465474,0.43799117115853486,True,8.290000000000001,False,completed_normally,2001,20.0,0,
traj_00825,normal,20260823,52.518427780539675,1896.7046500111996,0.040880557292603696,0.3820876104840289,0.012775174153938655,0.04165555449660342,0.039754831774189335,52.06301393358181,53.16858773234262,0.011694183797341978,False,,False,completed_normally,2001,20.0,0,
traj_00826,stall,20260823,58.789085672658686,1931.7680196363453,0.025327800596257614,0.4390545653288254,0.007914937686330505,0.025327800596284294,-0.20461034971229586,58.789085672658686,62.2087877660051,0.7886774713514876,False,,True,validity_envelope_gamma_exceeded,367,3.66,0,
traj_00827,gradual_approach_v3,20260823,64.32349960158028,980.4296990027767,0.015158707902973832,0.5004093329740654,0.004737096219679322,0.1399842823023824,0.015158707902973832,23.8597016105845,64.32349960158868,0.7066255138188755,False,,False,completed_normally,2001,20.0,0,
traj_00828,gradual_approach_v3,20260823,71.85350828899014,790.741759170738,0.004877241674839104,0.5984642513373236,0.0015241380233872199,0.004877241674923656,-0.07308933940905643,71.85350828899014,92.31212845950797,0.7863061714186695,False,,True,validity_envelope_gamma_exceeded,1054,10.53,0,
traj_00829,gradual_approach_v3,20260823,30.273767075226573,1076.159229905691,0.1871443825834686,0.36022032456412073,0.05848261955733394,0.48335059211354287,0.17270603056251757,27.360968976560596,32.6610946760295,0.10301810396575138,True,6.12,False,completed_normally,2001,20.0,0,
traj_00830,gradual_approach_v3,20260823,72.6877477665379,1627.8079514591682,0.00392859551963298,0.6102903447142686,0.0012276860998853064,0.00392859551963298,-0.08907179293244472,72.68774776650939,82.38139284509026,0.7877852634179561,False,,True,validity_envelope_gamma_exceeded,958,9.57,0,
traj_00831,gradual_approach_v3,20260823,43.489480474435794,1200.9923864844232,0.07578241244534403,0.32945065333753953,0.02368200388917001,0.22486792145389906,0.04747952149036794,22.74493260167092,55.76244191126733,0.46785757454400595,False,,False,completed_normally,2001,20.0,0,
traj_00832,gradual_approach_v3,20260823,55.0638525982789,1579.0356346858514,0.03393648876159471,0.4034697668212279,0.010605152737998348,0.03393648876166614,-0.05549284422011053,55.0638525982789,97.2928934238622,0.6321735996135961,False,,False,completed_normally,2001,20.0,0,
traj_00833,gradual_approach_v3,20260823,51.77545787583949,1812.240502138997,0.04309887468965966,0.37632977422220504,0.013468398340518644,0.04309887468965966,-0.05751808308070411,51.77545787583371,98.63030499188343,0.710164006237332,False,,False,completed_normally,2001,20.0,0,
traj_00834,gradual_approach_v3,20260823,34.02492641457626,1228.6587737862023,0.14359203733237022,0.33156486368606697,0.044872511666365696,0.4390385709903589,0.0998475700026294,21.725156922721116,45.5744697860089,0.3556768876572878,True,2.89,False,completed_normally,2001,20.0,0,
traj_00835,normal,20260823,64.54174713314679,1387.844579475035,0.014809802880724456,0.5030226806965318,0.004628063400226393,0.014809802880724456,-0.00030069123434484785,64.54174713314505,71.47158450634952,0.10310078487110566,False,,False,completed_normally,2001,20.0,0,
traj_00836,normal,20260823,47.94748451372859,1039.5887487056664,0.05616652143888522,0.3504471775918025,0.01755203794965163,0.056776931843175844,0.055449211192029724,47.66929145219178,48.272657901629515,0.006016982191416844,False,,False,completed_normally,2001,20.0,0,
traj_00837,gradual_approach_v3,20260823,71.4707940190274,1795.399810681712,0.005323488640749511,0.593101280728116,0.0016635902002342222,0.005323488640749511,-0.08647415016182736,71.47079401902722,87.96801961833027,0.7863906153267354,False,,True,validity_envelope_gamma_exceeded,720,7.19,0,
traj_00838,gradual_approach_v3,20260823,55.840290200357934,1161.4524994218148,0.03200163096164238,0.4104797986941465,0.010000509675513244,0.0320016309617108,-0.07867897016714165,55.840290200357934,75.50554435251506,0.7867132882077299,False,,True,validity_envelope_gamma_exceeded,749,7.48,0,
traj_00839,gradual_approach_v3,20260823,53.014933011787214,1178.5169547552655,0.039448748552239565,0.38606001363268266,0.012327733922574864,0.20533843252885148,0.022135980364024976,19.32632442140417,61.30459183612593,0.6403438673466482,False,,False,completed_normally,2001,20.0,0,
traj_00840,gradual_approach_v3,20260823,34.51310999442878,1680.1219316196346,0.1388304408409153,0.329319906536638,0.04338451276278603,0.14863317467285708,0.007943987580042389,29.2775787211027,56.36709076123299,0.530671198669086,False,,False,completed_normally,2001,20.0,0,
traj_00841,gradual_approach_v3,20260823,36.877426554447574,593.8900638782035,0.11809843637737927,0.32234135340179576,0.03690576136793102,0.5565917583143135,0.07009573154198104,18.9378471617011,53.37180563113927,0.49656904748568115,True,6.46,False,completed_normally,2001,20.0,0,
traj_00842,normal,20260823,44.689993877820335,578.6123328835561,0.06994097200849295,0.3340189785042346,0.021856553752654048,0.0733091274270333,0.03121610772033112,43.119063257942464,50.971725136464755,0.16510668041509954,False,,False,completed_normally,2001,20.0,0,
traj_00843,gradual_approach_v3,20260823,47.820708075675995,1766.0142592220654,0.056652194826841584,0.3497056521051163,0.017703810883387995,0.056652194826841584,-0.06145472842701505,47.8207080756548,90.21457718852054,0.6876482165605817,False,,False,completed_normally,2001,20.0,0,
traj_00844,gradual_approach_v3,20260823,45.03929166888484,581.9212645932658,0.06832492872635745,0.3355064210307817,0.021351540226986702,0.06832492872635745,-0.05083299582247375,45.039291668883024,84.19672951580579,0.6225514756053316,False,,False,completed_normally,2001,20.0,0,
traj_00845,gradual_approach_v3,20260823,38.822720872244176,1897.122543998896,0.1035494080881984,0.3208127880159964,0.032359190027562,0.10354940808831063,-0.05136566633799711,38.822720872244176,81.04416499335854,0.7473486888768031,False,,False,completed_normally,2001,20.0,0,
traj_00846,gradual_approach_v3,20260823,57.07093208517854,1030.9858474698283,0.029092492494067233,0.4220364199681476,0.00909140390439601,0.18506373819755212,0.02909249249404801,20.36229549616072,57.07093208517854,0.7075319312350264,False,,False,completed_normally,2001,20.0,0,
traj_00847,gradual_approach_v3,20260823,48.61028845853149,514.4497287079927,0.05368713936567858,0.3544503235202958,0.016777231051774557,0.1897955204100698,0.02878571037140981,21.964527858644747,62.32039365654067,0.5398912265803072,False,,False,completed_normally,2001,20.0,0,
traj_00848,gradual_approach_v3,20260823,63.68033369035142,1438.346808959731,0.016207605866169452,0.4927907769615042,0.005064876833177954,0.13595405381768666,0.016207605866169452,42.773238954192685,63.68033369035767,0.78567338662979,False,,True,validity_envelope_gamma_exceeded,1081,10.8,0,
traj_00849,gradual_approach_v3,20260823,39.26033888866753,558.2299985246101,0.10054725937386946,0.3209282097195543,0.031421018554334205,0.4228780974368646,0.08480538744221933,20.774244630947543,42.82517376216976,0.46992046357195727,True,11.1,False,completed_normally,2001,20.0,0,
traj_00850,gradual_approach_v3,20260823,47.26164535701967,652.3488222331958,0.05883931486429654,0.34653018741116426,0.01838728589509267,0.22309356200015357,0.05883931486429654,20.661634785351804,47.26164535702148,0.5586800408970299,False,,False,completed_normally,2001,20.0,0,
traj_00851,gradual_approach_v3,20260823,41.776926206579496,935.2543124631093,0.08495937570804199,0.32448958474256767,0.02654980490876312,0.08495937570813597,-0.034767662030858126,41.776926206579496,69.82416402802562,0.5161901706969054,False,,False,completed_normally,2001,20.0,0,
traj_00852,normal,20260823,55.85398217573723,1978.4391675949782,0.031968220734088504,0.41060539185129624,0.009990068979402657,0.03232085833481365,0.03125678556019008,55.60812116278312,56.33449455279397,0.007281433060227832,False,,False,completed_normally,2001,20.0,0,
traj_00853,gradual_approach_v3,20260823,55.8714642304291,938.2224073378372,0.031925597295843995,0.4107658492212,0.009976749154951248,0.03192559729597012,-0.06800120028771628,55.8714642304291,77.57246508139887,0.7867097336289876,False,,True,validity_envelope_gamma_exceeded,961,9.6,0,
traj_00854,gradual_approach_v3,20260823,62.22455735857962,1537.3003261899926,0.0187014641884721,0.47601005270476315,0.005844207558897531,0.0187014641884721,-0.07491439640554876,62.224557358578465,80.97270981639114,0.7867035319885348,False,,True,validity_envelope_gamma_exceeded,726,7.25,0,
traj_00855,normal,20260823,36.669036447294495,1782.5093112708273,0.11978271575047639,0.32271689124045794,0.03743209867202387,0.14085666731551472,0.09873322678313848,34.8306261849785,38.612188324563256,0.06216592696375405,False,,False,completed_normally,2001,20.0,0,
traj_00856,gradual_approach_v3,20260823,37.37854579732921,663.668216779813,0.1141520344530576,0.3216126928553805,0.0356725107665805,0.29047412305192105,0.07347877617966722,21.019397785570895,50.904939361262095,0.4354207917631955,True,7.95,False,completed_normally,2001,20.0,0,
traj_00857,normal,20260823,46.04774447956702,1164.500296781379,0.06385626414157178,0.34018251592225535,0.01995508254424118,0.10774569695720648,0.06385626414157178,37.345867714876356,46.04774447956734,0.18249529055114336,False,,False,completed_normally,2001,20.0,0,
traj_00858,normal,20260823,33.556057607645386,664.1421587886841,0.148337174150754,0.33400784878890366,0.046355366922110626,0.1504198529927993,0.144727691776618,33.18169437834884,34.25423055992562,0.01924794030670441,False,,False,completed_normally,2001,20.0,0,
traj_00859,gradual_approach_v3,20260823,40.52041166026899,1746.5083922916683,0.09240250070310646,0.3221190647375735,0.028875781469720772,0.09240250070313943,-0.047042361513558784,40.52041166026899,73.35081505643959,0.5970620836215941,False,,False,completed_normally,2001,20.0,0,
traj_00860,gradual_approach_v3,20260823,60.37220716924969,554.0835133031746,0.022135626776054265,0.45561179097935334,0.006917383367516957,0.0221356267761236,-0.07322638314587304,60.37220716924969,80.50067552159707,0.7869821728521357,False,,True,validity_envelope_gamma_exceeded,1013,10.120000000000001,0,
traj_00861,gradual_approach_v3,20260823,65.71257315974464,1346.5258579704648,0.0129963260005267,0.5172828425256727,0.004061351875164593,0.0129963260005267,-0.07526102120307576,65.71257315974341,84.95429544550896,0.7864219030742554,False,,True,validity_envelope_gamma_exceeded,1014,10.13,0,
traj_00862,gradual_approach_v3,20260823,38.635725157695695,1373.7647117079307,0.10486103094743304,0.3208125734090096,0.032769072171072826,0.26284586279402533,0.06939202985319526,22.173753065402853,50.89261364781896,0.4199946865340985,False,,False,completed_normally,2001,20.0,0,
traj_00863,gradual_approach_v3,20260823,59.570552336317434,1163.644088711667,0.023720716519676645,0.44712465579658084,0.007412723912398952,0.11548600040641174,0.023720716519676645,27.805615386175656,59.57055233631747,0.5418564639977955,False,,False,completed_normally,2001,20.0,0,
traj_00864,gradual_approach_v3,20260823,65.8657449940162,1295.2851367571816,0.01276612513182299,0.5191781309642345,0.003989414103694684,0.13266415308173873,0.01276612513182299,43.80171000588287,65.86574499402342,0.7856856616477584,False,,True,validity_envelope_gamma_exceeded,868,8.67,0,
traj_00865,gradual_approach_v3,20260823,50.88315949826954,1894.1614677703599,0.04588959678363268,0.36971795425778414,0.01434049899488521,0.04588959678363268,-0.07971751401826344,50.8831594982671,71.4489463302792,0.7856450999748525,False,,True,validity_envelope_gamma_exceeded,865,8.64,0,
traj_00866,gradual_approach_v3,20260823,38.94941404185165,1820.6652237742626,0.1026706442582066,0.3208297734636357,0.03208457633068956,0.10267064425836153,-0.029550850078734037,38.94941404185165,67.5329389778217,0.5045195984248366,False,,False,completed_normally,2001,20.0,0,
traj_00867,gradual_approach_v3,20260823,35.83028317598223,1315.5589811461762,0.12683030392309888,0.3246785570398106,0.0396344699759684,0.46119981172217234,0.09516924362663898,21.598760978291477,44.22943673369373,0.3924402299070159,True,10.950000000000001,False,completed_normally,2001,20.0,0,
traj_00868,gradual_approach_v3,20260823,46.59923202748819,769.6221207854928,0.06153002157907487,0.3429715577485814,0.019228131743460896,0.06153002157907487,-0.05993699542104103,46.59923202748819,90.21840921286808,0.7060662918567158,False,,False,completed_normally,2001,20.0,0,
traj_00869,stall,20260823,36.34695144703838,1609.3083502924355,0.12243734414222032,0.3233835889855382,0.038261670044443856,1.2867276132056968,0.043010495242782804,35.66471081752949,59.61738516795884,0.6247338793388347,True,2.04,False,completed_normally,2001,20.0,0,
traj_00870,gradual_approach_v3,20260823,49.58907064652243,1004.1911111546535,0.050201072602406374,0.3607396505186975,0.01568783518825199,0.2312309162913989,0.050201072602406374,18.85106260528844,49.58907064652682,0.6257792343700205,False,,False,completed_normally,2001,20.0,0,
traj_00871,gradual_approach_v3,20260823,32.46490370011345,1187.277066221235,0.16008083416499105,0.34085718450014335,0.050025260676559706,0.17892387132847187,0.004547924529699099,25.89858193909337,54.11102516930092,0.5698867936701352,False,,False,completed_normally,2001,20.0,0,
traj_00872,gradual_approach_v3,20260823,63.4253520396118,1023.4249974154484,0.01663218951497868,0.4898048999923057,0.005197559223430837,0.016632189515060295,-0.07106108316142362,63.4253520396118,119.7847689635451,0.7546477798966656,False,,False,completed_normally,2001,20.0,0,
traj_00873,normal,20260823,57.850175500997985,876.3924526310761,0.027344133699016303,0.42962945034500627,0.008545041780942595,0.04073865288285182,0.027344133698933275,52.88464806076732,57.850175500997985,0.08365656168421844,False,,False,completed_normally,2001,20.0,0,
traj_00874,gradual_approach_v3,20260823,69.82998976944438,941.2350208943631,0.007319711071428006,0.5705580836590088,0.002287409709821252,0.1290127185030021,0.007319711071428006,48.23513710673747,69.82998976944438,0.7859703798424155,False,,True,validity_envelope_gamma_exceeded,699,6.98,0,
traj_00875,gradual_approach_v3,20260823,62.389110918741544,1447.6672953074237,0.018410905974851163,0.4778742344352882,0.0057534081171409885,0.1305144006614921,0.018410905974703632,39.48773047111687,62.389110918741544,0.7857856172076236,False,,True,validity_envelope_gamma_exceeded,886,8.85,0,
traj_00876,stall,20260823,63.45647466789838,1733.0502035861718,0.016580094565547786,0.4901682965100106,0.005181279551733683,0.016580094565547786,-0.3436028783778615,63.456474667889935,64.36050957387225,0.787573589980411,True,4.86,True,validity_envelope_gamma_exceeded,530,5.29,0,
traj_00877,normal,20260823,40.27306049070716,693.689467776205,0.09394521686799281,0.3217882696117085,0.029357880271247756,0.1283139111758595,0.08393351220057813,35.74559032248035,43.54262051114374,0.10966789323369415,False,,False,completed_normally,2001,20.0,0,
traj_00878,normal,20260823,59.21014888126868,1389.0496858312024,0.024454096032838674,0.44337765607907653,0.0076419050102620855,0.06841398164854454,0.01623333411528527,46.25778438722763,59.21014888129123,0.2823918685290894,False,,False,completed_normally,2001,20.0,0,
traj_00879,normal,20260823,36.670517708645384,974.6577476117604,0.11977065232529083,0.32271406853778256,0.037428328851653384,0.1973831260302174,0.10833424129710506,26.78209436777827,39.458234150458765,0.2565622319709004,False,,False,completed_normally,2001,20.0,0,
traj_00880,gradual_approach_v3,20260823,37.41661320650639,1310.3177483725717,0.1138581093970901,0.32156720139927036,0.03558065918659066,0.3646051209664085,0.08277308707099915,21.945505919841693,46.60650112414093,0.4081369384751871,True,9.51,False,completed_normally,2001,20.0,0,
traj_00881,gradual_approach_v3,20260823,58.93228569041127,562.1827453652635,0.02502858983637669,0.4405181791558364,0.007821434323867716,0.18709820479550227,0.01904647554262362,19.98594918879873,58.93228569041302,0.7169175057136719,False,,False,completed_normally,2001,20.0,0,
traj_00882,gradual_approach_v3,20260823,65.71019321936261,1332.7337638747415,0.012999915356326334,0.5172534479806222,0.00406247354885198,0.012999915356370054,-0.06839328196267891,65.71019321936261,86.26668508713982,0.7862668394709664,False,,True,validity_envelope_gamma_exceeded,1018,10.17,0,
traj_00883,stall,20260823,55.666188291848535,1864.5365422421612,0.03242857745537385,0.40888873980941404,0.010133930454804329,0.03294915672310464,0.03155853390904019,55.319479860877294,56.2490658408194,0.006385270366163158,False,,False,completed_normally,2001,20.0,0,
traj_00884,normal,20260823,53.10427786643039,1453.292775856897,0.03919526597429554,0.38678527000103563,0.012248520616967356,0.03987696351134417,0.03857669791010103,52.707791201363925,53.474638363437386,0.004316783158186083,False,,False,completed_normally,2001,20.0,0,
traj_00885,gradual_approach_v3,20260823,33.81900247733897,1231.226324940972,0.1456548377972322,0.33260241521726164,0.045517136811635064,0.1456548377972387,-0.009090607709522747,33.81900247733897,61.530430444706276,0.6319831085854442,False,,False,completed_normally,2001,20.0,0,
traj_00886,normal,20260823,47.001948366306536,758.6418776958591,0.05988108596652861,0.34510833604178714,0.01871283936454019,0.0876487265016781,0.05938994618519372,42.16147692897514,47.268348549578306,0.10186062435973131,False,,False,completed_normally,2001,20.0,0,
traj_00887,gradual_approach_v3,20260823,74.07296893700875,1957.7847234081457,0.002422978735486407,0.6303348160521456,0.0007571808548395022,0.002422978735583575,-0.07100407123927599,74.07296893700875,93.10696392380204,0.7858293362714465,False,,True,validity_envelope_gamma_exceeded,1061,10.6,0,
traj_00888,normal,20260823,70.93058261145818,1332.6817041865568,0.005965592091696696,0.5855984916353711,0.0018642475286552173,0.006214551230500879,0.005793172235322034,70.62018958498582,71.14860417446826,0.0015293626855351137,False,,False,completed_normally,2001,20.0,0,
traj_00889,gradual_approach_v3,20260823,43.92383788447497,1009.2473384258199,0.07361595122007802,0.33100414651765936,0.023004984756274383,0.07361595122020391,-0.06424995246661558,43.92383788447497,85.73801141828658,0.7189950178757946,False,,False,completed_normally,2001,20.0,0,
traj_00890,normal,20260823,52.47540880391568,693.1234936750784,0.041006490940259425,0.3817480875854263,0.012814528418831071,0.04147734864554512,0.040248760895672864,52.19815685640233,52.9100452281249,0.007272849735431742,False,,False,completed_normally,2001,20.0,0,
traj_00891,gradual_approach_v3,20260823,37.83361200403224,771.3754676312582,0.11069108921591914,0.3211576906728215,0.034590965379974734,0.31032556230520847,0.07822257085313211,20.159098180125675,47.523296039011356,0.46844973378637944,True,9.93,False,completed_normally,2001,20.0,0,
traj_00892,gradual_approach_v3,20260823,73.8515616424327,1400.6113581049722,0.0026580058549387584,0.6270970669596446,0.000830626829668362,0.11848842057627007,0.0026580058549387584,54.80815875327344,73.8515616424345,0.7876566865918334,False,,True,validity_envelope_gamma_exceeded,855,8.540000000000001,0,
traj_00893,gradual_approach_v3,20260823,74.32463924337902,1069.1748830998865,0.002158350102506685,0.6340307093113678,0.000674484407033339,0.002158350102506685,-0.06760501439371835,74.32463924337699,93.68850825659976,0.7860798775978145,False,,True,validity_envelope_gamma_exceeded,854,8.53,0,
traj_00894,normal,20260823,37.8167358012868,1454.7688360397658,0.1108174091316087,0.3211711407265828,0.034630440353627716,0.13592770770924353,0.10608696640513336,35.70139517207773,39.11276032516184,0.05569335337678288,False,,False,completed_normally,2001,20.0,0,
traj_00895,gradual_approach_v3,20260823,62.48571786779685,1852.3599981431482,0.018241378302291344,0.4789725718942327,0.005700430719466045,0.14556201367434168,0.018241378302291344,23.450134979519625,62.485717867798016,0.687721116386651,False,,False,completed_normally,2001,20.0,0,
traj_00896,normal,20260823,64.97061267211643,1938.6912901114615,0.01413428455139374,0.5081992152263813,0.004416963922310543,0.014574425552122069,0.013973415179482857,64.53596583769423,65.13859511744984,0.0061722069727010815,False,,False,completed_normally,2001,20.0,0,
traj_00897,normal,20260823,67.66283842944266,1736.3480865320082,0.010179716661149578,0.5419198475795334,0.003181161456609243,0.010179716661275488,-0.015449329156631525,67.66283842944266,81.6643029568683,0.1933242221081276,False,,False,completed_normally,2001,20.0,0,
traj_00898,normal,20260823,51.865207679108245,733.3574731495202,0.042825943854252195,0.3770132770707931,0.01338310745445381,0.04335531008909867,0.042151638328876716,51.56709028191108,52.240042802067556,0.006421090780566223,False,,False,completed_normally,2001,20.0,0,
traj_00899,gradual_approach_v3,20260823,32.00264210879368,821.5677163651042,0.16537529637929607,0.34428458729993955,0.05167978011853003,0.4372550972967798,0.1332883483002291,24.437834629573622,38.698936183895455,0.2296831056514417,True,5.2,False,completed_normally,2001,20.0,0,
traj_00900,gradual_approach_v3,20260823,58.72242084401091,1945.803784232951,0.02546783029539979,0.4383755410762482,0.007958696967312433,0.02546783029539979,-0.07614004436564115,58.72242084400258,78.47260599082425,0.785874090439751,False,,True,validity_envelope_gamma_exceeded,966,9.65,0,
traj_00901,gradual_approach_v3,20260823,33.20394744655115,1888.9939647782817,0.1520164673223147,0.3360352762414001,0.047505146038223346,0.4835026858542583,0.12508223226688264,23.917185160795796,39.125353624131364,0.2701482717555572,True,10.64,False,completed_normally,2001,20.0,0,
traj_00902,gradual_approach_v3,20260823,62.07038459367082,1168.4724312423039,0.018975764936100138,0.47427109683123764,0.005929926542531293,0.12735939938080265,0.018975764936100138,25.704405087529906,62.07038459367136,0.6361443473180818,False,,False,completed_normally,2001,20.0,0,
traj_00903,gradual_approach_v3,20260823,30.402451229303022,1939.9586457484074,0.18540365917514248,0.35885143350338083,0.057938643492232024,0.5371484390337771,0.18395075995188176,27.46728115219846,30.738565785996908,0.1208545294004254,True,5.72,False,completed_normally,2001,20.0,0,
traj_00904,stall,20260823,54.97972213219855,1541.7751505507492,0.034150987204078345,0.4027235373877413,0.010672183501274484,0.034150987204078345,-0.25648927613356165,54.979722132193295,57.225497796003054,0.7862749320593921,False,,True,validity_envelope_gamma_exceeded,436,4.3500000000000005,0,
traj_00905,gradual_approach_v3,20260823,30.545909141222328,1888.4731053237567,0.18348818077431442,0.35736196616467597,0.057340056491973254,0.24050845469506665,0.008862343058245459,21.142563381779567,49.78776714496928,0.5502875699218859,False,,False,completed_normally,2001,20.0,0,
traj_00906,gradual_approach_v3,20260823,48.02224028707204,1531.5860975172873,0.05588188391258617,0.3508881004709489,0.01746308872268318,0.05588188391258617,-0.04546817301258477,48.022240287065486,86.13010621594444,0.6352465381861085,False,,False,completed_normally,2001,20.0,0,
traj_00907,normal,20260823,50.049667919598534,1459.1718370952815,0.04862909260863005,0.3638504535943449,0.01519659144019689,0.09030516811132551,0.013046554891255925,42.68208430722775,55.381601553864975,0.1971821873232422,False,,False,completed_normally,2001,20.0,0,
traj_00908,gradual_approach_v3,20260823,31.102784644338268,813.9775880258861,0.17628895502321493,0.3519341675048738,0.055090298444754666,0.47508610936669965,0.1424331107603835,23.873741636787084,37.682193977587936,0.22692297696000166,True,5.62,False,completed_normally,2001,20.0,0,
traj_00909,gradual_approach_v3,20260823,55.423375936475225,1414.0460068119976,0.033030635336432926,0.40668821517100023,0.010322073542635288,0.16908408507731737,0.02292272229798853,21.9881300097949,58.91625118044764,0.6537309329633887,False,,False,completed_normally,2001,20.0,0,
traj_00910,gradual_approach_v3,20260823,60.47690808710963,816.9298728645023,0.021933180931204086,0.4567356551349571,0.006854119041001277,0.12654858815853565,0.02193318093114669,26.049594717508,60.47690808710963,0.5929945470187437,False,,False,completed_normally,2001,20.0,0,
traj_00911,gradual_approach_v3,20260823,64.28676525712642,999.9436795927204,0.015217779333494604,0.4999708631456465,0.004755556041717064,0.015217779333494604,-0.08657684762931872,64.28676525712574,83.45220880367485,0.7859428032085062,False,,True,validity_envelope_gamma_exceeded,706,7.05,0,
traj_00912,gradual_approach_v3,20260823,61.50602929670021,1833.7825629250078,0.019997276770015542,0.46796887797671927,0.006249148990629857,0.019997276770046687,-0.07578334448710833,61.50602929670021,81.39304718026452,0.7854457565183977,False,,True,validity_envelope_gamma_exceeded,993,9.92,0,
traj_00913,gradual_approach_v3,20260823,44.696875082683874,576.3846256664114,0.06990878410332657,0.33404760810344103,0.021846495032289553,0.06990878410333352,-0.05934645909145769,44.696875082683874,87.56293494979404,0.6976923243124716,False,,False,completed_normally,2001,20.0,0,
traj_00914,normal,20260823,35.50730648609975,1493.022844495853,0.1296635994351805,0.32563402606394987,0.04051987482349391,0.1341241664510041,0.08909895112820382,34.40762551855323,38.24782723646099,0.08781730634387064,False,,False,completed_normally,2001,20.0,0,
traj_00915,gradual_approach_v3,20260823,48.21283203528594,742.7687951633006,0.055161999635498296,0.3520244909193267,0.017238124886093217,0.055161999635615924,-0.07846437289088926,48.21283203528594,67.99595020586378,0.7868425505984437,False,,True,validity_envelope_gamma_exceeded,1130,11.290000000000001,0,
traj_00916,gradual_approach_v3,20260823,61.47603899029058,1850.661510712157,0.02005233886247403,0.4676367693442959,0.006266355894523134,0.020052338862505212,-0.06913306950773501,61.47603899029058,82.80395755052271,0.7856691745105732,False,,True,validity_envelope_gamma_exceeded,763,7.62,0,
traj_00917,gradual_approach_v3,20260823,53.275613269435134,1940.3651045225013,0.03871265718362185,0.3881849083665448,0.012097705369881829,0.03871265718366759,-0.055092989053755814,53.275613269435134,98.21464493582508,0.6809361569608912,False,,False,completed_normally,2001,20.0,0,
traj_00918,gradual_approach_v3,20260823,63.11615406507369,544.9189471164309,0.017153884813085853,0.4862106011537954,0.0053605890040893285,0.14601021878273293,0.017153884812951294,23.326202607156567,63.11615406507369,0.7111567448250239,False,,False,completed_normally,2001,20.0,0,
traj_00919,gradual_approach_v3,20260823,43.49650158845155,1870.9445794189235,0.07574689935813214,0.3294748476470988,0.023670906049416296,0.2726424615239835,0.04651216270382347,18.682622285995038,55.13973753190022,0.5810842003816028,False,,False,completed_normally,2001,20.0,0,
traj_00920,normal,20260823,72.5611282627002,1011.5735925983873,0.004070496187883457,0.6084834535665328,0.0012720300587135802,0.004167382566606056,0.0037696876879419914,72.42987250015818,72.9649756131973,0.002499119450586119,False,,False,completed_normally,2001,20.0,0,
traj_00921,normal,20260823,35.047703992268595,584.0173261687306,0.1338157206683491,0.32719488760450416,0.041817412708859095,0.1708165464281442,0.12055065580057889,30.276685320207243,38.19645772552636,0.12666741149234217,False,,False,completed_normally,2001,20.0,0,
traj_00922,gradual_approach_v3,20260823,73.45917701740389,1447.3054486860046,0.0030797113734167348,0.6213906650936204,0.0009624098041927296,0.11312795148496713,0.0030797113734167348,52.916484818445255,73.45917701740593,0.7871735406409003,False,,True,validity_envelope_gamma_exceeded,913,9.120000000000001,0,
traj_00923,gradual_approach_v3,20260823,44.188142771901255,802.9886072014954,0.07232746864668615,0.3320051146640635,0.022602333952089423,0.2220044424734191,0.059074962682944876,21.961336227030216,47.80217259667693,0.4966701048207379,False,,False,completed_normally,2001,20.0,0,
traj_00924,gradual_approach_v3,20260823,61.4437756246124,1080.6992261542018,0.020111663134566346,0.4672798056349511,0.006284894729551983,0.020111663134566346,-0.06252596842141583,61.44377562460562,112.70692506608407,0.706532418305779,False,,False,completed_normally,2001,20.0,0,
traj_00925,normal,20260823,37.56796640830397,1757.9385591533458,0.11269750894724145,0.32139984525966697,0.03521797154601296,0.11396506534204824,0.11163054754431045,37.26421037722536,37.83856889842324,0.006952988082659024,False,,False,completed_normally,2001,20.0,0,
traj_00926,gradual_approach_v3,20260823,50.611076963388676,1128.8534495785086,0.04676936316802292,0.3677693138747289,0.014615425990007164,0.04676936316802292,-0.07112977899033546,50.61107696337979,101.07039854287757,0.7519338007198179,False,,False,completed_normally,2001,20.0,0,
traj_00927,gradual_approach_v3,20260823,59.8779708827352,1409.3215844468345,0.023105443338712436,0.4503545435563948,0.007220451043347636,0.19766492714722317,0.02070574079086951,19.093613205796334,59.8779708827352,0.7682162315469998,False,,False,completed_normally,2001,20.0,0,
traj_00928,gradual_approach_v3,20260823,58.27158884500423,1578.960599641904,0.026427262855006583,0.4338227833622683,0.008258519642189556,0.1592422631234203,0.026427262855006583,22.548052580588028,58.27158884501727,0.6654011735228611,False,,False,completed_normally,2001,20.0,0,
traj_00929,gradual_approach_v3,20260823,61.24845486608704,646.1526335959277,0.020472786493833533,0.4651257824568428,0.006397745779322979,0.16505658296940046,0.020472786493833533,21.619967329226455,61.248454866089816,0.7065875906894502,False,,False,completed_normally,2001,20.0,0,
traj_00930,gradual_approach_v3,20260823,39.055936205292845,1000.5390130865377,0.10193789429753217,0.32085446944147117,0.031855591967978804,0.30819862295550415,0.05894115663978816,20.439785833683978,55.899701204102364,0.4770198864489963,True,6.83,False,completed_normally,2001,20.0,0,
traj_00931,stall,20260823,61.92131497459416,1285.0481419327018,0.01924291152071433,0.47259673682727604,0.006013409850223228,0.6434262705386136,0.01924291152067869,50.8356156047903,61.92131497459416,0.7859203235762777,True,1.98,True,validity_envelope_gamma_exceeded,330,3.29,0,
traj_00932,stall,20260823,40.024203063795746,1123.5050223639225,0.09552437079566675,0.321502417791311,0.029851365873645862,0.09812906533221841,-0.39486171989513164,39.29161053001393,42.89486326144422,0.7879397615247306,True,7.2,True,validity_envelope_gamma_exceeded,785,7.84,0,
traj_00933,gradual_approach_v3,20260823,32.67660076944897,1199.039890996658,0.15772188006579982,0.3393951766605336,0.04928808752056244,0.15772188006588717,-0.006341758588126523,32.67660076944897,54.66105235311546,0.4400892653625518,False,,False,completed_normally,2001,20.0,0,
traj_00934,gradual_approach_v3,20260823,37.01835944357229,1799.1936370208186,0.11697389599700156,0.3221117704277347,0.03655434249906299,0.45031514754889984,0.08412747740890428,21.836993928903667,46.67423347654951,0.406029765064426,True,9.56,False,completed_normally,2001,20.0,0,
traj_00935,gradual_approach_v3,20260823,31.257903931342035,1876.3620696298592,0.17434683544366228,0.3505193026560636,0.05448338607614446,0.1763576481749849,0.01749418654782403,26.90449270858835,53.09925891152023,0.6038343724620686,False,,False,completed_normally,2001,20.0,0,
traj_00936,normal,20260823,59.41916494497479,1819.1734888465933,0.024027170738729498,0.445545508105366,0.007508490855852968,0.06641138383111703,0.02402717073856457,40.71897760011923,59.41916494497479,0.2692820926030129,False,,False,completed_normally,2001,20.0,0,
traj_00937,normal,20260823,33.0093105787708,748.8621842210197,0.15409447287008626,0.3372293738451056,0.04815452277190196,0.1548514906952467,0.15334200986917385,32.877311254078336,33.149968829876116,0.004632925053065144,False,,False,completed_normally,2001,20.0,0,
traj_00938,gradual_approach_v3,20260823,32.22830344531236,664.656546933058,0.16276564880379385,0.3425705399496521,0.05086426525118558,0.5262155160359564,0.1204121684424327,22.43294533738031,41.75599920660839,0.3132748053636565,True,4.46,False,completed_normally,2001,20.0,0,
traj_00939,normal,20260823,37.578549411603696,1446.9687270759152,0.11261683362942737,0.3213889467623094,0.03519276050919606,0.1302958738221709,0.1095663492186468,35.63400172707441,38.41673914896843,0.049962479097001085,False,,False,completed_normally,2001,20.0,0,
traj_00940,normal,20260823,66.58563789025011,1698.0363850634144,0.01170516000929082,0.5281769018679957,0.0036578625029033813,0.012063304397411925,0.011689185644787829,66.20808691755603,66.6088697560336,0.005019001126757655,False,,False,completed_normally,2001,20.0,0,
traj_00941,gradual_approach_v3,20260823,44.65951588886311,1113.1074858248767,0.07008370926201629,0.33389250090493305,0.02190115914438009,0.07008370926212336,-0.03327012572993407,44.65951588886311,75.30578535016758,0.49932726394513754,False,,False,completed_normally,2001,20.0,0,
traj_00942,gradual_approach_v3,20260823,61.10493924554041,1607.5938478968053,0.02074030896126692,0.463550769270585,0.006481346550395912,0.13027092543874963,0.02074030896109969,26.274804097869122,61.10493924554041,0.6154703228634474,False,,False,completed_normally,2001,20.0,0,
traj_00943,stall,20260823,56.304642879123215,1406.2421206630027,0.03088188626272378,0.41477694807690035,0.009650589457101183,0.03088188626272378,-0.24891108898528846,56.30464287912075,59.33527590485804,0.7925340094901395,False,,True,validity_envelope_gamma_exceeded,504,5.03,0,
traj_00944,gradual_approach_v3,20260823,49.60783790061278,1881.3249424458395,0.05013618668498458,0.36086453789650075,0.015667558339057683,0.20579501392624017,0.05013618668498458,21.030231283085783,49.607837900616175,0.5718367588620814,False,,False,completed_normally,2001,20.0,0,
traj_00945,gradual_approach_v3,20260823,58.95787854143574,1497.4604804651972,0.024975340716529133,0.4407804792409687,0.007804793973915354,0.02497534071655208,-0.07896855045280804,58.95787854143574,79.10494427985421,0.7861267726074657,False,,True,validity_envelope_gamma_exceeded,1171,11.700000000000001,0,
traj_00946,gradual_approach_v3,20260823,42.110000122115856,1943.6781172129993,0.08309104337955417,0.32530347360877665,0.02596595105611068,0.08309104337955417,-0.021997214403295107,42.11000012210479,69.50291573757951,0.4639804301722021,False,,False,completed_normally,2001,20.0,0,
traj_00947,gradual_approach_v3,20260823,69.16215262196553,1800.3748002699153,0.008172758498282588,0.5615935531745715,0.0025539870307133084,0.12807099055561252,0.008172758498282588,24.757994235411385,69.16215262198436,0.7420149466488312,False,,False,completed_normally,2001,20.0,0,
traj_00948,gradual_approach_v3,20260823,63.96696065645341,1606.9446867534064,0.015736302926363518,0.4961706503494829,0.0049175946644885995,0.12363054578941107,0.015736302926222124,25.943997720426125,63.96696065645341,0.6426724683186177,False,,False,completed_normally,2001,20.0,0,
traj_00949,stall,20260823,34.857150488719974,552.0083304636775,0.13557989655845995,0.3279134021568077,0.04236871767451873,0.13843583301987297,0.13285433362109272,34.26388477837277,35.409713503321484,0.018422084073838173,False,,False,completed_normally,2001,20.0,0,
traj_00950,gradual_approach_v3,20260823,52.67121732338337,890.2386309665224,0.04043572090138392,0.3832995178201635,0.012636162781682475,0.2641232544153669,0.013293805508790668,15.986399726858483,70.79816515651025,0.7287280119288722,False,,False,completed_normally,2001,20.0,0,
traj_00951,normal,20260823,68.77113579065589,734.7032984485827,0.008683669849419377,0.5564021458658117,0.0027136468279435554,0.029087503689274374,-0.02691609470847653,62.49044724469816,77.40490771604951,0.2147379579620002,False,,False,completed_normally,2001,20.0,0,
traj_00952,gradual_approach_v3,20260823,30.583003235790674,1332.0975352061107,0.18299709866234234,0.3569830333830828,0.057186593331981984,0.45501956413474354,0.16202488074824423,26.36790920941012,34.2494868227342,0.13159875080512295,True,4.0,False,completed_normally,2001,20.0,0,
traj_00953,gradual_approach_v3,20260823,47.22701730135455,1445.6584758035287,0.058977264035535354,0.3463386279511504,0.0184303950111048,0.1952237856550409,0.05162894710767185,22.976575854379053,48.4406875633452,0.5015597480804013,False,,False,completed_normally,2001,20.0,0,
traj_00954,gradual_approach_v3,20260823,37.54013938956197,1542.5480583246472,0.11290993347516667,0.321429001264171,0.035284354210989584,0.2849326761956636,0.09250789130652637,22.303067038963036,42.71509829559809,0.3994911816675872,True,11.17,False,completed_normally,2001,20.0,0,
traj_00955,gradual_approach_v3,20260823,71.81416642656964,853.9284296417727,0.004922788927043599,0.5979111399913156,0.0015383715397011247,0.004922788927043599,-0.0793749706393293,71.81416642655923,91.53877937713109,0.7859050458783583,False,,True,validity_envelope_gamma_exceeded,947,9.46,0,
traj_00956,gradual_approach_v3,20260823,34.823025888772754,1646.6126755508592,0.1358985258786167,0.32804658497976735,0.04246828933706771,0.5087259579978387,0.09992226140765505,22.11993088308886,44.25338866970162,0.35895842569641956,True,10.41,False,completed_normally,2001,20.0,0,
traj_00957,normal,20260823,73.09746164679086,720.3578964559056,0.0034744300138810726,0.6161662284513885,0.0010857593793378354,0.022731391592724,0.0034744300138810726,61.3593525228341,73.09746164679153,0.16370864657672837,False,,False,completed_normally,2001,20.0,0,
traj_00958,gradual_approach_v3,20260823,69.99279791940499,579.5743904632668,0.00711540719841162,0.5727621123551566,0.0022235647495036314,0.10649472160626616,0.00711540719841162,48.12689091082099,69.99279791942269,0.7854961959400442,False,,True,validity_envelope_gamma_exceeded,975,9.74,0,
traj_00959,gradual_approach_v3,20260823,72.28195082790847,1347.7228428183194,0.004385979900711442,0.6045146046899047,0.0013706187189723256,0.004385979900711442,-0.0706185017680212,72.28195082790847,92.20464179980705,0.7863506509620027,False,,True,validity_envelope_gamma_exceeded,976,9.75,0,
traj_00960,gradual_approach_v3,20260823,35.287628832021014,1038.5068904695358,0.13163028256360768,0.3263501080192954,0.0411344633011274,0.13163028256360768,-0.024524452680012243,35.2876288320049,61.942443166821185,0.5050171504935586,False,,False,completed_normally,2001,20.0,0,
traj_00961,gradual_approach_v3,20260823,41.98610248031205,738.5657795530359,0.08378111772559596,0.324991931289068,0.026181599289248736,0.21462119511651706,0.08378111772559596,24.533641401230415,41.98610248032489,0.4018424874867769,False,,False,completed_normally,2001,20.0,0,
traj_00962,gradual_approach_v3,20260823,41.35194879963046,1164.1865846606077,0.0874054063217109,0.323561913494638,0.027314189475534652,0.31145716910036475,0.07440726138091625,18.66417042349017,43.525139392652505,0.558772612450676,True,11.15,False,completed_normally,2001,20.0,0,
traj_00963,gradual_approach_v3,20260823,52.76420005039609,725.3023213563398,0.04016685817834134,0.3840416364336876,0.01255214318073167,0.04016685817834134,-0.07210436883795929,52.76420005038078,77.16285288333539,0.7856866503058607,False,,True,validity_envelope_gamma_exceeded,1100,10.99,0,
traj_00964,gradual_approach_v3,20260823,54.77997295031614,756.147483555384,0.034664158817282464,0.40096234084368887,0.01083254963040077,0.17768143988162907,0.0346641588171236,21.29290408846942,54.77997295031614,0.6180032122342785,False,,False,completed_normally,2001,20.0,0,
traj_00965,normal,20260823,74.13789118097931,1367.085138572106,0.0023544580649554605,0.6312866424431788,0.0007357681452985814,0.0023544580649554605,0.001958636527492261,74.13789118095575,74.70176433653339,0.005532572243183513,False,,False,completed_normally,2001,20.0,0,
traj_00966,gradual_approach_v3,20260823,59.16559561995615,1347.744073376068,0.024545675165356794,0.44291743314249615,0.0076705234891739985,0.15126427561974276,0.024545675165356794,23.568866924238126,59.16559561995642,0.64053320540214,False,,False,completed_normally,2001,20.0,0,
traj_00967,gradual_approach_v3,20260823,39.69109922631109,681.1240797862171,0.0976816001943506,0.3211949833418149,0.03052550006073456,0.27258055317970037,0.05447493823934768,20.066243338597587,57.51173422291036,0.49662563415120364,False,,False,completed_normally,2001,20.0,0,
traj_00968,gradual_approach_v3,20260823,50.05167257332789,1154.3309997928393,0.04862234320724154,0.3638641998713172,0.015194482252262982,0.20421284334992962,0.034311688077761526,20.551050491195088,55.11309626719967,0.5936120542564035,False,,False,completed_normally,2001,20.0,0,
traj_00969,gradual_approach_v3,20260823,51.934290601895285,1312.8575573535447,0.04261680332412722,0.37754165714191257,0.013317751038789757,0.1774332433907047,0.028843575425820722,22.89793981387445,58.00366573181013,0.5441101991519353,False,,False,completed_normally,2001,20.0,0,
traj_00970,gradual_approach_v3,20260823,74.44128976462177,1233.2938437853586,0.0020365943377685706,0.635749391594018,0.0006364357305526783,0.0020365943379188948,-0.08105617578374702,74.44128976462177,93.79275604400651,0.7865240228709596,False,,True,validity_envelope_gamma_exceeded,806,8.05,0,
traj_00971,gradual_approach_v3,20260823,72.85997856425226,974.7479845625661,0.0037367539453102374,0.6127549577598713,0.0011677356079094492,0.10696425720180802,0.0037367539453102374,51.96162831662025,72.85997856428607,0.786234814091461,False,,True,validity_envelope_gamma_exceeded,1242,12.41,0,
traj_00972,gradual_approach_v3,20260823,59.30169816050242,788.5253947695226,0.02426655468374229,0.44432539950994104,0.007583298338669466,0.024266554683779053,-0.055365987226066005,59.30169816050242,104.52451547551468,0.662737484597369,False,,False,completed_normally,2001,20.0,0,
traj_00973,normal,20260823,45.547005334741534,1684.4332580238877,0.0660394177985601,0.337790852220007,0.02063731806205003,0.08091287394201946,0.04181314988244342,41.27165644714675,49.70367002276055,0.11011929339393418,False,,False,completed_normally,2001,20.0,0,
traj_00974,normal,20260823,58.785848091382746,1956.0522291137315,0.0253345903063605,0.43902155407040255,0.007917059470737656,0.040835959287178314,0.009709681382203073,55.68246700392988,58.87892317041024,0.10229871848944429,False,,False,completed_normally,2001,20.0,0,
traj_00975,stall,20260823,43.53101223241375,971.1545512416483,0.07557258146989534,0.3295942105522063,0.023616431709342293,1.1021820505129345,-0.2623646756477126,41.083421335791485,56.80414386849074,0.7920210209985991,True,5.22,True,validity_envelope_gamma_exceeded,1237,12.36,0,
traj_00976,gradual_approach_v3,20260823,47.399443869891435,1858.5521407048952,0.05829325979086184,0.3472984427348452,0.018216643684644325,0.05829325979093897,-0.031630251948369714,47.399443869891435,82.58069518014102,0.5580595868936317,False,,False,completed_normally,2001,20.0,0,
traj_00977,gradual_approach_v3,20260823,53.69429461333189,948.7737813406033,0.037552332228851404,0.391653544415026,0.011735103821516064,0.1723767511850537,0.03067883011584782,21.94217898101505,54.41137016013103,0.6020475115247157,False,,False,completed_normally,2001,20.0,0,
traj_00978,normal,20260823,71.76124869805184,607.1867925163996,0.004984170403168522,0.597167819097018,0.001557553250990163,0.016294980328291325,0.004984170403010991,68.02489883137613,71.76124869805184,0.053175673936963694,False,,False,completed_normally,2001,20.0,0,
traj_00979,stall,20260823,53.955435746891126,1658.2882974739066,0.0368419847042946,0.39385148533651715,0.011513120220092063,0.708854693532282,-0.6853506912284526,26.38520196837593,53.955435746891126,0.786820663726818,True,4.3,True,validity_envelope_gamma_exceeded,1091,10.9,0,
traj_00980,gradual_approach_v3,20260823,37.822256140974176,1072.0222160893118,0.11077607190150926,0.3211667124286719,0.03461752246922164,0.11077607190150926,-0.011527480531674517,37.82225614096967,63.74699327000619,0.46433244308735283,False,,False,completed_normally,2001,20.0,0,
traj_00981,gradual_approach_v3,20260823,32.428225632907015,1113.8247981559641,0.16049365911339725,0.34111725712199326,0.05015426847293664,0.5278960036018691,0.12210875027462371,23.265350582237573,40.986743658376206,0.28003785629884187,True,8.11,False,completed_normally,2001,20.0,0,
traj_00982,gradual_approach_v3,20260823,36.05158405888403,554.2569116095542,0.1249280241596557,0.3240892696095856,0.03904000754989241,0.1249280241596557,0.0036579166398839624,36.0515840588604,62.39584872465439,0.4653002260107535,False,,False,completed_normally,2001,20.0,0,
traj_00983,gradual_approach_v3,20260823,46.658053491407564,1452.2862602698387,0.06128659792844811,0.3432784430547636,0.019152061852640036,0.22526584102883107,0.061286597928426965,21.910979714767315,46.658053491407564,0.5136651645553815,False,,False,completed_normally,2001,20.0,0,
traj_00984,gradual_approach_v3,20260823,47.61429993829993,886.6089956784471,0.05745099664473097,0.3485152163478865,0.017953436451478427,0.17558390743029179,0.05745099664472454,24.35282797375608,47.61429993829993,0.4712125593188943,False,,False,completed_normally,2001,20.0,0,
traj_00985,normal,20260823,55.86812091320786,1546.06253460896,0.031933745680853165,0.41073515434151836,0.009979295525266614,0.031933745680903465,0.01681956132155461,55.86812091320786,59.25174083404646,0.06413918720834073,False,,False,completed_normally,2001,20.0,0,
traj_00986,normal,20260823,62.43492173360478,1259.3190736126044,0.01833041945283231,0.47839470419692626,0.005728256079010097,0.018413261488020725,0.01809547070037877,62.35737697799751,62.64498917995301,0.002523406332840004,False,,False,completed_normally,2001,20.0,0,
traj_00987,gradual_approach_v3,20260823,68.45027823497365,1747.5877129709004,0.009109396787944125,0.5521740261240502,0.002846686496232539,0.11173253269951128,0.009109396787907445,27.073043907533073,68.45027823497365,0.669188079920782,False,,False,completed_normally,2001,20.0,0,
traj_00988,gradual_approach_v3,20260823,46.38537892716048,829.675350316055,0.062422572949613536,0.3418710289982728,0.019507054046754232,0.21297314653109856,0.062422572949613536,22.283671280006722,46.38537892717633,0.5110279490366965,False,,False,completed_normally,2001,20.0,0,
traj_00989,stall,20260823,63.105659222814985,1784.5554482522364,0.017171725265362658,0.4860891136831531,0.005366164145425831,0.2887763895454467,0.017171725265362658,54.98116966828876,63.10565922282054,0.7872065653384657,True,4.87,True,validity_envelope_gamma_exceeded,510,5.09,0,
traj_00990,gradual_approach_v3,20260823,54.451799581963215,707.81551449667,0.035519328753521845,0.3981012935179613,0.011099790235475577,0.2007046229487387,0.035519328753521845,19.475036338738658,54.45179958197097,0.673572222463652,False,,False,completed_normally,2001,20.0,0,
traj_00991,normal,20260823,35.94426905071506,765.288017075519,0.12584657721526868,0.3243684759322674,0.039327055379771464,0.1345023247247277,0.07163472919598393,33.22218736998412,45.688742381305595,0.2335376474826013,False,,False,completed_normally,2001,20.0,0,
traj_00992,normal,20260823,39.90527535895779,987.8543925676416,0.09628879036488922,0.32138268814347787,0.030090246989027878,0.14973827675219523,0.08908461809432829,35.95952100284289,42.17892800269462,0.10066770952310902,False,,False,completed_normally,2001,20.0,0,
traj_00993,gradual_approach_v3,20260823,40.07413477499228,526.6892149726374,0.09520531997478399,0.3215559550129219,0.029751662492119996,0.2900774054392477,0.09232867375877413,21.34141013121936,40.07413477499392,0.46424409353646046,True,11.6,False,completed_normally,2001,20.0,0,
traj_00994,normal,20260823,60.02745022437674,1255.4526044054542,0.02280963436355057,0.4519362039811746,0.007128010738609553,0.02280963436355057,-0.0066153501189112895,60.02745022437035,74.02190058874652,0.20698435152300806,False,,False,completed_normally,2001,20.0,0,
traj_00995,gradual_approach_v3,20260823,45.4325787442867,1412.3284215440701,0.06654808748809066,0.33726350695961355,0.02079627734002833,0.06654808748809066,-0.025502388125490216,45.43257874426717,75.22752309282524,0.4889858590110058,False,,False,completed_normally,2001,20.0,0,
traj_00996,gradual_approach_v3,20260823,56.90126050456116,1089.1179602313885,0.029482577816633458,0.4204111547810525,0.009213305567697956,0.16120816199474935,0.029482577816633458,22.541391397346985,56.901260504576925,0.6116892976001147,False,,False,completed_normally,2001,20.0,0,
traj_00997,gradual_approach_v3,20260823,66.55413780775132,1844.2667866531995,0.011750873221476898,0.5277800169177457,0.0036721478817115308,0.011750873221476898,-0.08653787476347508,66.55413780774879,85.65539502349756,0.7866931690315284,False,,True,validity_envelope_gamma_exceeded,930,9.290000000000001,0,
traj_00998,stall,20260823,42.376781008082716,1373.3877779495597,0.08162457336131732,0.3260091943881894,0.02550767917541166,0.08162457336135732,-0.457698406598249,42.376781008082716,46.171608914772584,0.7874748771927913,True,2.44,True,validity_envelope_gamma_exceeded,321,3.2,0,
traj_00999,normal,20260823,49.79708625714562,953.7246378166149,0.04948586839439875,0.36213277764531676,0.01546433387324961,0.05027879324578833,0.04843480008203189,49.38856192790161,50.32252551291188,0.011237413989098801,False,,False,completed_normally,2001,20.0,0,
traj_01000,gradual_approach_v3,20260823,65.80562825441882,1014.5284205097743,0.012856284718315524,0.5184334557307275,0.0040175889744736015,0.12582531805940478,0.012856284718212816,43.01616988373582,65.80562825441882,0.7863449259767166,False,,True,validity_envelope_gamma_exceeded,654,6.53,0,
traj_01001,gradual_approach_v3,20260823,62.68174461869827,1907.7207639153419,0.01789976211537809,0.4812100764342013,0.005593675661055653,0.01789976211551657,-0.0629454269609071,62.68174461869827,108.76683565923571,0.65981415490935,False,,False,completed_normally,2001,20.0,0,
traj_01002,normal,20260823,45.03131525560654,610.3751570644656,0.06836142936335582,0.33547168139917377,0.021362946676048693,0.06884001868360466,0.06786046552132796,44.84458590180468,45.22398802712479,0.004330286437145921,False,,False,completed_normally,2001,20.0,0,
traj_01003,gradual_approach_v3,20260823,46.302687396459206,1289.2028683190865,0.06277090644787642,0.3414519100288469,0.01961590826496138,0.06277090644787642,-0.05758572853341204,46.30268739645889,85.94067143790299,0.662205684284952,False,,False,completed_normally,2001,20.0,0,
traj_01004,normal,20260823,33.20133322785962,1195.8735831630345,0.152044166387052,0.3360509641774833,0.04751380199595376,0.15416954051011342,0.1498375176411698,32.829499132006944,33.62271031850681,0.013772386902870718,False,,False,completed_normally,2001,20.0,0,
traj_01005,gradual_approach_v3,20260823,52.77497262753678,959.0913355714922,0.040135798829738806,0.38412783897472036,0.012542437134293377,0.040135798829738806,-0.06293437127216128,52.774972627532414,73.68022678584751,0.7857603114930178,False,,True,validity_envelope_gamma_exceeded,1118,11.17,0,
traj_01006,gradual_approach_v3,20260823,65.88509039731471,972.6886149822074,0.01273716389889509,0.5194179889529115,0.003980363718404716,0.01273716389907252,-0.08444914910580337,65.88509039731471,76.80350887705193,0.7865452874536663,False,,True,validity_envelope_gamma_exceeded,599,5.98,0,
traj_01007,gradual_approach_v3,20260823,36.86312622302398,1770.594445002066,0.11821319374646444,0.32236574279998376,0.03694162304577014,0.3773221424718722,0.08133635484817403,20.735565195508716,47.974217359553734,0.43657092010132803,True,9.69,False,completed_normally,2001,20.0,0,
traj_01008,normal,20260823,45.62498428049918,1617.5830618133036,0.0656948814746883,0.33815434535668765,0.020529650460840095,0.0663170884167542,0.0652901671257465,45.380924163674685,45.789445192217165,0.0035669394752033106,False,,False,completed_normally,2001,20.0,0,
traj_01009,normal,20260823,57.56803538668249,1995.9402787254419,0.02796909590517806,0.4268559725506894,0.008740342470368144,0.028566064422490378,0.027797210586240573,57.1399478838485,57.702716761673194,0.007142507655537707,False,,False,completed_normally,2001,20.0,0,
traj_01010,normal,20260823,46.93650932374783,1585.4889150143263,0.060146237250350204,0.34475545682512937,0.018795699140734437,0.060146237250350204,0.024763787598074516,46.93650932374659,55.070992857496215,0.15343476791161015,False,,False,completed_normally,2001,20.0,0,
traj_01011,gradual_approach_v3,20260823,38.64109388001705,688.4764951799073,0.10482312899454127,0.32081216312461996,0.03275722781079415,0.10482312899463068,-0.03638785911246517,38.64109388001705,72.25411962317105,0.5957360348925641,False,,False,completed_normally,2001,20.0,0,
traj_01012,gradual_approach_v3,20260823,40.18898801431544,1028.713391349775,0.09447564563668179,0.32168638959359896,0.02952363926146306,0.28809822337623264,0.06490594438078334,19.286352925796997,49.78629606372949,0.5263269064037088,True,9.870000000000001,False,completed_normally,2001,20.0,0,
traj_01013,gradual_approach_v3,20260823,45.09545651922051,641.5447248453496,0.06806844121525177,0.33575205079591175,0.021271387879766176,0.0680684412153066,-0.059889791722689656,45.09545651922051,92.56911892389819,0.7849257804724684,False,,False,completed_normally,2001,20.0,0,
traj_01014,gradual_approach_v3,20260823,47.3891346691116,1369.2094516913585,0.05833395249129342,0.34724063766431484,0.018229360153529193,0.2074163405508393,0.053970178248744616,21.433477324680297,47.389134669112906,0.5426277923988989,False,,False,completed_normally,2001,20.0,0,
traj_01015,stall,20260823,45.250544642607025,709.2165577036283,0.0673649645788636,0.33643950554956514,0.021051551430894874,0.0673649645790235,-0.23036127809975648,45.250544642607025,49.10339482310128,0.7864956704559837,False,,True,validity_envelope_gamma_exceeded,254,2.5300000000000002,0,
traj_01016,gradual_approach_v3,20260823,62.015716360112236,1774.0754788945237,0.01907351471603182,0.4736562551408397,0.005960473348759944,0.1261351365501273,0.01907351471594088,38.22503805089662,62.015716360112236,0.7853995885215058,False,,True,validity_envelope_gamma_exceeded,792,7.91,0,
traj_01017,gradual_approach_v3,20260823,36.00960011113296,786.7567842837119,0.1252865086314299,0.32419703888898604,0.03915203394732185,0.1252865086314299,-0.014673036166253872,36.00960011113158,61.1752220152616,0.5655232626216461,False,,False,completed_normally,2001,20.0,0,
traj_01018,gradual_approach_v3,20260823,43.79870561566992,668.151169443905,0.0742337659571517,0.33054485219475527,0.023198051861609906,0.2118926930519613,0.051096491132054334,24.13964113195375,53.24734968539316,0.43496205689656453,False,,False,completed_normally,2001,20.0,0,
traj_01019,gradual_approach_v3,20260823,32.559147931793916,1029.2906496550356,0.1590256868748941,0.34019813364028606,0.04969552714840441,0.1590256868748941,-0.016990731798987913,32.55914793178533,61.08019812215158,0.6248958769874762,False,,False,completed_normally,2001,20.0,0,
traj_01020,gradual_approach_v3,20260823,34.370984768459856,1741.8765677991787,0.14019834647308962,0.3299428553953381,0.043811983272840506,0.14019834647314514,0.004394106564635736,34.370984768459856,56.81170734512883,0.5317445591594653,False,,False,completed_normally,2001,20.0,0,
traj_01021,gradual_approach_v3,20260823,63.19685874774589,1815.6723298794714,0.017016985984120294,0.48714595425117024,0.005317808120037592,0.14806764401061817,0.017016985984103075,23.094673594646995,63.19685874774589,0.6985046492785526,False,,False,completed_normally,2001,20.0,0,
traj_01022,gradual_approach_v3,20260823,53.36991429057079,648.9710884450981,0.03844897620090486,0.3889601821078895,0.012015305062782769,0.213184144409292,0.025133720749081045,18.73310318794271,57.78000297468963,0.6579566571696072,False,,False,completed_normally,2001,20.0,0,
traj_01023,gradual_approach_v3,20260823,62.22293546213201,961.9490795381009,0.018704339359600104,0.47599172046648947,0.005845106049875032,0.018704339359600104,-0.08844867703089881,62.22293546212365,82.68098884115115,0.7863619612237855,False,,True,validity_envelope_gamma_exceeded,1166,11.65,0,
traj_01024,gradual_approach_v3,20260823,58.80425002831706,1618.2875984872157,0.025296013296230466,0.4392092319466609,0.007905004155072021,0.02529601329639683,-0.05373302470967711,58.80425002831706,100.51586365213436,0.5997591326007323,False,,False,completed_normally,2001,20.0,0,
traj_01025,gradual_approach_v3,20260823,46.2518139080637,1749.2887950261863,0.06298610510596933,0.3411958511738438,0.019683157845615414,0.06298610510608155,-0.03814348908698095,46.2518139080637,81.13762356294188,0.5724106918113474,False,,False,completed_normally,2001,20.0,0,
traj_01026,gradual_approach_v3,20260823,39.33069250359076,1960.1115503230844,0.1000732536608129,0.3209615293008277,0.03127289176900403,0.35206146118971665,0.08071439995314489,20.40468811676262,44.185818633334634,0.4818381885006431,True,11.1,False,completed_normally,2001,20.0,0,
traj_01027,stall,20260823,71.43862875677375,1947.2519943093614,0.005361317366219687,0.5926523440749772,0.0016754116769436523,0.00536131736629943,-0.2692058022245437,71.43862875677375,72.162469412866,0.7907943007888113,False,,True,validity_envelope_gamma_exceeded,352,3.5100000000000002,0,
traj_01028,gradual_approach_v3,20260823,65.63749826461805,1191.312949714145,0.013109737753947241,0.5163563913006505,0.0040967930481085124,0.14140775302771338,0.013109737753947241,23.55215753228063,65.63749826461805,0.7281786257649797,False,,False,completed_normally,2001,20.0,0,
traj_01029,stall,20260823,72.89038550132332,1107.746830969521,0.003703024596432956,0.6131908968923526,0.0011571951863852987,0.003703024596432956,-0.2835607281415151,72.89038550131484,73.39519891296187,0.7870770140145491,True,6.45,True,validity_envelope_gamma_exceeded,653,6.5200000000000005,0,
traj_01030,gradual_approach_v3,20260823,74.45430530189465,800.6846978830656,0.002023044325002209,0.6359413776639814,0.0006322013515631903,0.0020230443250222616,-0.08511094710762446,74.45430530189465,91.38334079645038,0.7873528016832235,False,,True,validity_envelope_gamma_exceeded,1180,11.790000000000001,0,
traj_01031,gradual_approach_v3,20260823,61.42620731349294,659.2219585910854,0.020144005664674298,0.46708556686319935,0.006295001770210719,0.18740434115754406,0.020144005664674298,19.707823497936783,61.42620731350138,0.7769061183441087,False,,False,completed_normally,2001,20.0,0,
traj_01032,stall,20260823,53.327483539711565,1333.8560153693159,0.03856744983320379,0.3886109156698212,0.012052328072876184,0.038811516396848544,-0.23754919735738234,53.0679685059475,55.52569189396308,0.7887139279396961,False,,True,validity_envelope_gamma_exceeded,544,5.43,0,
traj_01033,normal,20260823,35.025164244267295,1539.4167357822587,0.1340230730847705,0.32727766368011485,0.04188221033899078,0.137198162518184,0.13171784080807766,34.359486392956654,35.48263994921795,0.020564051828859613,False,,False,completed_normally,2001,20.0,0,
traj_01034,normal,20260823,58.78063239261514,1067.1486604959875,0.025345530759635377,0.4389683807710475,0.007920478362386055,0.05342923230255012,-0.0009735709431191869,53.074975538205685,64.30124956955804,0.15131434995756537,False,,False,completed_normally,2001,20.0,0,
traj_01035,stall,20260823,42.625479819265195,1078.425598245006,0.08028096180650099,0.3267094261908445,0.025087800564531557,0.08028096180659611,-0.23159167507903033,42.625479819265195,46.674547380334616,0.7878867117695452,False,,True,validity_envelope_gamma_exceeded,621,6.2,0,
traj_01036,gradual_approach_v3,20260823,72.04215644557311,1301.220361584259,0.004659863814445055,0.6011222393832787,0.0014562074420140796,0.102323236509553,0.004659863814331767,51.259724965301,72.04215644557311,0.7855362510319532,False,,True,validity_envelope_gamma_exceeded,962,9.61,0,
traj_01037,gradual_approach_v3,20260823,43.47638122008887,1139.912284999707,0.07584871292135098,0.32940559540478764,0.02370272278792218,0.24482697112923302,0.06116165789095074,21.234473138221638,47.455605731163416,0.5085737681102573,False,,False,completed_normally,2001,20.0,0,
traj_01038,gradual_approach_v3,20260823,72.99485792714081,1818.530043364997,0.0035874549929228536,0.6146905681509676,0.0011210796852883917,0.0035874549929228536,-0.08716245570734521,72.99485792710648,90.77288127121322,0.7862883797629494,False,,True,validity_envelope_gamma_exceeded,1109,11.08,0,
traj_01039,normal,20260823,57.38193086362392,1687.4523120666756,0.028386307328326667,0.42504157922783614,0.008870721040102083,0.0706671147343472,0.028386307328182887,43.64621331230435,57.38193086362392,0.2151687866199917,False,,False,completed_normally,2001,20.0,0,
traj_01040,gradual_approach_v3,20260823,60.16806336127067,1117.474917310615,0.02253335278425076,0.4534306839047919,0.007041672745078362,0.02253335278425076,-0.07603362237708688,60.168063361265396,115.20319307862903,0.7748368886583996,False,,False,completed_normally,2001,20.0,0,
traj_01041,normal,20260823,50.0312776119355,650.1433995655989,0.0486910472335029,0.363724431162216,0.015215952260469656,0.04956546395590385,0.04794468997141352,49.59934953591,50.42496521439112,0.01065761536289841,False,,False,completed_normally,2001,20.0,0,
traj_01042,gradual_approach_v3,20260823,73.05290935096616,514.6803788618428,0.0035234494544673827,0.6155251291067474,0.0011010779545210572,0.09811638032085279,0.003523449454272015,51.99483045492488,73.05290935096616,0.7863681468404699,False,,True,validity_envelope_gamma_exceeded,1082,10.81,0,
traj_01043,gradual_approach_v3,20260823,62.138703092267704,933.6491228168762,0.018853965522828454,0.4750407678243886,0.0058918642258838924,0.1445137177786212,0.01885396552272157,38.04055471307799,62.138703092267704,0.7861898871419257,False,,True,validity_envelope_gamma_exceeded,1185,11.84,0,
traj_01044,gradual_approach_v3,20260823,74.73163970058872,1945.8896062265346,0.0017359865642116636,0.6400427058548023,0.0005424958013161449,0.09426004392325071,0.0017359865642116636,62.43535642712999,74.73163970058931,0.7858637808477863,False,,True,validity_envelope_gamma_exceeded,787,7.86,0,
traj_01045,gradual_approach_v3,20260823,39.508849251558296,793.6271889185056,0.09888341312599416,0.3210638841663949,0.030901066601873174,0.4355752499557235,0.06004703482457546,20.37583922356743,54.200632640195415,0.48507563641377677,True,8.0,False,completed_normally,2001,20.0,0,
traj_01046,gradual_approach_v3,20260823,67.94090794429839,1171.2636221890925,0.009797546091124758,0.5455209822738887,0.003061733153476487,0.11357754299062428,0.009797546091115241,42.54443704554255,67.94090794429839,0.7854879346406408,False,,True,validity_envelope_gamma_exceeded,877,8.76,0,
traj_01047,gradual_approach_v3,20260823,70.83931320899477,511.03965466278555,0.006075514896489479,0.584338683310658,0.001898598405152962,0.006075514896489479,-0.06998725363538749,70.83931320899332,91.19965751043593,0.7867992698672381,False,,True,validity_envelope_gamma_exceeded,755,7.54,0,
traj_01048,gradual_approach_v3,20260823,60.66583124789045,759.3193133110285,0.021570498178126587,0.4587724893512353,0.006740780680664559,0.12745544639448692,0.021570498178005656,25.898094593686757,60.66583124789045,0.6059447090583853,False,,False,completed_normally,2001,20.0,0,
traj_01049,normal,20260823,43.04912633728612,1479.6186578371276,0.07804295332986758,0.32799448496714434,0.02438842291558362,0.07875614947134209,0.07741448887970605,42.80762726545869,43.27052605847044,0.005393913672759043,False,,False,completed_normally,2001,20.0,0,
traj_01050,gradual_approach_v3,20260823,43.256786019402945,1008.255050856979,0.07696873956581646,0.32866607711573703,0.02405273111431764,0.07696873956581646,-0.034404904902198497,43.25678601940094,77.99188404853699,0.599658798698622,False,,False,completed_normally,2001,20.0,0,
traj_01051,gradual_approach_v3,20260823,56.0604113172929,1487.8687356434657,0.031467418753311494,0.4125071335570038,0.009833568360409842,0.1855255525307316,0.022855560338620573,20.450045666078697,57.69792974955139,0.6961383398803118,False,,False,completed_normally,2001,20.0,0,
traj_01052,gradual_approach_v3,20260823,53.878811409502475,1232.831764791085,0.037049366014381094,0.393203835830778,0.011577926879494091,0.037049366014381094,-0.070594229134739,53.87881140950247,77.50056494416934,0.7866016429850886,False,,True,validity_envelope_gamma_exceeded,713,7.12,0,
traj_01053,normal,20260823,65.17604816211896,1927.0293567690983,0.013815355820790298,0.5106981320844171,0.004317298693996968,0.014372613867836732,0.013815355820685419,64.62230437253723,65.17604816211896,0.008646960330898203,False,,False,completed_normally,2001,20.0,0,
traj_01054,gradual_approach_v3,20260823,55.35449364396954,1126.798746244858,0.033202849092862856,0.4060678919429344,0.010375890341519643,0.033202849093022485,-0.07849788144399328,55.35449364396954,78.14394264712817,0.7867794643234053,False,,True,validity_envelope_gamma_exceeded,734,7.33,0,
traj_01055,gradual_approach_v3,20260823,46.91311672930394,987.945526049289,0.060241281863608484,0.34462984317582673,0.01882540058237765,0.17382757932884568,0.05738337555446055,26.27818255374638,46.91311672930394,0.4176103519089548,False,,False,completed_normally,2001,20.0,0,
traj_01056,gradual_approach_v3,20260823,65.08836104061564,717.1771455708923,0.013951120809716964,0.5096299855937736,0.004359725253036552,0.013951120809716964,-0.08707498358053734,65.0883610406131,82.99366737090061,0.7866972537830833,False,,True,validity_envelope_gamma_exceeded,754,7.53,0,
traj_01057,gradual_approach_v3,20260823,70.75407280936126,946.3373705193376,0.006178557078832275,0.583164135718448,0.001930799087135086,0.006178557078832275,-0.057672332045561436,70.75407280935681,123.02714198613735,0.686874046739769,False,,False,completed_normally,2001,20.0,0,
traj_01058,gradual_approach_v3,20260823,45.0102399159246,791.3007361303114,0.06845796137914742,0.3353800649122273,0.02139311293098357,0.06845796137914742,-0.02728421741307585,45.01023991590845,74.39656667288642,0.4862761330191286,False,,False,completed_normally,2001,20.0,0,
traj_01059,normal,20260823,55.743092758420396,1930.0438967413581,0.03223950147536338,0.4095901854262097,0.010074844211051056,0.05086665776398925,0.03223643059288909,52.190594900251575,55.76046435196039,0.07188123192903595,False,,False,completed_normally,2001,20.0,0,
traj_01060,gradual_approach_v3,20260823,72.7531862732978,1493.255079387472,0.003855546985823271,0.6112258383527439,0.0012048584330697722,0.003855546985823271,-0.09108925770584475,72.75318627329516,82.70205822587661,0.7855592535479732,False,,True,validity_envelope_gamma_exceeded,788,7.87,0,
traj_01061,gradual_approach_v3,20260823,52.306263750233335,858.7895296826385,0.04150459810300195,0.38042039377761105,0.01297018690718811,0.2319624420820676,0.04150459810288875,17.683301888326543,52.306263750233335,0.6900737885054345,False,,False,completed_normally,2001,20.0,0,
traj_01062,normal,20260823,67.70940345204664,870.7095326179186,0.01011539423763224,0.5425213646031943,0.003161060699260075,0.015765501044392977,-0.02551768435479093,67.70940345204224,80.008279136805,0.2692041466007672,False,,False,completed_normally,2001,20.0,0,
traj_01063,stall,20260823,46.58146826418907,1784.0084681165833,0.06160370948766382,0.34287923333300624,0.019251159214894942,0.06160370948766382,-0.20366769993955203,46.58146826418907,51.05482667322629,0.7868533091315362,False,,True,validity_envelope_gamma_exceeded,302,3.0100000000000002,0,
traj_01064,gradual_approach_v3,20260823,64.6810708360443,585.8605961361512,0.014588893469577178,0.5046983832895712,0.004559029209242868,0.1630764560387128,0.014588893469525981,21.44763507973699,64.6810708360443,0.7751967013154591,False,,False,completed_normally,2001,20.0,0,
traj_01065,gradual_approach_v3,20260823,60.55219198228204,1095.4858529115982,0.02178825437534114,0.4575459375640841,0.006808829492294106,0.14544940469672818,0.02178825437534114,36.98208112651936,60.55219198228935,0.7855820222705834,False,,True,validity_envelope_gamma_exceeded,887,8.86,0,
traj_01066,gradual_approach_v3,20260823,41.4257758227877,1463.8032734543838,0.08697538055755205,0.32371401820470924,0.027179806424235016,0.2299428497605785,0.060798116488339216,23.31939003829691,51.03210653575109,0.42684209777554183,False,,False,completed_normally,2001,20.0,0,
traj_01067,gradual_approach_v3,20260823,54.28558350020339,846.2416705542421,0.0359582808108144,0.39666771955945723,0.011236962753379499,0.16535665659330867,0.0359582808108144,22.52586523661105,54.28558350020588,0.5802043031345544,False,,False,completed_normally,2001,20.0,0,
traj_01068,normal,20260823,53.76682593637783,675.1189058986893,0.03735401651161924,0.39226137527736865,0.011673130159881012,0.06238581129829633,0.03671306726914833,49.580549540351214,54.19990424839297,0.07992752749216843,False,,False,completed_normally,2001,20.0,0,
traj_01069,gradual_approach_v3,20260823,48.308034097002206,1691.1094653966977,0.05480550621773431,0.3525986788488136,0.017126720693041973,0.05480550621777942,-0.0688991723573924,48.308034097002206,96.51488948049172,0.7663842586120967,False,,False,completed_normally,2001,20.0,0,
traj_01070,gradual_approach_v3,20260823,65.56975459335241,597.226192314836,0.013212405291901395,0.5155218216671428,0.0041288766537191865,0.15226927367386311,0.013212405291901395,22.404263349870597,65.56975459335241,0.7386314015338672,False,,False,completed_normally,2001,20.0,0,
traj_01071,gradual_approach_v3,20260823,74.84586481479118,1435.7083568829355,0.0016186750421151655,0.6417377348766334,0.0005058359506609892,0.09628073112454105,0.0016186750421151655,52.20456597973977,74.84586481481807,0.7856879961883865,False,,True,validity_envelope_gamma_exceeded,1137,11.36,0,
traj_01072,gradual_approach_v3,20260823,64.648611896758,683.2495056333806,0.014640233764460366,0.5043074716844413,0.004575073051393864,0.014640233764460366,-0.07715195113912471,64.6486118967415,86.83035870881791,0.7858481424272575,False,,True,validity_envelope_gamma_exceeded,1113,11.120000000000001,0,
traj_01073,normal,20260823,51.063909863584556,1351.4205854891684,0.045312725012260816,0.3710300674615054,0.014160226566331504,0.05690812676055124,0.029590884850243703,48.35788917445023,52.44643004150924,0.05712493990479391,False,,False,completed_normally,2001,20.0,0,
traj_01074,gradual_approach_v3,20260823,72.71121896624531,1433.4264151355296,0.0039023723195081073,0.6106257526803267,0.0012194913498462835,0.0039023723195081073,-0.07609407122065759,72.71121896624453,91.19222495962768,0.7864152324733025,False,,True,validity_envelope_gamma_exceeded,635,6.34,0,
traj_01075,gradual_approach_v3,20260823,53.020452943028054,1629.9412441784054,0.039433051420352985,0.3861047299592723,0.012322828568860307,0.183224910500344,0.02272451010632759,21.07026353739553,61.485952103922564,0.5963847728907028,False,,False,completed_normally,2001,20.0,0,
traj_01076,normal,20260823,49.023874122582,1860.905002791209,0.05218930156790892,0.35705380110990914,0.016309156739971537,0.10241972281785527,0.05218930156790892,38.21669331541874,49.023874122599885,0.22410786271712307,False,,False,completed_normally,2001,20.0,0,
traj_01077,normal,20260823,33.33798440312824,513.3068936938125,0.1506038854758097,0.3352435617987692,0.04706371421119053,0.21212994723190184,0.13250559327260558,28.38204912783143,37.225502309708496,0.1504924803752512,False,,False,completed_normally,2001,20.0,0,
traj_01078,normal,20260823,39.12937074925468,1087.6979604088117,0.10143596769265129,0.3208769918648582,0.03169873990395353,0.10318293295509497,0.09971964011172754,38.650260841277984,39.59372729980585,0.011533713981391405,False,,False,completed_normally,2001,20.0,0,
traj_01079,gradual_approach_v3,20260823,68.01973749797095,1644.1948129051702,0.009690047729315681,0.5465458308560497,0.0030281399154111505,0.009690047729315681,-0.07853653769924995,68.01973749794857,87.94345191485601,0.7864359857304979,False,,True,validity_envelope_gamma_exceeded,1078,10.77,0,
traj_01080,gradual_approach_v3,20260823,59.48392311436643,1739.326980275301,0.023895798207530693,0.44622008791158513,0.007467436939853342,0.159647088028691,0.023895798207530693,34.82258774632965,59.48392311436869,0.7854708238356579,False,,True,validity_envelope_gamma_exceeded,848,8.47,0,
traj_01081,gradual_approach_v3,20260823,37.53410580253483,1226.051973832631,0.11295604908813053,0.3214354185861366,0.0352987653400408,0.11295604908813053,-0.03997273389095912,37.534105802533986,71.59052108067256,0.6231219841023027,False,,False,completed_normally,2001,20.0,0,
traj_01082,gradual_approach_v3,20260823,53.44899701774317,1166.2621089127351,0.038228901829135416,0.38961302967261824,0.011946531821604819,0.03822890182914219,-0.06545487805549305,53.44899701774317,76.62889245405808,0.785555003744547,False,,True,validity_envelope_gamma_exceeded,753,7.5200000000000005,0,
traj_01083,normal,20260823,57.4010569900301,820.8860390516412,0.028343245936574783,0.4252274926225709,0.00885726435517962,0.0413574277254476,0.028333771302772575,53.12235884534364,57.45305000685224,0.07480720558068119,False,,False,completed_normally,2001,20.0,0,
traj_01084,gradual_approach_v3,20260823,51.94562934031405,1729.956650986661,0.042582554559643604,0.3776285695335899,0.013307048299888626,0.1706178580808626,0.042582554559543254,23.142771979443175,51.94562934031405,0.5580138254225957,False,,False,completed_normally,2001,20.0,0,
traj_01085,stall,20260823,47.70211092073443,622.685296552078,0.05710993812189749,0.3490190930926018,0.017846855663092968,0.05710993812189749,-0.21118329556438242,47.70211092072853,51.84720020398383,0.789102865620894,False,,True,validity_envelope_gamma_exceeded,562,5.61,0,
traj_01086,gradual_approach_v3,20260823,72.35400908016165,1555.2481743336427,0.004304204263921833,0.6055370117547323,0.001345063832475573,0.004304204263921833,-0.0757061016817851,72.35400908015032,93.84327807370624,0.7854718738930497,False,,True,validity_envelope_gamma_exceeded,1019,10.18,0,
traj_01087,gradual_approach_v3,20260823,59.68598144362022,1085.0186452205926,0.02348859557154941,0.44833377956603815,0.007340186116109191,0.17097077972226515,0.023488595571477817,21.257253135703813,59.68598144362022,0.7284724769639757,False,,False,completed_normally,2001,20.0,0,
traj_01088,gradual_approach_v3,20260823,62.93855736394241,1966.515305358073,0.0174569743334714,0.48415928713199274,0.005455304479209812,0.15645504562698942,0.0174569743334714,39.74123483917962,62.93855736394495,0.7869355649777087,False,,True,validity_envelope_gamma_exceeded,875,8.74,0,
traj_01089,stall,20260823,30.50294819937152,632.3874570087843,0.18405907673191704,0.35780400323123873,0.057518461478724074,0.18405907673202035,-0.25764962801464075,30.50294819937152,35.52688199211492,0.7907989776507274,False,,True,validity_envelope_gamma_exceeded,577,5.76,0,
traj_01090,gradual_approach_v3,20260823,55.194871922264404,1757.4317331193226,0.033604359011042,0.40463712337714425,0.010501362190950625,0.18707784917486636,0.033604359011042,31.0977806947279,55.194871922264404,0.7854123896489721,False,,True,validity_envelope_gamma_exceeded,1100,10.99,0,
traj_01091,gradual_approach_v3,20260823,60.13328748683502,594.5093186239859,0.022601503802976982,0.4530604777213127,0.007062969938430306,0.17818193649285838,0.022601503802976982,20.58155679127169,60.13328748685998,0.7245445127361202,False,,False,completed_normally,2001,20.0,0,
traj_01092,gradual_approach_v3,20260823,74.49645293133065,1334.421012099609,0.001979214207914086,0.6365633808930989,0.0006185044399731519,0.08627877366285641,0.0019792142077616924,51.05593070096307,74.49645293133065,0.7863407318376862,False,,True,validity_envelope_gamma_exceeded,787,7.86,0,
traj_01093,gradual_approach_v3,20260823,44.987652023625515,828.9197664161123,0.06856156616614778,0.3352821518700979,0.02142548942692118,0.06856156616616174,-0.028089489514392607,44.987652023625515,78.00938014633222,0.5524817743185342,False,,False,completed_normally,2001,20.0,0,
traj_01094,gradual_approach_v3,20260823,40.9699983235113,551.6863803682651,0.08966523691516101,0.3228368636041263,0.028020386535987818,0.2614326561792954,0.062050276511156965,19.640426736767694,50.121330088302955,0.525195075955268,False,,False,completed_normally,2001,20.0,0,
traj_01095,gradual_approach_v3,20260823,62.06115336877101,1869.0034041711785,0.018992252979346338,0.4741672099429629,0.005935079056045731,0.018992252979410696,-0.07714485014204653,62.06115336877101,86.75774724714597,0.7863055462272716,False,,True,validity_envelope_gamma_exceeded,1093,10.92,0,
traj_01096,stall,20260823,46.704027075243374,953.9673355114223,0.061096961979516855,0.3435195465097785,0.01909280061859902,0.061886611502399796,-0.2944243019644237,46.27914734060026,48.664576601573785,0.7928422471600394,True,7.44,True,validity_envelope_gamma_exceeded,779,7.78,0,
traj_01097,gradual_approach_v3,20260823,44.56633765974854,835.4970133064977,0.0705218338836775,0.33350915301931144,0.022038073088649218,0.07052183388379167,-0.06720615487433923,44.56633765974854,67.86787768692358,0.7860472989776466,False,,True,validity_envelope_gamma_exceeded,772,7.71,0,
traj_01098,gradual_approach_v3,20260823,65.33614661880047,1254.187448353137,0.013568869466245144,0.5126541757327079,0.004240271708201607,0.12934519740832767,0.013568869466143487,25.021520773816647,65.33614661880047,0.6717431388111634,False,,False,completed_normally,2001,20.0,0,
traj_01099,gradual_approach_v3,20260823,52.50532022427914,1078.0011606976807,0.04091889622346016,0.38198408123203,0.012787155069831302,0.04091889622346016,-0.07515795535480851,52.50532022427668,101.97380379958608,0.769034814217967,False,,False,completed_normally,2001,20.0,0,
traj_01100,gradual_approach_v3,20260823,41.96424218131784,1939.4524930534653,0.0839034740788627,0.3249380395774606,0.026219835649644595,0.21888962777293813,0.08390347407872177,23.679219023965445,41.96424218131784,0.4241972843066923,False,,False,completed_normally,2001,20.0,0,
traj_01101,gradual_approach_v3,20260823,70.97631462717514,1740.6447625209992,0.005910671310051177,0.5862305883336869,0.0018470847843909928,0.12318669734554791,0.005910671310007425,25.197305032904875,70.97631462717514,0.7407185189711419,False,,False,completed_normally,2001,20.0,0,
traj_01102,gradual_approach_v3,20260823,67.28318607695168,1987.835636562891,0.010709086683153755,0.5370385061283117,0.0033465895884855486,0.010709086683207752,-0.06997641977759483,67.28318607695168,87.34622812526314,0.7858888337384401,False,,True,validity_envelope_gamma_exceeded,1145,11.44,0,
traj_01103,gradual_approach_v3,20260823,42.01884227490794,1512.1292406615223,0.08359820462466194,0.32507324900454065,0.026124438945206857,0.08359820462466194,-0.0539850332988267,42.018842274906156,76.50835744100429,0.6204438388559583,False,,False,completed_normally,2001,20.0,0,
traj_01104,gradual_approach_v3,20260823,52.12991852278383,1575.902239512984,0.04202896911862396,0.379048576674744,0.013134052849569986,0.04202896911862396,-0.049575343352810886,52.12991852277541,94.80441117133765,0.6467577361166116,False,,False,completed_normally,2001,20.0,0,
traj_01105,gradual_approach_v3,20260823,36.47930354086885,1754.142653640713,0.12133884855424437,0.32309680411438263,0.037918390173201366,0.12133884855424437,0.01685686516553392,36.47930354085115,55.05683499959268,0.35517321509820715,False,,False,completed_normally,2001,20.0,0,
traj_01106,gradual_approach_v3,20260823,33.49347717873855,1386.0349678820603,0.14898370024581672,0.3343558869600072,0.04655740632681773,0.16642476913122173,0.0033823182750241654,27.056777251913772,55.326894319454546,0.5516297616090031,False,,False,completed_normally,2001,20.0,0,
traj_01107,gradual_approach_v3,20260823,67.48441843244511,1006.1276144686246,0.010427396807888296,0.5396207380784461,0.0032585615024650926,0.11774617536652984,0.010427396807888296,26.314244939867116,67.48441843245065,0.6785356383183164,False,,False,completed_normally,2001,20.0,0,
traj_01108,normal,20260823,42.51791073943233,1757.8270892478993,0.08085936423175036,0.32640158545534814,0.02526855132242199,0.0832272698202901,0.079024912335168,41.71574326953451,43.131832989565524,0.021075186161728515,False,,False,completed_normally,2001,20.0,0,
traj_01109,gradual_approach_v3,20260823,73.7902717065008,1236.6910054629523,0.002723436724096373,0.6262030669628481,0.0008510739762801165,0.002723436724257993,-0.0715304781312619,73.7902717065008,93.45811871805665,0.7874351948058986,False,,True,validity_envelope_gamma_exceeded,796,7.95,0,
traj_01110,normal,20260823,56.97480307909891,859.4553125718467,0.029313077950754392,0.42111437030062565,0.009160336859610749,0.030206533268470153,0.028889692003807796,56.35330511184458,57.28909668086831,0.010647327921584397,False,,False,completed_normally,2001,20.0,0,
traj_01111,normal,20260823,42.083184550159054,1097.9816426545303,0.0832399092464321,0.325235168360416,0.02601247163951003,0.13020453377227592,0.08323990924631555,35.86588828856303,42.083184550159054,0.13803395785624617,False,,False,completed_normally,2001,20.0,0,
traj_01112,gradual_approach_v3,20260823,71.25179331818212,529.681646594503,0.0055820536965525466,0.5900501623304568,0.0017443917801726707,0.0055820536965525466,-0.06438465610236876,71.25179331818212,117.32751637336618,0.7823506323354259,False,,True,ground_contact,1762,17.61,0,
traj_01113,normal,20260823,39.29154277776904,1078.4085799404288,0.10033673279649394,0.32094248915371326,0.031355228998904354,0.13398230068552755,0.04752971584366911,31.676992395721083,45.83966826420269,0.21264442899512595,False,,False,completed_normally,2001,20.0,0,
traj_01114,gradual_approach_v3,20260823,31.445240324513524,907.4172544720492,0.17203613488519442,0.34886509972091045,0.05376129215162326,0.18144104918805837,-0.017304605516362148,24.101709112213292,59.05443238390621,0.7524865621081488,False,,False,completed_normally,2001,20.0,0,
traj_01115,normal,20260823,37.374918124522225,507.4348352847786,0.11418008691512713,0.3216170996866015,0.03568127716097722,0.14116047174258017,0.10895843288850207,35.53964638157057,38.750126050065184,0.04921257815601442,False,,False,completed_normally,2001,20.0,0,
traj_01116,gradual_approach_v3,20260823,64.19915777247478,1078.515825350516,0.015359062966721484,0.4989267861853741,0.004799707177100464,0.12788078966545674,0.015359062966640429,25.34955286451331,64.19915777247478,0.6560014961815289,False,,False,completed_normally,2001,20.0,0,
traj_01117,gradual_approach_v3,20260823,55.236036086884006,531.9192348089789,0.03350048809577323,0.4050051989550528,0.010468902529929136,0.03350048809577323,-0.06665033995653369,55.23603608687629,105.3873572703289,0.7416476149336719,False,,True,ground_contact,1828,18.27,0,
traj_01118,gradual_approach_v3,20260823,47.5041723555576,1765.4376222679148,0.05788132718510691,0.3478886747172239,0.01808791474534591,0.21369752835461642,0.05788132718510691,21.325662951937254,47.504172355573395,0.5464824362479138,False,,False,completed_normally,2001,20.0,0,
traj_01119,gradual_approach_v3,20260823,44.47166131737394,1433.178482966575,0.07096971088423154,0.3331247924974757,0.022178034651322356,0.07096971088423154,-0.03420529229121311,44.47166131737394,79.93289970221622,0.5860599741379452,False,,False,completed_normally,2001,20.0,0,
traj_01120,gradual_approach_v3,20260823,69.25631467723943,866.9370843827702,0.00805100195002427,0.5628500517520367,0.0025159381093825843,0.10030593399688725,0.008051001949850319,48.47149594579791,69.25631467723943,0.7861806021180479,False,,True,validity_envelope_gamma_exceeded,1126,11.25,0,
traj_01121,normal,20260823,35.92074270040341,1157.4799279713043,0.12604893157970534,0.3244313308301138,0.03939029111865792,0.12604893157970534,0.06607451833167284,35.92074270039723,46.17501494847611,0.23681539410013122,False,,False,completed_normally,2001,20.0,0,
traj_01122,gradual_approach_v3,20260823,65.1313966386844,1114.7990129210664,0.013884421553927176,0.510153934037815,0.0043388817356022425,0.1381376362954456,0.013884421553887263,23.980372422163246,65.1313966386844,0.6935307240099485,False,,False,completed_normally,2001,20.0,0,
traj_01123,gradual_approach_v3,20260823,31.814795600249486,658.8526390130138,0.16758518047287688,0.3457722850359339,0.05237036889777402,0.44304138003478394,0.13189072772239951,23.56160307130667,39.27704996540296,0.2506673377689707,True,5.93,False,completed_normally,2001,20.0,0,
traj_01124,gradual_approach_v3,20260823,51.128581507620474,608.7606307463745,0.04510777308973635,0.3715029232024165,0.014096179090542608,0.1732247769115159,0.045107773089589194,22.30323806257084,51.128581507620474,0.5553229980712487,False,,False,completed_normally,2001,20.0,0,
traj_01125,gradual_approach_v3,20260823,33.06794100881186,1946.2199454873867,0.1534651444778408,0.3368640865313868,0.047957857649325246,0.1534651444778408,-0.004413972790978271,31.449922333739764,60.05560415518457,0.6856087161005435,False,,False,completed_normally,2001,20.0,0,
traj_01126,gradual_approach_v3,20260823,43.28565848777553,1956.415426940404,0.07682054928366705,0.3287615963343058,0.024006421651145953,0.07682054928366705,-0.020175740698386957,43.28565848775994,72.61012187877768,0.4864974955936701,False,,False,completed_normally,2001,20.0,0,
traj_01127,gradual_approach_v3,20260823,59.740807241057226,1846.5446197273616,0.023378808498631398,0.44890961230406323,0.007305877655822312,0.11205332996074302,0.023378808498631398,28.44023029071305,59.74080724106204,0.5335979811598911,False,,False,completed_normally,2001,20.0,0,
traj_01128,normal,20260823,44.82806250187118,1440.9790502656156,0.06929785364455904,0.3345986151008986,0.0216555792639247,0.07040342192223607,0.06841204103337195,44.4009520375169,45.15946470012814,0.01010709247891695,False,,False,completed_normally,2001,20.0,0,
traj_01129,gradual_approach_v3,20260823,41.02122341307332,1004.9461529001346,0.08935870983501518,0.32292802650274016,0.027924596823442244,0.30098188211742954,0.07214123099946934,19.657651298033596,45.1902643774948,0.5253043596499066,True,11.3,False,completed_normally,2001,20.0,0,
traj_01130,gradual_approach_v3,20260823,70.73849950304472,644.188482874692,0.006197422601283732,0.5829497606237314,0.0019366945629011663,0.1222308608601067,0.006197422601168988,50.10092600951085,70.73849950304472,0.7873860707636462,False,,True,validity_envelope_gamma_exceeded,1056,10.55,0,
traj_01131,stall,20260823,68.44639957080132,1177.4897164538277,0.009114579424374498,0.5521230907452577,0.0028483060701170308,0.009114579424516784,-0.23458327460476158,68.44639957080132,70.10091053412364,0.7868350154884374,False,,True,validity_envelope_gamma_exceeded,747,7.46,0,
traj_01132,gradual_approach_v3,20260823,30.416617489944066,533.9640364642717,0.1852133441124986,0.35870264410209507,0.05787917003515581,0.5201875604059476,0.17290475515818415,27.108349376389548,32.51467675008566,0.12029747337102717,True,5.57,False,completed_normally,2001,20.0,0,
traj_01133,gradual_approach_v3,20260823,36.03785078569748,600.7259839171747,0.12504516401310295,0.32412431550240905,0.03907661375409467,0.37133884608965906,0.0777967312332765,20.356170211237703,51.22549149154374,0.43563668241626974,True,6.72,False,completed_normally,2001,20.0,0,
traj_01134,gradual_approach_v3,20260823,36.46587504434489,1425.1152270983487,0.1214498130448694,0.323125081177069,0.037953066576521685,0.1214498130448694,-0.035097491242833456,36.465875044343456,64.4205112104864,0.593341674716,False,,False,completed_normally,2001,20.0,0,
traj_01135,gradual_approach_v3,20260823,53.26700386566002,1268.3751490493912,0.038736798868299296,0.3881143021842174,0.012105249646343531,0.1592721509483807,0.027742273544561602,23.325012796780733,57.56800863436822,0.5439588668796731,False,,False,completed_normally,2001,20.0,0,
traj_01136,gradual_approach_v3,20260823,58.754216678467735,1344.5944965643907,0.025400984467038767,0.4386992163352294,0.007937807645949615,0.02540098446715661,-0.06355487807205973,58.754216678467735,107.36451348469045,0.688853460146542,False,,False,completed_normally,2001,20.0,0,
traj_01137,gradual_approach_v3,20260823,60.25386420948807,1759.4274568377,0.02236570443491918,0.4543457522989928,0.006989282635912244,0.02236570443500285,-0.07423898025279807,60.25386420948807,79.3364131130144,0.7863442338250853,False,,True,validity_envelope_gamma_exceeded,696,6.95,0,
traj_01138,gradual_approach_v3,20260823,72.97139624857276,575.58284046437,0.003613365991390759,0.6143535307646064,0.001129176872309612,0.0888990684858183,0.003613365991390759,48.493629192888804,72.97139624857415,0.7854549851689722,False,,True,validity_envelope_gamma_exceeded,1002,10.01,0,
traj_01139,gradual_approach_v3,20260823,48.99957409461829,1720.39661970257,0.05227628754779798,0.35689862747239487,0.01633633985868687,0.20475035051381923,0.05227628754779798,21.695586339487825,48.999574094629146,0.5696105681905176,False,,False,completed_normally,2001,20.0,0,
traj_01140,gradual_approach_v3,20260823,44.812432362915466,1303.8292798729385,0.06937037185805844,0.33453244928417003,0.021678241205643264,0.06937037185805844,-0.016781208679962245,44.812432362914436,71.2020172030122,0.4365352161538827,False,,False,completed_normally,2001,20.0,0,
traj_01141,gradual_approach_v3,20260823,51.51754386032284,1061.032327095465,0.04389097353101884,0.3743842297123161,0.013715929228443387,0.18573906294709053,0.04389097353101884,22.285296719359476,51.517543860357726,0.5373596059874272,False,,False,completed_normally,2001,20.0,0,
traj_01142,gradual_approach_v3,20260823,63.545523048131464,1386.9230064520577,0.016431457347697628,0.49120967141283856,0.005134830421155509,0.016431457347697628,-0.08345116675381253,63.545523048131216,87.49495863661289,0.7861994794104881,False,,True,validity_envelope_gamma_exceeded,792,7.91,0,
traj_01143,normal,20260823,50.32510602284716,852.0070536813432,0.04770908690654872,0.36575583665620637,0.014909089658296477,0.048301642184070306,0.04700100889193865,50.01659731513393,50.689416993362585,0.00670763573112258,False,,False,completed_normally,2001,20.0,0,
traj_01144,gradual_approach_v3,20260823,72.00342886691598,1726.713473986841,0.004704351322705271,0.6005758034926987,0.0014701097883453973,0.1300257786914702,0.004704351322586904,24.244704804272434,72.00342886691598,0.7724196033110878,False,,False,completed_normally,2001,20.0,0,
traj_01145,gradual_approach_v3,20260823,37.38743622298053,1109.0040392135754,0.11408331695436341,0.32160194570532413,0.03565103654823856,0.11408331695449586,-0.02231518306632313,37.38743622298053,64.02773973910774,0.4934813600847187,False,,False,completed_normally,2001,20.0,0,
traj_01146,gradual_approach_v3,20260823,48.0336309075608,1795.711771910263,0.05583862656591601,0.35095552265320984,0.017449570801848755,0.2131305835445686,0.05583862656578001,20.07106482067726,48.0336309075608,0.5828144435126444,False,,False,completed_normally,2001,20.0,0,
traj_01147,gradual_approach_v3,20260823,53.1981828134211,1119.847534507785,0.038930193485403844,0.3875509456910432,0.012165685464188702,0.038930193485403844,-0.07835984060977341,53.1981828134059,73.38411476689174,0.7869174927008509,False,,True,validity_envelope_gamma_exceeded,1009,10.08,0,
traj_01148,gradual_approach_v3,20260823,52.16233384087815,1960.4432728350928,0.041932190103658416,0.37929978780277335,0.013103809407393256,0.041932190103658416,-0.05728293926085981,52.16233384087492,96.07537958377823,0.6696195245477896,False,,False,completed_normally,2001,20.0,0,
traj_01149,gradual_approach_v3,20260823,72.22842493187702,1002.6224423164476,0.004446880974364306,0.6037560431633797,0.0013896503044888455,0.09352806664624858,0.004446880974364306,50.00754376510327,72.22842493189177,0.7861577804756846,False,,True,validity_envelope_gamma_exceeded,1025,10.24,0,
traj_01150,gradual_approach_v3,20260823,57.2683828431211,1837.999926315934,0.02864282911486972,0.4239404657380097,0.008950884098396788,0.16969202238620232,0.02864282911476033,21.673232160837678,57.2683828431211,0.6852148642395527,False,,False,completed_normally,2001,20.0,0,
traj_01151,gradual_approach_v3,20260823,39.5803218893999,685.7329270245519,0.09841026163513045,0.321112135198473,0.030753206760978265,0.4275508288827377,0.05452884670895944,18.466135108086423,57.24305235171115,0.5444759273783978,True,8.19,False,completed_normally,2001,20.0,0,
traj_01152,gradual_approach_v3,20260823,70.77734622751247,1335.391136836939,0.006150386608103689,0.5834846298570243,0.0019219958150324028,0.00615038660822194,-0.08317950322194995,70.77734622751247,90.86796813715493,0.7867736070613675,False,,True,validity_envelope_gamma_exceeded,1036,10.35,0,
traj_01153,gradual_approach_v3,20260823,64.04681932669446,1649.3969412006552,0.01560610283400373,0.49711673453019517,0.0048769071356261655,0.17304881799049285,0.011231040610959475,20.6235266945819,64.04681932669446,0.7623755995316039,False,,False,completed_normally,2001,20.0,0,
traj_01154,gradual_approach_v3,20260823,41.413531726999004,989.1520908340099,0.08704654973155782,0.323688526520797,0.02720204679111182,0.08704654973158951,-0.04874864574243842,41.413531726999004,82.34469368311211,0.6765373431268251,False,,False,completed_normally,2001,20.0,0,
traj_01155,gradual_approach_v3,20260823,36.495983633369164,584.0446276711526,0.12120116815672616,0.3230619368537906,0.03787536504897692,0.12120116815673546,-0.02466845877777102,36.495983633369164,62.916205316216924,0.4931536693049534,False,,False,completed_normally,2001,20.0,0,
traj_01156,gradual_approach_v3,20260823,46.1311851335307,1976.6860622124775,0.06349912337152414,0.34059417507115736,0.019843476053601292,0.25928629357410715,0.033318588383795034,18.170925121801055,60.86754675222837,0.6204732731901277,False,,False,completed_normally,2001,20.0,0,
traj_01157,gradual_approach_v3,20260823,55.04243227084024,770.472433715053,0.03399101023768158,0.4032795210195821,0.010622190699275492,0.20957292863874713,0.019795426354774825,18.774724041205378,60.845216702838954,0.7141287649574277,False,,False,completed_normally,2001,20.0,0,
traj_01158,gradual_approach_v3,20260823,51.49070129456783,1766.0837363232308,0.04397408090299253,0.3741833421431548,0.013741900282185165,0.27218711193293055,0.043974080902965805,15.75588854757067,51.49070129456783,0.7263668280470776,False,,False,completed_normally,2001,20.0,0,
traj_01159,stall,20260823,70.33475023960843,629.0688844630424,0.0066908633165391265,0.5774149646412555,0.002090894786418477,0.0066908633165391265,-0.2692582776249174,70.3347502396054,71.18750347209858,0.7932473712954872,False,,True,validity_envelope_gamma_exceeded,394,3.93,0,
traj_01160,normal,20260823,39.018123198869624,974.5680305825742,0.10219736946720781,0.32084461908298434,0.03193667795850244,0.12783458234960193,0.07073720042327908,36.8768399674879,45.11812350920747,0.15843527277907699,False,,False,completed_normally,2001,20.0,0,
traj_01161,gradual_approach_v3,20260823,46.43914013318776,1137.8854591036263,0.06219707027782455,0.34214544369934846,0.019436584461820172,0.06219707027787535,-0.043419248894693174,46.43914013318776,80.53149215055788,0.5636235880585435,False,,False,completed_normally,2001,20.0,0,
traj_01162,stall,20260823,54.299732897289466,1435.8936948776106,0.03592076026138752,0.39678934643914665,0.0112252375816836,0.03592076026139717,-0.23873400275050205,54.299732897289466,57.183524454066394,0.7891723094388075,False,,True,validity_envelope_gamma_exceeded,501,5.0,0,
traj_01163,gradual_approach_v3,20260823,40.523660326209836,1063.3130610365492,0.09238241469219624,0.3221237152993493,0.028869504591311327,0.4455383088083898,0.058182396251745094,18.590994461895725,52.81611885585431,0.5520858036080665,True,9.89,False,completed_normally,2001,20.0,0,
traj_01164,gradual_approach_v3,20260823,67.5433798933444,711.6225858653505,0.010345332514481186,0.540379514194027,0.0032329164107753705,0.11609105829415245,0.010345332514367356,26.542792732853325,67.5433798933444,0.6680150783194692,False,,False,completed_normally,2001,20.0,0,
traj_01165,gradual_approach_v3,20260823,37.69311658849474,1088.9489291179386,0.11174743354258915,0.3212776361633215,0.034921072982059105,0.40682078177564,0.07641625506370472,21.58238676673119,48.94217764489518,0.423306172679118,True,9.55,False,completed_normally,2001,20.0,0,
traj_01166,gradual_approach_v3,20260823,64.38168639165981,1368.795156702914,0.015065343792547519,0.5011046881716364,0.0047079199351711,0.015065343792547519,-0.07217066931545102,64.38168639165647,85.33811654584234,0.7857138322104948,False,,True,validity_envelope_gamma_exceeded,978,9.77,0,
traj_01167,gradual_approach_v3,20260823,74.39367954541362,1745.5579566116317,0.0020862196920777643,0.6350474923860254,0.0006519436537743013,0.0020862196920777643,-0.08609449771792421,74.39367954541362,91.42154577628587,0.7854888730630986,False,,True,validity_envelope_gamma_exceeded,638,6.37,0,
traj_01168,gradual_approach_v3,20260823,38.23830432014738,1983.6634819954909,0.1077075965269681,0.3209123483054214,0.03365862391467753,0.1077075965269681,-0.025247265365538285,38.238304320146945,69.18742983336941,0.5537486231974862,False,,False,completed_normally,2001,20.0,0,
traj_01169,gradual_approach_v3,20260823,74.16507104521665,1299.8718296339928,0.00232582464008123,0.6316854547255212,0.0007268202000253844,0.1062119809404024,0.0023258246400282025,53.832367165203586,74.16507104521665,0.7856564490271853,False,,True,validity_envelope_gamma_exceeded,965,9.64,0,
traj_01170,gradual_approach_v3,20260823,55.43314701896432,840.7623355816345,0.033006257554428,0.4067763503028467,0.01031445548575875,0.15218361290468896,0.033006257554428,25.23609642234604,55.43314701896432,0.5565599896206728,False,,False,completed_normally,2001,20.0,0,
traj_01171,gradual_approach_v3,20260823,32.349888737533995,1212.452505358567,0.16137949878067073,0.34167949017432686,0.0504310933689596,0.16137949878079458,0.014248109545653531,29.032552913682146,53.37779544949007,0.5568428958466798,False,,False,completed_normally,2001,20.0,0,
traj_01172,gradual_approach_v3,20260823,54.33736272741138,909.7182461053436,0.03582111557811968,0.3971131790800479,0.0111940986181624,0.12778407463124103,0.03582111557811968,28.074390111787647,54.33736272742521,0.47016614477662194,False,,False,completed_normally,2001,20.0,0,
traj_01173,gradual_approach_v3,20260823,72.17115199472585,960.8218402250086,0.004512194059460556,0.6029452264598153,0.0014100606435814237,0.004512194059460556,-0.08638938534050916,72.17115199472525,90.57225208484853,0.7857853542015032,False,,True,validity_envelope_gamma_exceeded,650,6.49,0,
traj_01174,gradual_approach_v3,20260823,55.620443945431745,799.9512320329436,0.03254140941984126,0.40847252749024066,0.010169190443700394,0.03254140941984126,-0.0758597833162531,55.62044394542592,104.00670400193134,0.7269028522789588,False,,False,completed_normally,2001,20.0,0,
traj_01175,gradual_approach_v3,20260823,47.454725024381915,1970.749074031604,0.05807549097617161,0.347609316783602,0.01814859093005363,0.2685392188921125,0.03993581223178366,16.50689565826173,52.638836214351784,0.6796057267837945,False,,False,completed_normally,2001,20.0,0,
traj_01176,gradual_approach_v3,20260823,52.147586946955514,1866.6599050504801,0.04197619646364507,0.3791854495179419,0.013117561394889083,0.1692993547043644,0.04197619646364507,25.627501598089374,52.147586946966285,0.5045020874306122,False,,False,completed_normally,2001,20.0,0,
traj_01177,normal,20260823,58.00710701160778,1632.2360414518039,0.027000397250981203,0.43118393772813923,0.008437624140931627,0.027000397250981203,-0.0015547117290273527,58.007107011603594,67.18853994778968,0.15230608783016156,False,,False,completed_normally,2001,20.0,0,
traj_01178,gradual_approach_v3,20260823,65.25011651886261,1659.6297323520976,0.01370109783468279,0.5116021454401237,0.004281593073338372,0.01370109783468279,-0.08684772888052483,65.25011651886261,75.850317433232,0.7871961357566714,False,,True,validity_envelope_gamma_exceeded,891,8.9,0,
traj_01179,gradual_approach_v3,20260823,72.84291992781166,582.1414050518374,0.0037556948154312594,0.6125104983427018,0.0011736546298222684,0.0037556948154840414,-0.06105182166774609,72.84291992781166,121.16850489918968,0.7853207888381998,False,,True,ground_contact,1679,16.78,0,
traj_01180,gradual_approach_v3,20260823,62.284289472117756,922.6116996418198,0.018595730161013947,0.4766857711353569,0.005811165675316858,0.018595730161045453,-0.08030759486122663,62.284289472117756,81.80683445241065,0.7858727646767081,False,,True,validity_envelope_gamma_exceeded,797,7.96,0,
traj_01181,gradual_approach_v3,20260823,59.28279489561431,1974.5589145283063,0.024305208435990693,0.44412948036388233,0.007595377636247092,0.20573040000387297,0.024305208435990693,18.588267301818828,59.282794895622395,0.7375765896319397,False,,False,completed_normally,2001,20.0,0,
traj_01182,gradual_approach_v3,20260823,62.16620473136676,555.0961982442102,0.018805046975756617,0.4753510089286155,0.005876577179923943,0.01880504697593126,-0.07537283282863139,62.16620473136676,83.10596655737987,0.7869988180052087,False,,True,validity_envelope_gamma_exceeded,868,8.67,0,
traj_01183,gradual_approach_v3,20260823,38.26478913119894,922.993331768898,0.10751536091970335,0.32090139795901884,0.03359855028740729,0.10751536091976752,-0.026310281550169567,38.26478913119894,66.19371165290062,0.4810255847014407,False,,False,completed_normally,2001,20.0,0,
traj_01184,normal,20260823,67.88914112575543,941.4111966910496,0.009868341116799902,0.5448489237644198,0.0030838565989999697,0.03682084657396534,-0.019131988771302795,60.1112732995632,67.8891411257646,0.19356504466845548,False,,False,completed_normally,2001,20.0,0,
traj_01185,gradual_approach_v3,20260823,49.41955699582931,1453.7659931888686,0.05079041483914132,0.35961885333982146,0.015872004637231662,0.2110212710050513,0.029005896329103276,19.921903737137207,60.06573484763212,0.5993846010714435,False,,False,completed_normally,2001,20.0,0,
traj_01186,gradual_approach_v3,20260823,63.32026410102803,922.6953166402114,0.01680865301473076,0.48858003527290267,0.005252704067103363,0.1580465577104847,0.01680865301469144,37.44995802873953,63.32026410102803,0.7854408035579182,False,,True,validity_envelope_gamma_exceeded,844,8.43,0,
traj_01187,gradual_approach_v3,20260823,49.5081518786917,724.7617133684709,0.05048166467784808,0.3602030005481997,0.015775520211827525,0.05048166467792543,-0.03829487165308626,49.5081518786917,83.62711254831598,0.5452948558780862,False,,False,completed_normally,2001,20.0,0,
traj_01188,gradual_approach_v3,20260823,61.699643662549086,857.5487290366842,0.01964370627982216,0.47011974699988063,0.006138658212444424,0.01964370627982216,-0.08855650398499659,61.69964366254561,80.06811392277753,0.7863534986888018,False,,True,validity_envelope_gamma_exceeded,818,8.17,0,
traj_01189,stall,20260823,70.59905052990902,1327.686015687052,0.00636690248196825,0.5810331071021952,0.001989657025615078,0.0063669024819877065,-0.23417195046507655,70.59905052990902,72.36546398144998,0.7876864183303045,False,,True,validity_envelope_gamma_exceeded,431,4.3,0,
traj_01190,gradual_approach_v3,20260823,55.72655183130319,1600.2669931778498,0.03228010378750912,0.40943913397239096,0.0100875324335966,0.16719256119448533,0.032280103787418205,22.202837009967276,55.72655183130319,0.6264371651803199,False,,False,completed_normally,2001,20.0,0,
traj_01191,gradual_approach_v3,20260823,59.40507824228231,1373.5939898900867,0.024055804002442012,0.4453989513497339,0.007517438750763128,0.19505782123268306,0.024055804002442012,19.329992209963425,59.405078242313884,0.7384026266600926,False,,False,completed_normally,2001,20.0,0,
traj_01192,gradual_approach_v3,20260823,54.96080414387312,1237.4811025671117,0.03419935362486095,0.4025560989606139,0.010687298007769045,0.03419935362486095,-0.06551080863317804,54.960804143869325,102.6785721702344,0.7090760741710083,False,,False,completed_normally,2001,20.0,0,
traj_01193,normal,20260823,49.9221782543753,1204.7981055254966,0.04905996271954101,0.3629799044456901,0.015331238349856566,0.0705678860602538,0.009380235625509575,45.82226804029078,59.39595229579979,0.20828859634498842,False,,False,completed_normally,2001,20.0,0,
traj_01194,gradual_approach_v3,20260823,43.64271391106551,924.3099576777685,0.07501106610827457,0.3299855709622922,0.023440958158835803,0.07501106610839134,-0.06795128133820383,43.64271391106551,66.78820453791818,0.7858530681358138,False,,True,validity_envelope_gamma_exceeded,927,9.26,0,
traj_01195,normal,20260823,69.43286213067826,773.9085808589983,0.007824036593450039,0.5652125129608743,0.002445011435453137,0.007862527893493598,0.007515842100069644,69.38196237607981,69.80070790876096,0.003924752253883215,False,,False,completed_normally,2001,20.0,0,
traj_01196,stall,20260823,59.2021417145891,621.5347108525707,0.024470539730326896,0.44329489572436304,0.007647043665727155,0.3098414437856717,0.024470539730318024,50.754377103664076,59.2021417145891,0.7877088316434385,True,2.75,True,validity_envelope_gamma_exceeded,326,3.25,0,
traj_01197,gradual_approach_v3,20260823,54.489364152750646,800.5523562917414,0.03542067201322925,0.39842672858756073,0.01106896000413414,0.03542067201322925,-0.04214677668501443,54.48936415274851,93.03412698516539,0.5673797542661638,False,,False,completed_normally,2001,20.0,0,
traj_01198,gradual_approach_v3,20260823,37.957121189501365,1971.5251863345143,0.10977129091523768,0.321067159524894,0.03430352841101177,0.10977129091523768,-0.026675380621347666,37.95712118949178,69.21288114387171,0.5613784157397655,False,,False,completed_normally,2001,20.0,0,
traj_01199,gradual_approach_v3,20260823,62.5421151063991,598.6766408555842,0.018142769715059143,0.4796150921889302,0.005669615535955982,0.018142769715059143,-0.06663138872004049,62.54211510639604,115.18609082725388,0.7788041522671242,False,,True,ground_contact,1870,18.69,0,
traj_01200,gradual_approach_v3,20260823,64.21205118800648,1635.3983684651955,0.015338234035778879,0.4990803016880983,0.0047931981361809,0.015338234035940404,-0.07586824171883544,64.21205118800648,85.15195435390596,0.787156262159614,False,,True,validity_envelope_gamma_exceeded,803,8.02,0,
traj_01201,normal,20260823,37.162612868839936,965.3339433856003,0.11583482390847014,0.3218968805733408,0.036198382471396916,0.13872754176836694,0.08916618008316735,36.04722412029774,39.47052693371602,0.0655032356019476,False,,False,completed_normally,2001,20.0,0,
traj_01202,stall,20260823,44.37699298526458,1622.033578617572,0.07142030083808398,0.33274568341696437,0.022318844011901245,0.07142030083821026,-0.42187960215615494,44.37699298526458,48.13709279029742,0.7909243242043579,True,4.41,True,validity_envelope_gamma_exceeded,510,5.09,0,
traj_01203,stall,20260823,33.799337343480495,868.4553334677914,0.1458535542367602,0.33270437499998706,0.04557923569898756,0.1458535542367602,-0.38756911465010546,33.79933734348025,38.82566968690736,0.7875774165235048,True,3.49,True,validity_envelope_gamma_exceeded,421,4.2,0,
traj_01204,gradual_approach_v3,20260823,56.89655026374547,705.9533259433007,0.029493455949476676,0.42036618015392757,0.009216704984211462,0.17695588730103315,0.02949345594929615,21.06826344116807,56.89655026374547,0.6836133160371037,False,,False,completed_normally,2001,20.0,0,
traj_01205,gradual_approach_v3,20260823,63.09741069689712,1603.7852954352804,0.01718575331746755,0.4859936529788462,0.0053705479117086095,0.01718575331746755,-0.07565288056689867,63.09741069689676,83.77787359974327,0.7873589226781369,False,,True,validity_envelope_gamma_exceeded,729,7.28,0,
traj_01206,gradual_approach_v3,20260823,38.21865681371043,878.0767255013523,0.10785044147480138,0.32092087287396737,0.03370326296087543,0.10785044147495475,-0.030269526896304633,38.21865681371043,68.82741414312764,0.5429932710510567,False,,False,completed_normally,2001,20.0,0,
traj_01207,normal,20260823,49.95943309361499,1884.7914243057623,0.04893372192396224,0.3632335465961509,0.0152917881012382,0.0647445269427519,-0.0007282138263519367,48.53368611227251,60.276260833049925,0.20022204083760248,False,,False,completed_normally,2001,20.0,0,
traj_01208,gradual_approach_v3,20260823,73.22663932459797,707.4564116819207,0.003332800726513297,0.6180280394540146,0.0010415002270354053,0.09775151541455862,0.003332800726362602,52.139167229142075,73.22663932459797,0.7858234388810508,False,,True,validity_envelope_gamma_exceeded,824,8.23,0,
traj_01209,gradual_approach_v3,20260823,45.58536511031247,1320.9793939183314,0.06586971902770342,0.33796924728747046,0.020584287196157316,0.20936412034025242,0.06586971902767116,23.113133264507933,45.58536511031247,0.4720500433741866,False,,False,completed_normally,2001,20.0,0,
traj_01210,gradual_approach_v3,20260823,66.15096150025265,1093.1255961666957,0.012341680375829653,0.5227254529558922,0.0038567751174467665,0.15747354884298218,0.012341680375829653,21.835273536028662,66.15096150025279,0.7621358286776373,False,,False,completed_normally,2001,20.0,0,
traj_01211,normal,20260823,71.12176234232484,1439.3242180229734,0.005736696107608135,0.588244696027667,0.0017927175336275422,0.006001635359027603,0.005687224482848211,70.788520928578,71.18829162882948,0.003351894559437285,False,,False,completed_normally,2001,20.0,0,
traj_01212,normal,20260823,33.37329829345109,1258.21513833216,0.15023419128784002,0.33503907778297604,0.046948184777450004,0.15023419128784002,0.08645139210184191,33.37329829343698,41.31156466082481,0.19169609388096134,False,,False,completed_normally,2001,20.0,0,
traj_01213,normal,20260823,51.69236260606172,529.8284769102229,0.043352809323331826,0.37569992875116887,0.013547752913541196,0.043352809323453596,0.026421853913756278,51.69236260606172,55.204626251872085,0.06571893120627037,False,,False,completed_normally,2001,20.0,0,
traj_01214,gradual_approach_v3,20260823,58.36587940740054,1123.0143529356274,0.026224787337543125,0.4347693063297886,0.008195246042982227,0.12749588506431364,0.026224787337458765,26.524039029236985,58.36587940740054,0.5386473664816676,False,,False,completed_normally,2001,20.0,0,
traj_01215,gradual_approach_v3,20260823,56.261488418124756,1560.426730137,0.030984801799397357,0.41437432740409214,0.009682750562311673,0.030984801799530195,-0.07183397112832735,56.261488418124756,102.19574648421575,0.6856108666502929,False,,False,completed_normally,2001,20.0,0,
traj_01216,gradual_approach_v3,20260823,41.520216222553685,1868.377859691659,0.08642843659501287,0.32391417152444846,0.027008886435941522,0.08642843659501302,-0.024604006746525187,41.520216222553685,70.03665769162073,0.49624091200007747,False,,False,completed_normally,2001,20.0,0,
traj_01217,normal,20260823,70.19516352109267,1431.4133448941434,0.006863422610524881,0.5755117824013499,0.0021448195657890255,0.045856699251646316,-0.02555158506929814,61.12406770074486,70.20176890977895,0.25164519825446413,False,,False,completed_normally,2001,20.0,0,
traj_01218,gradual_approach_v3,20260823,62.60182958596644,1606.6574631782642,0.01803864769613638,0.48029647418918703,0.005637077405042618,0.018038647696198364,-0.057472864183176736,62.60182958596644,110.77593871337803,0.6457172474091843,False,,False,completed_normally,2001,20.0,0,
traj_01219,gradual_approach_v3,20260823,70.22858698934913,1547.7135176566815,0.006822011232896256,0.5759670067280059,0.0021318785102800797,0.006822011232970895,-0.0752111100246805,70.22858698934913,89.30550186751032,0.7874916412852749,False,,True,validity_envelope_gamma_exceeded,1175,11.74,0,
traj_01220,gradual_approach_v3,20260823,31.30077462592918,1926.2521097001472,0.1738147268042153,0.3501355244852612,0.05431710212631728,0.17429482858701772,0.03905961745640396,28.810896597716845,47.236444608414104,0.44496609918380264,False,,False,completed_normally,2001,20.0,0,
traj_01221,gradual_approach_v3,20260823,73.57158872445424,946.2467359936546,0.0029582162745938473,0.623021314124358,0.0009244425858105773,0.0029582162745938473,-0.08576996945285492,73.57158872445268,93.17463867374114,0.7860776345870344,False,,True,validity_envelope_gamma_exceeded,888,8.870000000000001,0,
traj_01222,gradual_approach_v3,20260823,33.96384163168297,692.3031303637638,0.14420052021973465,0.33186693385722754,0.04506266256866708,0.1462150209284564,0.0007125299810671337,29.506852008705117,57.8157507342049,0.5890047231861366,False,,False,completed_normally,2001,20.0,0,
traj_01223,gradual_approach_v3,20260823,57.663145021768514,1983.1722789480596,0.02775741149981525,0.42778785119605145,0.008674191093692265,0.16752412257077276,0.02775741149981525,34.99836666672281,57.663145021771264,0.7858091184835598,False,,True,validity_envelope_gamma_exceeded,722,7.21,0,
traj_01224,gradual_approach_v3,20260823,35.461235807445036,1801.3551222888882,0.13007336620019702,0.32577971130466155,0.04064792693756157,0.14897681561945397,0.022703615341067795,29.534317446195804,53.62582816666485,0.42996822414611124,False,,False,completed_normally,2001,20.0,0,
traj_01225,gradual_approach_v3,20260823,65.35928690302863,567.2442421763179,0.013533390869924306,0.5129375202778325,0.0042291846468513455,0.013533390869924306,-0.06600638969367523,65.35928690302691,87.81242067693809,0.7861555313872793,False,,True,validity_envelope_gamma_exceeded,825,8.24,0,
traj_01226,gradual_approach_v3,20260823,46.794790355037364,698.1495220080905,0.06072415896109104,0.34399875040831357,0.018976299675340952,0.06072415896109104,-0.0483229775293178,46.79479035501243,85.65413042862629,0.6318908458346624,False,,False,completed_normally,2001,20.0,0,
traj_01227,gradual_approach_v3,20260823,66.88518822452372,1748.5757709837726,0.011273636447668631,0.5319653179808946,0.0035230113898964475,0.011273636447672574,-0.07303252082754419,66.88518822452372,124.71490696329687,0.7736362519718843,False,,False,completed_normally,2001,20.0,0,
traj_01228,gradual_approach_v3,20260823,62.299397333713685,1722.946289974133,0.01856903473308739,0.47685685383750476,0.00580282335408981,0.018569034733135172,-0.0760697167711295,62.299397333713685,82.4559718236655,0.7861042103896886,False,,True,validity_envelope_gamma_exceeded,941,9.4,0,
traj_01229,gradual_approach_v3,20260823,66.70335608745634,758.7780649827306,0.011534892757660762,0.5296626148432695,0.0036046539867689883,0.011534892757660762,-0.07207561849865407,66.70335608744905,86.20395689848262,0.786395739028458,False,,True,validity_envelope_gamma_exceeded,1107,11.06,0,
traj_01230,gradual_approach_v3,20260823,65.99392318088681,1983.0013278214135,0.01257470367749329,0.5207694011454298,0.003929594899216653,0.01257470367749329,-0.06623507243011428,65.99392318086669,118.33951214947132,0.7263634147940548,False,,False,completed_normally,2001,20.0,0,
traj_01231,gradual_approach_v3,20260823,49.1163269192801,550.4326211960084,0.05185949875122128,0.3576466808570698,0.01620609335975665,0.19346912089364943,0.03738818399664656,24.370804443893267,55.2719432995614,0.4851460209831128,False,,False,completed_normally,2001,20.0,0,
traj_01232,stall,20260823,58.821527826174325,1127.8389079299675,0.025259825343802746,0.43938554813576786,0.007893695419938358,0.9705153793707473,0.02515154488299264,33.039223231986725,59.042483189366656,0.49656247258325253,True,5.55,False,completed_normally,2001,20.0,0,
traj_01233,gradual_approach_v3,20260823,40.452113121258044,1164.903085193704,0.09282582972346407,0.3220231221113484,0.02900807178858252,0.09282582972355989,-0.04078089761291759,40.452113121258044,77.15339388180026,0.6170509867021176,False,,False,completed_normally,2001,20.0,0,
traj_01234,gradual_approach_v3,20260823,31.749697833024374,587.5559499505682,0.1683591505922441,0.3463009697585875,0.052612234560076285,0.25667928183303074,0.008444694108150574,18.534244976188365,56.23106760577182,0.6606321448576062,False,,False,completed_normally,2001,20.0,0,
traj_01235,gradual_approach_v3,20260823,57.577780274118176,938.3409116366303,0.027947359337223972,0.4269513088199496,0.008733549792882492,0.027947359337223972,-0.07824528243633067,57.57778027411792,77.03119223631981,0.7867260375678834,False,,True,validity_envelope_gamma_exceeded,761,7.6000000000000005,0,
traj_01236,normal,20260823,59.90057791326357,1464.6831656250833,0.023060565469939755,0.4505932840792226,0.007206426709356174,0.08060365202219139,0.023060565469939755,38.67554194671258,59.900577913270546,0.3499136625330318,False,,False,completed_normally,2001,20.0,0,
traj_01237,normal,20260823,61.48661899191807,1449.62947092402,0.02003290494211599,0.46775389851551286,0.0062602827944112475,0.02003290494211599,-0.01849866944128982,61.48661899191807,78.1886235871426,0.22775453586825692,False,,False,completed_normally,2001,20.0,0,
traj_01238,gradual_approach_v3,20260823,40.58139065866951,1082.1644622927874,0.09202623000425464,0.32220767145566254,0.028758196876329575,0.30545582725834314,0.06438986483257514,19.538520866348513,49.4780930475512,0.5235447487811259,True,9.68,False,completed_normally,2001,20.0,0,
traj_01239,gradual_approach_v3,20260823,72.12377541868884,1489.6042349349857,0.004566337997677511,0.6022751756134179,0.0014269806242742222,0.107789708288753,0.004566337997677511,48.793120495152,72.1237754186941,0.7861085907360933,False,,True,validity_envelope_gamma_exceeded,875,8.74,0,
traj_01240,normal,20260823,47.49079675959607,554.0686993595522,0.0579337908708069,0.34781298781802367,0.018104309647127156,0.05906586162912654,0.05701027992998041,46.99923569502915,47.9130038237412,0.00981932678044075,False,,False,completed_normally,2001,20.0,0,
traj_01241,gradual_approach_v3,20260823,68.10016394916468,1837.7308497350937,0.009580752099589585,0.5475932430344967,0.002993985031121745,0.09823429292385355,0.009580752099588762,29.627887037470547,68.10016394916468,0.6211468634781797,False,,False,completed_normally,2001,20.0,0,
traj_01242,gradual_approach_v3,20260823,64.23751714762146,1901.040214437162,0.015297130934205237,0.49938365825309045,0.004780353416939136,0.161437893549078,0.01529713093405119,21.64365935253103,64.23751714762146,0.759409332629249,False,,False,completed_normally,2001,20.0,0,
traj_01243,gradual_approach_v3,20260823,72.40350554401128,1053.6337736681655,0.004248173020400228,0.6062401005551932,0.0013275540688750711,0.004248173020400228,-0.06310138634657969,72.40350554400901,130.73529501504166,0.7443846522545805,False,,False,completed_normally,2001,20.0,0,
traj_01244,gradual_approach_v3,20260823,48.35644850876383,1586.3661304107259,0.05462499759916372,0.35289234437265105,0.017070311749738665,0.05462499759916372,-0.04988641014624151,48.35644850876303,85.76954180094826,0.5837599893941212,False,,False,completed_normally,2001,20.0,0,
traj_01245,gradual_approach_v3,20260823,37.810964984528944,1443.9928737818757,0.11086063964085427,0.3211757997772345,0.03464394988776696,0.11086063964091643,-0.02982922013372208,37.810964984528944,68.1799755133141,0.6158324309377744,False,,False,completed_normally,2001,20.0,0,
traj_01246,gradual_approach_v3,20260823,70.73430324865055,559.229997414575,0.006202508058919812,0.5828920081509635,0.0019382837684124414,0.006202508058919812,-0.07420496142657174,70.73430324864943,90.73229922838998,0.7875302904577708,False,,True,validity_envelope_gamma_exceeded,757,7.5600000000000005,0,
traj_01247,gradual_approach_v3,20260823,51.47253961354276,1562.7645036900756,0.044030383451959434,0.3740475929460797,0.013759494828737322,0.044030383451959434,-0.07524712888347362,51.47253961353252,72.64360199637304,0.7865385309187166,False,,True,validity_envelope_gamma_exceeded,1166,11.65,0,
traj_01248,gradual_approach_v3,20260823,64.21992856668479,549.8314129340663,0.01532551446356677,0.49917411818885676,0.0047892232698646155,0.01532551446356677,-0.08166559166007581,64.2199285666755,85.0119246183974,0.7864911945434427,False,,True,validity_envelope_gamma_exceeded,1054,10.53,0,
traj_01249,normal,20260823,60.016931277985094,1698.9368037090635,0.02283037935839056,0.4518246636379426,0.007134493549497051,0.023315646076377882,0.02256533096076382,59.62874293588739,60.2410205142003,0.007144484032447728,False,,False,completed_normally,2001,20.0,0,
traj_01250,gradual_approach_v3,20260823,65.7503636648308,1020.910545028796,0.012939383098951904,0.5177498126765129,0.00404355721842247,0.012939383098951904,-0.07153867855526952,65.7503636648308,123.94488567213384,0.7673883795001922,False,,False,completed_normally,2001,20.0,0,
traj_01251,normal,20260823,73.02093731280735,1068.9715265697398,0.0035586820363008617,0.6150653811567419,0.0011120881363440194,0.055485144618877436,0.0035586820363005182,41.48804441492887,73.02093731280735,0.4461983984530217,False,,False,completed_normally,2001,20.0,0,
traj_01252,gradual_approach_v3,20260823,56.80632342011644,1188.574439024985,0.029702345726845842,0.4195061782503814,0.009281983039639325,0.029702345726856625,-0.06767886300862203,56.80632342011644,79.57841943395727,0.7860105156391335,False,,True,validity_envelope_gamma_exceeded,1180,11.790000000000001,0,
traj_01253,gradual_approach_v3,20260823,31.62113214414924,544.3363191171184,0.16990025361589117,0.3473652243498924,0.05309382925496599,0.16990025361589464,0.027761082750560773,31.621132144141107,52.29251686269951,0.45601604599859863,False,,False,completed_normally,2001,20.0,0,
traj_01254,gradual_approach_v3,20260823,66.4191819756727,1567.2253127553709,0.011947450920578861,0.5260828746970435,0.003733578412680894,0.011947450920578861,-0.07803211800879573,66.4191819756614,85.55836036456434,0.7856449533495256,False,,True,validity_envelope_gamma_exceeded,1061,10.6,0,
traj_01255,gradual_approach_v3,20260823,32.966447490708646,681.9391241162783,0.15455641307485649,0.3374994991427504,0.04829887908589265,0.42284607389032725,0.11697916944628363,22.198237577296446,41.67772596064608,0.3195556963624947,True,7.3100000000000005,False,completed_normally,2001,20.0,0,
traj_01256,gradual_approach_v3,20260823,65.34402710352205,1661.4673416336639,0.013556782953216481,0.5127506518325788,0.00423649467288015,0.013556782953267245,-0.052867378435800916,65.34402710352205,109.57824487508748,0.6228885278126789,False,,False,completed_normally,2001,20.0,0,
traj_01257,normal,20260823,32.910850514796834,1844.7009945404689,0.15515793668542902,0.3378537624483506,0.048486855214196566,0.2107800174619698,0.13438317308285458,28.211598102239968,37.227721105171014,0.1430494863768804,False,,False,completed_normally,2001,20.0,0,
traj_01258,gradual_approach_v3,20260823,51.403248271558724,1089.8185132046483,0.04424572776594495,0.37353094804147263,0.013826789926857798,0.04424572776594495,-0.07209787009428476,51.403248271544214,72.81608658006758,0.7855262000848593,False,,True,validity_envelope_gamma_exceeded,1132,11.31,0,
traj_01259,gradual_approach_v3,20260823,37.96723693689466,1619.023340773678,0.10969632004916954,0.3210603584582169,0.03428010001536548,0.30514736004086246,0.08957414176942136,20.537992329224263,42.790937693608626,0.4587835804378658,True,10.790000000000001,False,completed_normally,2001,20.0,0,
traj_01260,gradual_approach_v3,20260823,54.3303849658525,501.7032878988232,0.035839577513940346,0.39705308964266756,0.011199867973106358,0.2052268165570216,0.01515462171296278,19.163812292303405,67.23996772039814,0.6526196386475951,False,,False,completed_normally,2001,20.0,0,
traj_01261,gradual_approach_v3,20260823,73.80117016123795,1007.7138238507845,0.002711790129947793,0.6263619641480263,0.0008474344156086853,0.08740748255752878,0.002711790129947793,48.578509713880756,73.80117016127146,0.7858165085907672,False,,True,validity_envelope_gamma_exceeded,1224,12.23,0,
traj_01262,gradual_approach_v3,20260823,35.86890420578933,1856.277439027407,0.12649605786845852,0.32457192615640007,0.03953001808389329,0.12649605786854215,0.012768701127779447,33.85592023425393,55.538388913453666,0.4565036083827958,False,,False,completed_normally,2001,20.0,0,
traj_01263,normal,20260823,47.836025570452534,1425.6683854244593,0.056593315350199694,0.3497948282067716,0.017685411046937403,0.11686328081709976,0.056593315350199694,36.96016255415545,47.836025570469445,0.1810059313650099,False,,False,completed_normally,2001,20.0,0,
traj_01264,gradual_approach_v3,20260823,39.46155847021239,1962.2024725749447,0.09919779282970076,0.32103421383442565,0.030999310259281487,0.09919779282984159,-0.04755269147375785,39.46155847021239,76.07893633383847,0.6561920953758409,False,,False,completed_normally,2001,20.0,0,
traj_01265,gradual_approach_v3,20260823,45.84850064136459,1713.0029414311655,0.06471668297056213,0.3392146203141979,0.020223963428300663,0.24990919971743059,0.06471668297056213,21.07889098666582,45.84850064136654,0.5374512740381036,False,,False,completed_normally,2001,20.0,0,
traj_01266,gradual_approach_v3,20260823,60.58337152473978,1000.2994824795459,0.02172838764151851,0.4578820574348271,0.006790121137974534,0.2091373786704328,0.015643026749793565,18.242413167788815,60.58337152474075,0.7739890516928248,False,,False,completed_normally,2001,20.0,0,
traj_01267,gradual_approach_v3,20260823,30.589194088888824,683.9605275642837,0.1829153050508791,0.3569200373619059,0.05716103282839972,0.3090080895471293,0.05101419330963508,18.600243969359493,47.69098511643845,0.4901857097022516,True,19.52,False,completed_normally,2001,20.0,0,
traj_01268,gradual_approach_v3,20260823,67.71514585072332,1837.8273751920392,0.010107471086394263,0.5425955861520928,0.003158584714498207,0.12165758342177195,0.010107471086394263,25.747453802914443,67.71514585072417,0.6968575494462601,False,,False,completed_normally,2001,20.0,0,
traj_01269,gradual_approach_v3,20260823,59.00097768345931,1069.3847514868598,0.024885821820398273,0.4412226942406597,0.00777681931887446,0.024885821820398273,-0.07277600716154331,59.00097768345709,111.45851471008186,0.7513350982400027,False,,False,completed_normally,2001,20.0,0,
traj_01270,gradual_approach_v3,20260823,74.12625925582628,1866.0310674452924,0.0023667215935444423,0.6311160253821448,0.0007396004979826383,0.09771273780228007,0.0023667215935444423,50.73923835890473,74.12625925585651,0.7860210585463568,False,,True,validity_envelope_gamma_exceeded,1196,11.950000000000001,0,
traj_01271,gradual_approach_v3,20260823,49.411830424387574,1185.403722320374,0.05081741837110275,0.3595680779001385,0.01588044324096961,0.254800737503624,0.02526313811283354,16.805835961990574,62.25387099459836,0.6849560638652149,False,,False,completed_normally,2001,20.0,0,
traj_01272,gradual_approach_v3,20260823,74.96695028704482,1864.26477350607,0.0014948975437786686,0.6435382714070511,0.0004671554824308339,0.0014948975438337472,-0.07715708385357045,74.96695028704482,94.15479448340425,0.7865986143458316,False,,True,validity_envelope_gamma_exceeded,706,7.05,0,
traj_01273,normal,20260823,33.976141243689035,1827.552599875729,0.14407776947634135,0.3318057260174635,0.04502430296135668,0.17543484439966736,0.09200942870513755,28.67033517273374,38.206942255067204,0.17339504251138962,False,,False,completed_normally,2001,20.0,0,
traj_01274,normal,20260823,68.9948493133278,505.70238965343566,0.008390308762268983,0.5593671208827307,0.0026219714882090577,0.03138286576071336,0.008390308762268983,58.13897512071543,68.9948493133382,0.16058090044254802,False,,False,completed_normally,2001,20.0,0,
traj_01275,gradual_approach_v3,20260823,64.5479829374782,1873.0105346121102,0.014799885264220165,0.5030975580001807,0.004624964145068802,0.014799885264280705,-0.08517444758748083,64.5479829374782,87.74165711146183,0.7859005028394959,False,,True,validity_envelope_gamma_exceeded,895,8.94,0,
traj_01276,gradual_approach_v3,20260823,74.86669652843123,1120.9467313112636,0.001597337795150107,0.6420472303070558,0.0004991680609844084,0.10565878511356819,0.001597337795150107,54.059341924190306,74.86669652844083,0.7862788565243508,False,,True,validity_envelope_gamma_exceeded,993,9.92,0,
traj_01277,gradual_approach_v3,20260823,73.70399147741618,808.6511055558375,0.0028158205124387634,0.6249462209216096,0.0008799439101371136,0.09344191257406137,0.0028158205122489686,53.05836302907553,73.70399147741618,0.7855481227231504,False,,True,validity_envelope_gamma_exceeded,1144,11.43,0,
traj_01278,gradual_approach_v3,20260823,43.657434758575214,960.3456863530728,0.07493737242072404,0.3300377168530727,0.023417928881476265,0.2761308880999631,0.06202041494449906,19.096268240533753,46.15561994671263,0.5706921957036015,False,,False,completed_normally,2001,20.0,0,
traj_01279,gradual_approach_v3,20260823,39.03755614217455,761.282208577634,0.10206393236768654,0.32084953272956007,0.03189497886490204,0.10206393236768654,-0.05238982636161793,39.03755614216812,81.65177462216623,0.7556607947214267,False,,False,completed_normally,2001,20.0,0,
traj_01280,gradual_approach_v3,20260823,38.044873088493915,1151.3657013790494,0.10912275424845347,0.32101123745605625,0.03410086070264171,0.10912275424845347,-0.017907642711116445,38.04487308848812,63.20349659085677,0.47130706057291766,False,,False,completed_normally,2001,20.0,0,
traj_01281,gradual_approach_v3,20260823,32.76947114603141,1313.523098019701,0.156699631171966,0.3387745733794121,0.04896863474123938,0.53196122003982,0.11546714949339738,22.584707446156266,42.4042122594066,0.31078295767581776,True,6.07,False,completed_normally,2001,20.0,0,
traj_01282,normal,20260823,38.60760836055533,892.3298590531595,0.10505976688695592,0.32081512644162713,0.03283117715217372,0.10660830798873076,0.10347233933687579,38.19573280595517,39.02233822965177,0.011379876968149053,False,,False,completed_normally,2001,20.0,0,
traj_01283,normal,20260823,67.8651969348617,903.8953992286656,0.00990114082380637,0.5445383258306253,0.0030941065074394903,0.029587725699265946,0.009901140823623015,61.42288485715971,67.8651969348617,0.09237011007799113,False,,False,completed_normally,2001,20.0,0,
traj_01284,gradual_approach_v3,20260823,54.53775773237136,656.3111513598944,0.03529386956910473,0.39884676480862336,0.011029334240345226,0.14184169744728053,0.03529386956909716,25.244557468619682,54.53775773237136,0.5328439818021166,False,,False,completed_normally,2001,20.0,0,
traj_01285,gradual_approach_v3,20260823,52.50935739134752,1064.5749971753994,0.04090708472088156,0.38201596116100855,0.012783463975275487,0.040907084720994275,-0.07494778439516325,52.50935739134752,73.11310005922797,0.7854437979217883,False,,True,validity_envelope_gamma_exceeded,901,9.0,0,
traj_01286,stall,20260823,67.25805741751681,1471.4451926116114,0.010744438130317918,0.5367168612700347,0.0033576369157243494,0.010744438130317918,-0.3647400158960009,67.25805741751289,68.09891174522393,0.7918491883543667,True,4.41,True,validity_envelope_gamma_exceeded,481,4.8,0,
traj_01287,stall,20260823,59.93028034355118,1391.262264355424,0.023001678407267776,0.45090720864055656,0.00718802450227118,1.1079297422537178,0.023001678407267776,43.41098254995038,59.9302803435636,0.37381304450875064,True,5.42,False,completed_normally,2001,20.0,0,
traj_01288,gradual_approach_v3,20260823,31.06692516507746,1487.5806975351509,0.1767417167882184,0.3522671485009225,0.05523178649631825,0.17674171678834788,-0.0030658266462718076,31.06692516507746,53.449750964682444,0.4476227670130046,False,,False,completed_normally,2001,20.0,0,
traj_01289,gradual_approach_v3,20260823,38.01566682208545,1430.0965588772422,0.10933814928894323,0.3210290789060331,0.03416817165279476,0.44483623596353183,0.0665021401119179,21.090536763825682,53.51934006197619,0.4406835491203659,True,7.73,False,completed_normally,2001,20.0,0,
traj_01290,gradual_approach_v3,20260823,38.54471212790646,1371.8724688424397,0.10550578156684176,0.3208233018428516,0.03297055673963805,0.10550578156690797,-0.047984981120826276,38.54471212790646,69.58370828379056,0.5918038978351747,False,,False,completed_normally,2001,20.0,0,
traj_01291,gradual_approach_v3,20260823,49.18636937209656,1344.5445541321576,0.05161084328298349,0.35809847715114285,0.01612838852593234,0.05161084328298349,-0.0648967117191186,49.18636937209535,97.6175843719995,0.7671753170509631,False,,False,completed_normally,2001,20.0,0,
traj_01292,gradual_approach_v3,20260823,57.300416215159096,806.0913975161187,0.028570309002291044,0.42425065006639784,0.008928221563215951,0.028570309002410914,-0.0701648413243024,57.300416215159096,109.78686662168593,0.7442860935593363,False,,False,completed_normally,2001,20.0,0,
traj_01293,gradual_approach_v3,20260823,35.95343895624525,1978.243229811174,0.1257678012093064,0.3243441375883852,0.03930243787790825,0.4517150062256341,0.08036103807122462,20.10238109202228,50.11384320509028,0.4410070750007664,True,6.2700000000000005,False,completed_normally,2001,20.0,0,
traj_01294,gradual_approach_v3,20260823,53.26120436817739,549.9855524129632,0.038753067744198094,0.3880667566269015,0.012110333670061906,0.20805262547986828,0.02626965770909595,19.09984121209476,57.103376576347664,0.6500800268582806,False,,False,completed_normally,2001,20.0,0,
traj_01295,stall,20260823,49.370108540140706,1969.1797334385824,0.05096344520307905,0.35929437166688094,0.015926076625962203,0.9432822891916173,0.05096344520296544,38.50621805663483,49.370108540140706,0.29990027950113907,True,6.18,False,completed_normally,2001,20.0,0,
traj_01296,gradual_approach_v3,20260823,61.796997517891654,1536.466206340143,0.019467160558453694,0.4712057001486457,0.0060834876745167795,0.0194671605585547,-0.08550599178859564,61.796997517891654,80.6611565510845,0.7876328777115575,False,,True,validity_envelope_gamma_exceeded,829,8.28,0,
traj_01297,stall,20260823,64.38890203202476,1023.6069193493876,0.015053783301040659,0.5011909882876944,0.0047043072815752054,0.015053783301091838,-0.21591522050224377,64.38890203202476,67.15876735196464,0.7898244058784428,False,,True,validity_envelope_gamma_exceeded,503,5.0200000000000005,0,
traj_01298,normal,20260823,43.516754945692,1659.2600971003164,0.07564454894641093,0.3295448096014521,0.023638921545753415,0.12203169006763959,0.06558049773699173,35.515837742244784,47.47279730440943,0.18240085983321414,False,,False,completed_normally,2001,20.0,0,
traj_01299,gradual_approach_v3,20260823,35.88267495340353,1594.8874362262513,0.1263771114631513,0.3245342951968564,0.03949284733223478,0.12637711146320754,0.005027669474634566,35.88267495340353,57.90568592148461,0.4099578966661693,False,,False,completed_normally,2001,20.0,0,
traj_01300,gradual_approach_v3,20260823,63.767982203656395,826.4710035142579,0.01606281821283782,0.49382169238963425,0.005019630691511819,0.01606281821283782,-0.08672432961036847,63.76798220363845,83.14679652895371,0.786569648322041,False,,True,validity_envelope_gamma_exceeded,1035,10.34,0,
traj_01301,normal,20260823,36.407921525244966,822.1419994795327,0.12192996902695616,0.3232492379069792,0.0381031153209238,0.14531100058763796,0.11816941255890133,34.428318842752944,37.36349834227139,0.05271612052842571,False,,False,completed_normally,2001,20.0,0,
traj_01302,normal,20260823,30.831010119389045,1604.0994589764084,0.17975684507031056,0.35451392822653527,0.05617401408447205,0.1808689036146199,0.17648667415144373,30.66596517986184,31.335751048482535,0.016933866853116666,False,,False,completed_normally,2001,20.0,0,
traj_01303,gradual_approach_v3,20260823,71.61880227987713,1921.39348221262,0.005150069943965028,0.5951706498358712,0.0016093968574890712,0.005150069943965028,-0.07626781280491723,71.61880227987305,89.86217807832195,0.7871111095459961,False,,True,validity_envelope_gamma_exceeded,945,9.44,0,
traj_01304,gradual_approach_v3,20260823,42.64137419506819,1281.7981739964289,0.08019584961947906,0.32675555168570036,0.025061203006087208,0.08019584961962578,-0.031317910376582825,42.64137419506819,73.54008594611017,0.5273298122576991,False,,False,completed_normally,2001,20.0,0,
traj_01305,gradual_approach_v3,20260823,73.22634309922778,1804.5445569772364,0.0033331246558276108,0.6180237649722702,0.0010416014549461284,0.003333124656016017,-0.08515237895795336,73.22634309922778,92.06333021095674,0.7858564613372903,False,,True,validity_envelope_gamma_exceeded,644,6.43,0,
traj_01306,gradual_approach_v3,20260823,71.501039702119,1387.34025416995,0.005287963589281142,0.593523679672203,0.0016524886216503568,0.10769031089304715,0.005287963589281142,51.006846377062786,71.50103970214585,0.7864757894307312,False,,True,validity_envelope_gamma_exceeded,1038,10.370000000000001,0,
traj_01307,gradual_approach_v3,20260823,31.956991843690243,1836.3624726617745,0.1659091629546314,0.3446409894616892,0.05184661342332231,0.46084018798880894,0.12669391412388872,22.80345520995065,40.409401988970906,0.2812594242404206,True,4.91,False,completed_normally,2001,20.0,0,
traj_01308,gradual_approach_v3,20260823,72.25289243178624,503.9519010684469,0.004419025535909463,0.6041026982455997,0.001380945479971707,0.004419025535927904,-0.07148574802964591,72.25289243178624,89.46503956299463,0.7876356894707405,False,,True,validity_envelope_gamma_exceeded,816,8.15,0,
traj_01309,gradual_approach_v3,20260823,50.15918184963526,1878.7347628148225,0.04826152889783413,0.36460401999538306,0.015081727780573167,0.19995411257309234,0.048261528897759066,20.155739861924264,50.15918184963526,0.5976595035547401,False,,False,completed_normally,2001,20.0,0,
traj_01310,gradual_approach_v3,20260823,47.6095226981417,1525.0969879077002,0.057469603973556355,0.3484879128311469,0.01795925124173636,0.2055197087346911,0.03814355618847248,22.55223610646531,56.11830930048097,0.5159325678386111,False,,False,completed_normally,2001,20.0,0,
traj_01311,gradual_approach_v3,20260823,64.8261618863433,731.0395688271158,0.014360333918551047,0.5064495702348133,0.004487604349547202,0.15789562038309388,0.014360333918551047,21.92256143448297,64.82616188635295,0.7674371194117656,False,,False,completed_normally,2001,20.0,0,
traj_01312,gradual_approach_v3,20260823,48.9659624308219,1403.377545645635,0.05239681377216153,0.35668444403153793,0.01637400430380048,0.17074035537343724,0.05239681377216153,24.55600640951482,48.96596243082888,0.4320339262219476,False,,False,completed_normally,2001,20.0,0,
traj_01313,gradual_approach_v3,20260823,37.46183606412443,593.1555028947467,0.11350999334311593,0.3215149397005275,0.03547187291972373,0.11350999334319813,-0.02116958555260251,37.46183606412443,64.41783208796359,0.4694218465360192,False,,False,completed_normally,2001,20.0,0,
traj_01314,gradual_approach_v3,20260823,68.43459640429687,1580.719612163886,0.009130356075275656,0.5519681151466953,0.002853236273523643,0.009130356075275656,-0.06334887550425095,68.43459640427727,89.36337290818507,0.7854096846595325,False,,True,validity_envelope_gamma_exceeded,1098,10.97,0,
traj_01315,gradual_approach_v3,20260823,40.2979030929816,1493.3341151557725,0.09378907382371365,0.32181940444084506,0.029309085569910517,0.43298693062566945,0.08778072455903846,20.342139402485408,40.46288069220628,0.4968757206876127,True,12.11,False,completed_normally,2001,20.0,0,
traj_01316,gradual_approach_v3,20260823,72.87399048492591,582.4169775642234,0.0037212058177078676,0.6129558138438193,0.0011628768180337087,0.0037212058177078676,-0.06687561909449546,72.87399048492406,120.62640637286952,0.7347905390597096,False,,True,ground_contact,1545,15.44,0,
traj_01317,gradual_approach_v3,20260823,35.24677024039863,1008.881952812059,0.13199966968366375,0.326489310688626,0.04124989677614492,0.45524137871486736,0.08751291832934141,21.435387088639697,48.3369257126393,0.3866201297804719,True,4.44,False,completed_normally,2001,20.0,0,
traj_01318,gradual_approach_v3,20260823,71.58316214087887,601.1239752607178,0.00519173152342789,0.594671810442663,0.0016224161010712156,0.00519173152342789,-0.07891042033227635,71.58316214087887,89.98875184544156,0.7855012004430443,False,,True,validity_envelope_gamma_exceeded,1029,10.28,0,
traj_01319,gradual_approach_v3,20260823,41.3980795443562,1903.9435290108975,0.08713645098783687,0.3236565061930399,0.027230140933699024,0.3326290003310828,0.0765807612168583,19.007799621966534,42.740692521570715,0.5489788897183279,True,11.63,False,completed_normally,2001,20.0,0,
traj_01320,gradual_approach_v3,20260823,39.7227280359304,1141.163405745016,0.09747459455791599,0.32122042725184397,0.030460810799348745,0.3184568625231501,0.05480440629144798,20.333083859309255,57.27314471385605,0.48909003327341233,True,6.63,False,completed_normally,2001,20.0,0,
traj_01321,stall,20260823,30.47738639633828,526.0032113297821,0.1843998605917697,0.35806863767862684,0.05762495643492803,1.2714832205346245,0.0817382180517614,30.325805055724608,56.51927959147129,0.7192681026399731,True,5.68,False,completed_normally,2001,20.0,0,
traj_01322,gradual_approach_v3,20260823,66.70077698200285,1955.611321861855,0.01153861361912659,0.5296300215030172,0.0036058167559770596,0.1210659827870435,0.011538613619046689,44.37263296746632,66.70077698200285,0.7859214500010383,False,,True,validity_envelope_gamma_exceeded,1009,10.08,0,
traj_01323,gradual_approach_v3,20260823,60.709902596348805,1746.317243271303,0.021486372796232566,0.45924928303593343,0.006714491498822677,0.16809806656916326,0.021486372796222352,21.40012724615309,60.709902596348805,0.7056099370635103,False,,False,completed_normally,2001,20.0,0,
traj_01324,gradual_approach_v3,20260823,68.53404973266994,982.7740140628798,0.008997674434396134,0.5532751566853114,0.002811773260748792,0.008997674434455195,-0.07047056379114328,68.53404973266994,123.99769803363915,0.760467604601134,False,,False,completed_normally,2001,20.0,0,
traj_01325,gradual_approach_v3,20260823,57.53451478885018,791.2812004393377,0.028043948679148816,0.42652828412278526,0.008763733962234005,0.028043948679275173,-0.05047664393883369,57.53451478885018,102.00381183871264,0.6325785114058287,False,,False,completed_normally,2001,20.0,0,
traj_01326,gradual_approach_v3,20260823,47.86928662845721,582.4039383757068,0.05646565069723397,0.34998886425082615,0.017645515842885616,0.2726840217912112,0.027531168584684962,16.16592897861562,62.30402094615273,0.7003900849726961,False,,False,completed_normally,2001,20.0,0,
traj_01327,gradual_approach_v3,20260823,47.94102100426395,804.6099780508705,0.05619119237917701,0.3504091823152551,0.017559747618492813,0.0561911923792992,-0.05546670766936829,47.94102100426395,88.88506350107734,0.6359189443640926,False,,False,completed_normally,2001,20.0,0,
traj_01328,normal,20260823,69.68037842559173,766.2610934851083,0.007508705719068982,0.5685391284230079,0.002346470537209057,0.0508786014989705,-0.012410645852544422,56.85015607417102,69.68037842559173,0.2691198522109508,False,,False,completed_normally,2001,20.0,0,
traj_01329,gradual_approach_v3,20260823,40.405711070498015,962.1565517579658,0.09311458653439866,0.3219599359939814,0.029098308291999584,0.09311458653441661,-0.044792674375656816,40.405711070498015,78.58550870266244,0.6688154697941505,False,,False,completed_normally,2001,20.0,0,
traj_01330,gradual_approach_v3,20260823,60.91137523489237,1506.270001243883,0.021104083726634124,0.4614368648080204,0.006595026164573164,0.15009557291127368,0.02110408372656874,23.152339026514255,60.91137523489237,0.679077349126854,False,,False,completed_normally,2001,20.0,0,
traj_01331,normal,20260823,68.59958713381822,824.0315033037135,0.00891055229401077,0.5541379774942815,0.0027845475918783654,0.04037027295791196,0.00891055229401077,50.72985738047883,68.59958713383226,0.2724487572396227,False,,False,completed_normally,2001,20.0,0,
traj_01332,normal,20260823,42.85956044495251,1835.5286321703104,0.07903657589508575,0.3274052422321628,0.024698929967214296,0.07999697238472986,0.07793200052499615,42.51054044644494,43.23536845943434,0.013584269033409495,False,,False,completed_normally,2001,20.0,0,
traj_01333,gradual_approach_v3,20260823,71.97320532832434,1115.4072402009797,0.004739119410212975,0.6001496363145661,0.0014809748156915546,0.004739119410212975,-0.06687967045955878,71.97320532832074,132.167355563312,0.7813598033621151,False,,False,completed_normally,2001,20.0,0,
traj_01334,gradual_approach_v3,20260823,33.57426896906167,1324.8692707252396,0.14814962287135333,0.33390755345586515,0.04629675714729792,0.5320286922686367,0.10592756799596921,21.749464461540455,44.194558079195396,0.35833907623215516,True,6.98,False,completed_normally,2001,20.0,0,
traj_01335,gradual_approach_v3,20260823,39.10110275096936,706.3574222501489,0.10162887043851385,0.3208677929405831,0.03175902201203558,0.2651754177840161,0.08887890369193763,21.098705821095248,41.673841710669976,0.45808704607764295,False,,False,completed_normally,2001,20.0,0,
traj_01336,gradual_approach_v3,20260823,44.36474245609664,817.4136916037916,0.07147881143729745,0.33269700772621397,0.022337128574155454,0.27521357551904707,0.0420703071899895,18.47713444550591,56.80920456321582,0.5955891846111346,False,,False,completed_normally,2001,20.0,0,
traj_01337,stall,20260823,71.90739492696088,1033.913952182897,0.004814975610684154,0.5992225227970993,0.0015046798783387983,0.2213134324799485,0.0048149756105969645,63.49503510319777,71.90739492696088,0.7863415252437896,False,,True,validity_envelope_gamma_exceeded,604,6.03,0,
traj_01338,gradual_approach_v3,20260823,71.1018811337914,614.1359100785553,0.005760414373049534,0.587969050404872,0.0018001294915779794,0.005760414373125899,-0.08291356561351193,71.1018811337914,90.35328312359542,0.7874520446120218,False,,True,validity_envelope_gamma_exceeded,861,8.6,0,
traj_01339,normal,20260823,58.549513339658034,1543.4095567204947,0.02583322142352592,0.43662132079976257,0.00807288169485185,0.06577303709999033,0.02583322142352592,42.87492206719257,58.549513339658034,0.24085759925185382,False,,False,completed_normally,2001,20.0,0,
traj_01340,gradual_approach_v3,20260823,61.13036819646733,1604.6282578414312,0.02069277220437629,0.46382936318270385,0.00646649131386759,0.18430452067310782,0.020692772204329985,19.97889465043679,61.13036819646733,0.7320825590563507,False,,False,completed_normally,2001,20.0,0,
traj_01341,gradual_approach_v3,20260823,48.163263086854265,1595.2718074318245,0.05534842852762807,0.35172725230739516,0.01729638391488377,0.05534842852762807,-0.0570436835944258,48.16326308682809,90.07661134567954,0.677880302284801,False,,False,completed_normally,2001,20.0,0,
traj_01342,gradual_approach_v3,20260823,36.98542090144298,729.7059995830534,0.11723568136887105,0.3221636813090709,0.0366361504277722,0.11723568136898142,-0.034709827840525675,36.98542090144298,63.027449027750926,0.5347613667909774,False,,False,completed_normally,2001,20.0,0,
traj_01343,gradual_approach_v3,20260823,50.51938128527466,781.7435995720078,0.047068987177950536,0.3671198142219083,0.014709058493109543,0.047068987177950536,-0.04878899806967707,50.519381285272026,88.44060856552066,0.5974538034869799,False,,False,completed_normally,2001,20.0,0,
traj_01344,gradual_approach_v3,20260823,67.30979211530325,1393.8374266893547,0.010671699506468575,0.5373792571074761,0.0033349060957714297,0.010671699506660174,-0.07700198202614805,67.30979211530325,86.84633786838293,0.7862350697138966,False,,True,validity_envelope_gamma_exceeded,967,9.66,0,
traj_01345,gradual_approach_v3,20260823,65.2987395090281,1556.669371438487,0.013626300768370288,0.5121964711252596,0.004258218990115715,0.013626300768520899,-0.04987092465830867,65.2987395090281,109.76870961484695,0.5936188717112186,False,,False,completed_normally,2001,20.0,0,
traj_01346,gradual_approach_v3,20260823,48.05343743591978,728.77782233809,0.055763479804418564,0.35107290920097106,0.017426087438880803,0.05576347980447012,-0.06278601897186165,48.05343743591978,88.15191830676801,0.6561600501374489,False,,False,completed_normally,2001,20.0,0,
traj_01347,stall,20260823,64.84980374835692,579.386302669787,0.01432323485041927,0.5067355077953841,0.004476010890756023,0.2819362238368771,0.01432323485041927,56.763534128445485,64.84980374838419,0.790941582488435,True,6.12,True,validity_envelope_gamma_exceeded,618,6.17,0,
traj_01348,normal,20260823,36.81787237790929,741.2907436514366,0.11857714240016906,0.32244425923794057,0.03705535700005283,0.13380795200565396,0.054221051098054446,32.72115127307229,46.88792469251915,0.24023759976338324,False,,False,completed_normally,2001,20.0,0,
traj_01349,normal,20260823,68.36848192124577,1944.710934219792,0.009218877230713941,0.551100752867614,0.0028808991345981067,0.027151936575005434,-0.011347530463353933,67.22821806995226,74.21985442296024,0.154644027138849,False,,False,completed_normally,2001,20.0,0,
traj_01350,gradual_approach_v3,20260823,46.78938031082498,763.3985181194014,0.06074632150743764,0.3439700679206686,0.018983225471074262,0.060746321507491624,-0.0463351988592236,46.78938031082498,80.56482633354506,0.5697184257119529,False,,False,completed_normally,2001,20.0,0,
traj_01351,gradual_approach_v3,20260823,69.6862381232628,1095.6853105391315,0.007501280852394496,0.5686180872329936,0.00234415026637328,0.007501280852394496,-0.06225205987902549,69.68623812324508,121.88155402711669,0.7259502209210472,False,,False,completed_normally,2001,20.0,0,
traj_01352,gradual_approach_v3,20260823,49.50507414142845,1943.0143689551594,0.050492363430282974,0.3601826477558201,0.01577886357196343,0.050492363430366845,-0.06275185940195338,49.50507414142845,70.70953791082009,0.7863744072146105,False,,True,validity_envelope_gamma_exceeded,846,8.45,0,
traj_01353,normal,20260823,44.01693056398824,620.9905725251384,0.0731595910805059,0.3313519484609661,0.022862372212658095,0.07413394563767295,0.0719676814472292,43.65911514496007,44.451969549367305,0.008517548336699142,False,,False,completed_normally,2001,20.0,0,
traj_01354,gradual_approach_v3,20260823,52.02262894634781,550.9198205070709,0.04235055573208492,0.37822017887503606,0.013234548666276536,0.2658968896115042,0.02640983251401452,15.974422571543935,56.82325523182556,0.7253681154681278,False,,False,completed_normally,2001,20.0,0,
traj_01355,gradual_approach_v3,20260823,65.02363924995517,1486.886178302735,0.014051677221903425,0.5088430398019766,0.00439114913184482,0.014051677221903425,-0.07281769073471567,65.02363924995282,86.56235989108052,0.7863624871840602,False,,True,validity_envelope_gamma_exceeded,952,9.51,0,
traj_01356,gradual_approach_v3,20260823,35.053711442376304,1657.6397209164215,0.13376051526884417,0.32717292520440694,0.0418001610215138,0.45146172108323684,0.09720886757182778,20.242560863202304,44.554841552016036,0.4220213360613538,True,8.52,False,completed_normally,2001,20.0,0,
traj_01357,gradual_approach_v3,20260823,66.68717060725677,643.166399655803,0.01155825052951141,0.5294581030967546,0.0036119532904723152,0.149150961093852,0.011558250529418928,22.612642858496375,66.68717060725677,0.7469305359109178,False,,False,completed_normally,2001,20.0,0,
traj_01358,gradual_approach_v3,20260823,46.79331343032638,1916.8284858764446,0.060730208527486215,0.3439909186864077,0.018978190164839443,0.060730208527486215,-0.06896253270710129,46.79331343030524,68.65700461438101,0.7862528571833983,False,,True,validity_envelope_gamma_exceeded,1135,11.34,0,
traj_01359,stall,20260823,33.53306348354475,622.6406023460871,0.14857436216408046,0.334135118529341,0.046429488176275145,0.14857436216408268,-0.23013406924152602,33.53306348354475,38.696391121889775,0.79052759460894,False,,True,validity_envelope_gamma_exceeded,358,3.5700000000000003,0,
traj_01360,stall,20260823,33.95012761634748,1872.4902926169882,0.14433752435073038,0.3319354098305436,0.04510547635960324,0.14433752435073893,-0.265968348434232,33.95012761634748,39.09738654337538,0.7895426732146219,False,,True,validity_envelope_gamma_exceeded,753,7.5200000000000005,0,
traj_01361,normal,20260823,39.17488858234378,1925.7231375547537,0.1011261625045369,0.3208931918926505,0.03160192578266778,0.12709361439300793,0.09269261042935305,35.135514096145435,41.73101137006892,0.09285330762317015,False,,False,completed_normally,2001,20.0,0,
traj_01362,normal,20260823,40.607962524947794,881.8311543827497,0.09186276496933302,0.3222471485261586,0.028707114052916566,0.09246499709694607,0.09121975661090713,40.42587856602546,40.797685908370376,0.00474605852797601,False,,False,completed_normally,2001,20.0,0,
traj_01363,gradual_approach_v3,20260823,57.706162793727295,1241.9668729454718,0.027662005548867486,0.4282103611483671,0.00864437673402109,0.027662005548999,-0.0626199726908031,57.706162793727295,80.8923859502447,0.7854168247063974,False,,True,validity_envelope_gamma_exceeded,1085,10.84,0,
traj_01364,gradual_approach_v3,20260823,57.8100924639498,1944.1952179175544,0.02743237210367067,0.42923375997823193,0.008572616282397083,0.02743237210367067,-0.07738645206612144,57.810092463922196,78.33025609739107,0.7868502127392646,False,,True,validity_envelope_gamma_exceeded,1078,10.77,0,
traj_01365,gradual_approach_v3,20260823,66.79674761978197,998.9603631466576,0.01140044431871359,0.5308441319630154,0.0035626388495979965,0.0941904663835548,0.01140044431871359,30.24744018678527,66.79674761979875,0.5903315570815107,False,,False,completed_normally,2001,20.0,0,
traj_01366,gradual_approach_v3,20260823,60.14533127773745,1867.323727388867,0.02257788813696385,0.45318864536345826,0.007055590042801203,0.02257788813696385,-0.06158274901660571,60.14533127772613,111.25387874053118,0.7055096291051167,False,,False,completed_normally,2001,20.0,0,
traj_01367,gradual_approach_v3,20260823,32.04080055206751,1169.6082340463229,0.16493059317851105,0.3439891858653473,0.0515408103682847,0.4569533117344058,0.12662194334575458,22.99224003505095,40.3086558665929,0.274421977610745,True,4.64,False,completed_normally,2001,20.0,0,
traj_01368,normal,20260823,60.7881721391527,1471.775249143319,0.021337412982366886,0.4600975892273437,0.006667941556989652,0.0215485008069057,0.020721403628269977,60.60409284968801,61.30785109051132,0.0058702186184707945,False,,False,completed_normally,2001,20.0,0,
traj_01369,gradual_approach_v3,20260823,32.261084243541475,1882.6006939337312,0.16239056920596365,0.34232808402255555,0.05074705287686364,0.4996057383906706,0.12703015060363357,23.510514952604343,39.94348661826624,0.26388847145959626,True,7.07,False,completed_normally,2001,20.0,0,
traj_01370,normal,20260823,65.02665389357453,585.6172758010614,0.014046986865334253,0.5088796671421425,0.004389683395416954,0.014664627146558699,0.013693014093440065,64.41663826037832,65.38582549181831,0.005809957650104086,False,,False,completed_normally,2001,20.0,0,
traj_01371,gradual_approach_v3,20260823,74.09024282895999,1190.1932986244724,0.0024047299823131804,0.630587961169292,0.0007514781194728689,0.0024047299823131804,-0.08216848224946405,74.09024282895999,93.4025022985611,0.7875246020989964,False,,True,validity_envelope_gamma_exceeded,814,8.13,0,
traj_01372,gradual_approach_v3,20260823,36.97369507117933,698.141758442183,0.11732902731774472,0.32218241761367367,0.03666532103679523,0.11732902731779347,-0.016810609286633194,36.97369507117933,63.013145934670966,0.46674340069689424,False,,False,completed_normally,2001,20.0,0,
traj_01373,gradual_approach_v3,20260823,64.14083363709412,610.0512477701739,0.015453438964637793,0.49823297085556356,0.00482919967644931,0.11369056699283231,0.015453438964586485,40.17711487544986,64.14083363709412,0.7854847811219051,False,,True,validity_envelope_gamma_exceeded,1140,11.39,0,
traj_01374,gradual_approach_v3,20260823,53.682687422315006,556.8405964476835,0.03758414188235008,0.39155646238951086,0.0117450443382344,0.03758414188251742,-0.0633687794358786,53.682687422315006,103.72625886843963,0.7713200910777465,False,,False,completed_normally,2001,20.0,0,
traj_01375,gradual_approach_v3,20260823,71.3076130711807,743.0168902880844,0.005515925570417404,0.590826614767966,0.0017237267407554386,0.12564197926898713,0.005515925570408488,49.9123439661361,71.3076130711807,0.7859230959037115,False,,True,validity_envelope_gamma_exceeded,1289,12.88,0,
traj_01376,gradual_approach_v3,20260823,73.36531795764117,590.4329570886132,0.003181578786362244,0.6200316929852797,0.0009942433707382013,0.09771205449184484,0.0031815787862743417,51.4814725917489,73.36531795764117,0.7856996392527557,False,,True,validity_envelope_gamma_exceeded,765,7.640000000000001,0,
traj_01377,gradual_approach_v3,20260823,51.214592259594944,1017.5147924052263,0.044836369371221325,0.3721345572051407,0.014011365428506664,0.044836369371221325,-0.0791242239186769,51.21459225959233,72.79564918699802,0.7872123080936269,False,,True,validity_envelope_gamma_exceeded,986,9.85,0,
traj_01378,normal,20260823,30.81901544500546,662.1776927519451,0.17991186550843616,0.3546307932103601,0.0562224579713863,0.2538316945210899,0.1556731769859834,26.074208654046302,35.178500320029364,0.1532903575085921,False,,False,completed_normally,2001,20.0,0,
traj_01379,stall,20260823,57.18105090267816,529.0748571508773,0.028841148767419302,0.42309663251725255,0.009012858989818533,0.9005750963964299,0.028841148767419302,28.977855983797983,57.18116410484859,0.6229023693394647,True,5.44,False,completed_normally,2001,20.0,0,
traj_01380,gradual_approach_v3,20260823,64.09440677666956,1331.504216476845,0.015528745648839302,0.49768141160609364,0.004852733015262282,0.16718207305761296,0.015528745648716931,21.13106832870761,64.09440677666956,0.7677339331666535,False,,False,completed_normally,2001,20.0,0,
traj_01381,gradual_approach_v3,20260823,72.41887119902849,1421.3432103808,0.004230801852723751,0.6064584998997196,0.0013221255789761723,0.004230801852723751,-0.07163429234305052,72.41887119902246,124.59704003962237,0.7300134838008384,False,,False,completed_normally,2001,20.0,0,
traj_01382,gradual_approach_v3,20260823,72.77672230951343,1946.7540230358225,0.0038293215894415304,0.6115625821212207,0.0011966629967004783,0.1362200771220875,0.003829321589351445,23.45610253012428,72.77672230951343,0.7778342421193732,False,,False,completed_normally,2001,20.0,0,
traj_01383,stall,20260823,52.10119196151615,1352.21082536077,0.042114882754809374,0.3788263120986473,0.01316090086087793,0.04211488275484155,-0.27268822460969966,52.10119196151615,54.27989969847238,0.7916410417013281,False,,True,validity_envelope_gamma_exceeded,277,2.7600000000000002,0,
traj_01384,normal,20260823,73.39468874347293,1537.9494318813106,0.003149660368714285,0.6204566986933563,0.0009842688652232142,0.03945505247311801,0.003149660368714285,61.00090382282762,73.39468874348913,0.1758679277591634,False,,False,completed_normally,2001,20.0,0,
traj_01385,normal,20260823,59.80525074615629,808.6033029985397,0.0232501425914193,0.449587717472372,0.007265669559818531,0.0232501425914193,-0.00348819872430621,59.80525074615059,68.81064824318844,0.1451138218596186,False,,False,completed_normally,2001,20.0,0,
traj_01386,gradual_approach_v3,20260823,72.78023612232815,966.5638636678107,0.0038254084300565787,0.6116128689027936,0.0011954401343926809,0.0038254084302453534,-0.07680683913776082,72.78023612232815,94.08274115315541,0.7873159806470214,False,,True,validity_envelope_gamma_exceeded,1184,11.83,0,
traj_01387,gradual_approach_v3,20260823,33.185546848080236,1519.072449419215,0.1522115530406337,0.33614589980835907,0.04756611032519802,0.15221155304064168,-0.001488401649378579,33.185546848080236,55.10565330019536,0.5288815148122423,False,,False,completed_normally,2001,20.0,0,
traj_01388,gradual_approach_v3,20260823,67.69590603256823,1863.4815033182433,0.010134025335523284,0.5423469447067543,0.0031668829173510265,0.01013402533558841,-0.08360437085888384,67.69590603256823,86.31475462761749,0.7874132795759679,False,,True,validity_envelope_gamma_exceeded,874,8.73,0,
traj_01389,gradual_approach_v3,20260823,52.84763898428281,1546.1313198297055,0.039926773891418785,0.3847105297009215,0.012477116841068371,0.1947606113567989,0.039926773891418785,20.144846914063436,52.847638984304446,0.6447824438561132,False,,False,completed_normally,2001,20.0,0,
traj_01390,gradual_approach_v3,20260823,51.555820892904535,1639.8000409720808,0.043772683276167165,0.3746712138658841,0.013678963523802238,0.043772683276167165,-0.06966682023617682,51.55582089288367,76.27438620894779,0.7855830281091876,False,,True,validity_envelope_gamma_exceeded,1162,11.61,0,
traj_01391,normal,20260823,32.34905726237053,1318.3260941857477,0.16138893148503272,0.34168550743615295,0.05043404108907273,0.18902390271197736,0.1179699686010205,28.063414149678337,37.22361539230723,0.14747245294171168,False,,False,completed_normally,2001,20.0,0,
traj_01392,normal,20260823,71.36545652864065,1373.183821433058,0.005447562055409723,0.5916321040312748,0.0017023631423155386,0.023091077648917137,-0.004775263253706922,67.44579364447034,71.57032304911395,0.09097170108235206,False,,False,completed_normally,2001,20.0,0,
traj_01393,gradual_approach_v3,20260823,55.92284758197073,889.6436141652406,0.03180054560962539,0.41123810699392416,0.009937670503007935,0.03180054560962539,-0.05557511601950538,55.92284758196665,104.57190321479409,0.701829914288842,False,,False,completed_normally,2001,20.0,0,
traj_01394,gradual_approach_v3,20260823,33.445744669414665,1353.1260204020948,0.14947896079734288,0.3346248938532157,0.046712175249169645,0.48569880041058144,0.10372395681108619,21.16918269337713,45.121193861182206,0.36650967159972414,True,5.26,False,completed_normally,2001,20.0,0,
traj_01395,gradual_approach_v3,20260823,40.306248065628566,822.3371783931899,0.09373668376776806,0.32182996822154525,0.02929271367742752,0.09373668376776806,-0.016474389499171682,40.306248065628566,69.29945692845138,0.5047926057623677,False,,False,completed_normally,2001,20.0,0,
traj_01396,normal,20260823,44.07002962542993,1963.9432286364374,0.07290052667658639,0.33155265259772115,0.022781414586433246,0.07290052667658639,0.03535756529180836,43.80776454997919,50.537313105955825,0.14594244151782426,False,,False,completed_normally,2001,20.0,0,
traj_01397,gradual_approach_v3,20260823,37.95839679321078,750.2934288413463,0.10976183401090256,0.3210662968016768,0.03430057312840705,0.10976183401102114,-0.025826970904631485,37.95839679321078,67.09625936536638,0.5566216110047629,False,,False,completed_normally,2001,20.0,0,
traj_01398,gradual_approach_v3,20260823,30.700590955765918,542.4238174286916,0.18145155405236438,0.35579846986313235,0.056703610641363866,0.5676401592031545,0.14171501287793659,23.375430104768327,38.42183718721551,0.2694736669852623,True,5.07,False,completed_normally,2001,20.0,0,
traj_01399,stall,20260823,74.84864235269337,1295.9181110286959,0.0016158290806891475,0.6417789940608015,0.0005049465877153586,0.24552382610237145,0.0016158290805641919,67.05304033540267,74.84864235269337,0.7923406094396787,False,,True,validity_envelope_gamma_exceeded,435,4.34,0,
traj_01400,normal,20260823,62.366609331564746,1853.0326293162768,0.01845050388723981,0.4776188251848456,0.005765782464762441,0.018650551309318027,0.018054757714398746,62.182510892309786,62.722538771366644,0.004630795105379957,False,,False,completed_normally,2001,20.0,0,
traj_01401,gradual_approach_v3,20260823,42.898064993019545,537.0083652507282,0.07883373679852779,0.32752307453149,0.024635542749539933,0.26987937097930387,0.05725022409637981,20.521154010062904,50.02705977246268,0.5220078417086393,False,,False,completed_normally,2001,20.0,0,
traj_01402,normal,20260823,42.774046213172646,1351.9176039725785,0.07948892330191287,0.3271469504840029,0.024840288531847773,0.12697717705406714,0.06879775216317988,37.51697075408971,46.86105341981594,0.14603443525603327,False,,False,completed_normally,2001,20.0,0,
traj_01403,gradual_approach_v3,20260823,71.87485556684184,1734.030018428187,0.004852558285091266,0.5987645486738101,0.0015164244640910205,0.004852558285091266,-0.07590021639839628,71.87485556684184,90.7085783541736,0.7858138615611199,False,,True,validity_envelope_gamma_exceeded,1090,10.89,0,
traj_01404,gradual_approach_v3,20260823,61.55407380001148,688.5604235391013,0.019909232701232932,0.4685015066562158,0.006221635219135291,0.019909232701232932,-0.06606124024111937,61.55407380001074,110.80980662935856,0.6688227253366482,False,,False,completed_normally,2001,20.0,0,
traj_01405,normal,20260823,64.89579694870653,762.0783287111934,0.014251176583856641,0.5072922480458188,0.004453492682455201,0.033943256375814815,0.014251176583744356,56.86485454856287,64.89579694870653,0.12411237672180493,False,,False,completed_normally,2001,20.0,0,
traj_01406,normal,20260823,46.88285331926475,912.074709983028,0.06036444702118471,0.3444677500518412,0.01886388969412022,0.060783243124281267,0.05977271867884285,46.69482233229694,47.13368649514204,0.006130018739724402,False,,False,completed_normally,2001,20.0,0,
traj_01407,gradual_approach_v3,20260823,34.32806260387678,1621.3867242046445,0.14061439006765275,0.33013588591206594,0.043941996896141484,0.14061439006765275,-0.014022711350570483,34.32806260387253,62.870476528621126,0.6473842195690294,False,,False,completed_normally,2001,20.0,0,
traj_01408,gradual_approach_v3,20260823,45.84383892199637,835.5275345513281,0.06473694384192344,0.3391922302667303,0.020230294950601073,0.06473694384192344,-0.06826117667763998,45.84383892199017,91.94013716466517,0.7655552760640353,False,,False,completed_normally,2001,20.0,0,
traj_01409,gradual_approach_v3,20260823,35.73684958997135,1363.549558684261,0.1276429220431847,0.32494321160813555,0.03988841313849522,0.28142245377087305,0.10294147058527744,22.836183171265866,41.85805231368534,0.353462936850145,True,10.83,False,completed_normally,2001,20.0,0,
traj_01410,gradual_approach_v3,20260823,66.6492052917163,642.5347234471411,0.011613105505174751,0.528978687175501,0.0036290954703671096,0.01161310550531943,-0.07661892919957425,66.6492052917163,85.76998033023972,0.7874931191610233,False,,True,validity_envelope_gamma_exceeded,1135,11.34,0,
traj_01411,gradual_approach_v3,20260823,55.36044601818133,1820.6062456478003,0.03318794253343911,0.40612142754118663,0.010371232041699721,0.18143175429474173,0.028611147828612293,20.884905804018153,55.36044601818246,0.6607905504629863,False,,False,completed_normally,2001,20.0,0,
traj_01412,gradual_approach_v3,20260823,37.852736209765155,830.5560551719744,0.11054812915805157,0.3211427637039266,0.034546290361891115,0.11054812915806965,-0.020549286094567076,37.852736209765155,64.23050849004777,0.483547590930802,False,,False,completed_normally,2001,20.0,0,
traj_01413,gradual_approach_v3,20260823,33.79016593861801,1879.765418637597,0.1459463350635389,0.33275209969960334,0.04560822970735591,0.1459463350635389,-0.023619917851844585,33.790165938614315,65.48969773377749,0.7261274770867745,False,,False,completed_normally,2001,20.0,0,
traj_01414,gradual_approach_v3,20260823,53.21919532635957,732.7323200646703,0.03887106807085498,0.387722752447197,0.012147208772142181,0.19689852856062257,0.03248785974559898,19.925748031656614,53.21919532635957,0.6484597208562919,False,,False,completed_normally,2001,20.0,0,
traj_01415,gradual_approach_v3,20260823,65.63286509711973,1778.4540173063597,0.013116749446583923,0.5162992702115475,0.004098984202057477,0.1541727708970697,0.013116749446459831,22.207358970763362,65.63286509711973,0.7553005859053701,False,,False,completed_normally,2001,20.0,0,
traj_01416,gradual_approach_v3,20260823,69.30277789466481,1713.6243906895015,0.007991103429055343,0.5634709614047897,0.002497219821579795,0.13052938624895083,0.007991103428984035,45.69521384690448,69.30277789466481,0.7854567303083522,False,,True,validity_envelope_gamma_exceeded,1198,11.97,0,
traj_01417,gradual_approach_v3,20260823,65.64677338467095,1010.5303435740697,0.013095705483634715,0.5164707606112077,0.004092407963635848,0.11208110167052843,0.013095705483467574,39.76954391278207,65.64677338467095,0.7854827661496365,False,,True,validity_envelope_gamma_exceeded,1147,11.46,0,
traj_01418,gradual_approach_v3,20260823,63.82151219539732,695.096530730723,0.015974681049167137,0.4944524472184517,0.00499208782786473,0.17433242719085085,0.015974681049167137,20.53574539996943,63.82151219539963,0.7720534804186383,False,,False,completed_normally,2001,20.0,0,
traj_01419,gradual_approach_v3,20260823,39.07279357131007,1839.756153462166,0.10182244239807409,0.3208592440816722,0.031819513249398156,0.10182244239820434,-0.005014093579449208,39.07279357131007,63.4634962549718,0.43181246038803,False,,False,completed_normally,2001,20.0,0,
traj_01420,gradual_approach_v3,20260823,60.059802306580934,1007.7992661580472,0.0227458983749065,0.45227948308607957,0.0071080932421582815,0.1653418714976677,0.02274589837473531,21.729650061632963,60.059802306580934,0.7116137499999488,False,,False,completed_normally,2001,20.0,0,
traj_01421,gradual_approach_v3,20260823,36.88603034127852,988.9463046183886,0.11802945070846355,0.3223267769939258,0.036884203346394855,0.33402471508861004,0.07488109979538968,21.152195638119245,51.17838024200779,0.42381267627020774,True,7.8100000000000005,False,completed_normally,2001,20.0,0,
traj_01422,stall,20260823,40.15684446548201,930.6985138824331,0.0946792679728449,0.32164886483652444,0.029587271241514033,0.09467926797288942,-0.37830614200499246,40.15684446548201,43.43568761953302,0.7886638285828438,True,2.38,True,validity_envelope_gamma_exceeded,307,3.06,0,
traj_01423,gradual_approach_v3,20260823,31.042115554780402,1318.611571308869,0.1770558078118761,0.35249883106278024,0.05532993994121128,0.21890055767057437,0.053359716644859834,23.339542721673922,47.97441577259363,0.4766208979339449,False,,False,completed_normally,2001,20.0,0,
traj_01424,gradual_approach_v3,20260823,48.321968494432404,871.3958137679291,0.0547534991054337,0.35268308529355347,0.01711046847044803,0.054753499105590714,-0.06624274190092799,48.321968494432404,70.01975095026003,0.7855640584575796,False,,True,validity_envelope_gamma_exceeded,1165,11.64,0,
traj_01425,gradual_approach_v3,20260823,37.76997454539294,879.2044350388094,0.11116822885722424,0.32120977192035144,0.034740071517882574,0.38604029676341456,0.06850981652293528,19.37295342333494,52.45432147030571,0.4920294513876871,True,8.45,False,completed_normally,2001,20.0,0,
traj_01426,gradual_approach_v3,20260823,74.45714220258786,799.7067088718071,0.0020200918631202375,0.6359832293207153,0.0006312787072250742,0.0020200918631376997,-0.06258777473514066,74.45714220258786,130.87480124208173,0.756003717838132,False,,True,ground_contact,1741,17.400000000000002,0,
traj_01427,stall,20260823,39.91233741653612,551.1112988369903,0.09624322036030938,0.32138949035158276,0.030076006362596684,0.09624322036043192,-0.2963866944423167,39.91233741653612,43.32149093249833,0.7892445247994756,True,2.05,True,validity_envelope_gamma_exceeded,244,2.43,0,
traj_01428,gradual_approach_v3,20260823,55.89780040994635,1379.3860259621204,0.03186146058318966,0.41100778229290963,0.009956706432246769,0.19859168418940498,0.02521805143171496,19.453284722500054,55.89780040994773,0.7205203789925794,False,,False,completed_normally,2001,20.0,0,
traj_01429,gradual_approach_v3,20260823,67.29127963997335,731.5319624939891,0.010697708853581879,0.5371421413471926,0.003343034016744337,0.11333566934343675,0.010697708853425504,41.24434431651726,67.29127963997335,0.7856787979569908,False,,True,validity_envelope_gamma_exceeded,889,8.88,0,
traj_01430,gradual_approach_v3,20260823,54.13869281406851,1545.2227381458174,0.0363495037241439,0.39540956490348184,0.01135921991379497,0.2222021756314076,0.01658226951423114,18.056775547004342,65.17802156042193,0.7007515885470679,False,,False,completed_normally,2001,20.0,0,
traj_01431,gradual_approach_v3,20260823,62.262275385528355,1062.9991148879799,0.018634663159064906,0.4764366084230433,0.005823332237207783,0.13730948524582207,0.018634663159064906,24.425020729749633,62.26227538554558,0.6417899300968924,False,,False,completed_normally,2001,20.0,0,
traj_01432,gradual_approach_v3,20260823,32.12571218417091,1844.858052369726,0.16394604396934084,0.3433400014389198,0.051233138740419015,0.44818289001669953,0.1285564621507631,23.696804001000586,39.71023705491814,0.25279182661920413,True,5.99,False,completed_normally,2001,20.0,0,
traj_01433,normal,20260823,44.523797675449885,1803.515865268076,0.07072273503643683,0.3333358081507607,0.02210085469888651,0.07260189809812641,0.0694580320566619,43.82256469676414,44.99910999524904,0.00857059896405807,False,,False,completed_normally,2001,20.0,0,
traj_01434,gradual_approach_v3,20260823,50.321393374732615,1688.136797600013,0.047721389843175324,0.36572993162142814,0.01491293432599229,0.16634931153619592,0.03429600858198506,23.775796221686242,55.91296614236676,0.5100702993950537,False,,False,completed_normally,2001,20.0,0,
traj_01435,normal,20260823,61.92535544802449,1723.7035940659453,0.01923564550233251,0.4726420283032559,0.006011139219478909,0.019235645502363053,-0.0014825258584089118,61.92535544802449,74.82905319702331,0.18058573485266535,False,,False,completed_normally,2001,20.0,0,
traj_01436,gradual_approach_v3,20260823,32.468101570455175,632.4429126196379,0.16004489912842937,0.3408346048430253,0.050014030977634176,0.4820779977711083,0.11589776351254327,21.575314603469163,42.72298875798335,0.3338165318041103,True,5.4,False,completed_normally,2001,20.0,0,
traj_01437,gradual_approach_v3,20260823,36.907003956198814,1072.2959391546901,0.11786146550487742,0.32229155022904776,0.03683170797027419,0.11786146550496711,-0.023415781685401316,36.907003956198814,63.99574062795706,0.5021658646282197,False,,False,completed_normally,2001,20.0,0,
traj_01438,gradual_approach_v3,20260823,40.612169409814406,1394.1144549331689,0.09183691258457755,0.3222534466899799,0.028699035182680483,0.2606500407814097,0.09183691258457755,20.95989276609952,40.61216940982993,0.4822482371540218,False,,False,completed_normally,2001,20.0,0,
traj_01439,gradual_approach_v3,20260823,35.00593193036924,994.0827988852517,0.13420027869246012,0.32734876088599557,0.04193758709139379,0.37416831041265375,0.09550994873578222,23.428719708619255,45.69486765701907,0.32219023206603276,True,6.58,False,completed_normally,2001,20.0,0,
traj_01440,gradual_approach_v3,20260823,35.97441568617502,1798.8777400396596,0.12558779834360131,0.3242888005617199,0.03924618698237541,0.125587798343724,-0.010792558228540527,35.97441568617502,63.40747294871431,0.543424197595964,False,,False,completed_normally,2001,20.0,0,
traj_01441,normal,20260823,64.8272107948762,1271.2738878285274,0.014358687109945551,0.5064622528028356,0.004487089721857985,0.045935190744659876,0.014358687109801345,51.44688760498586,64.8272107948762,0.21214365538045687,False,,False,completed_normally,2001,20.0,0,
traj_01442,normal,20260823,53.3722594489121,813.1450656981061,0.03844243620800811,0.3889795067387758,0.012013261315002534,0.03933321099565619,0.03777733452082962,52.8485187678351,53.779934360040215,0.007915932885860486,False,,False,completed_normally,2001,20.0,0,
traj_01443,gradual_approach_v3,20260823,41.1562686486193,1845.2592016407991,0.08855576214023719,0.32317742300132635,0.027673675668824123,0.2486163334693609,0.05558198953063864,21.21814671166079,54.067944153964646,0.48172864589992487,False,,False,completed_normally,2001,20.0,0,
traj_01444,gradual_approach_v3,20260823,73.7034689334689,613.4262889230291,0.0028163810008488468,0.6249386149728182,0.0008801190627652646,0.10391607007924238,0.0028163810008488468,27.68918178623318,73.7034689334707,0.7146250949458165,False,,False,completed_normally,2001,20.0,0,
traj_01445,gradual_approach_v3,20260823,56.98816858824193,680.5483970960164,0.02928234262119093,0.42124237555249555,0.009150732069122165,0.02928234262119093,-0.06693092850959848,56.988168588214876,76.06670485998501,0.7861198742876377,False,,True,validity_envelope_gamma_exceeded,1152,11.51,0,
traj_01446,gradual_approach_v3,20260823,41.92906191073585,1242.561802435283,0.08410076520083293,0.32485199093158473,0.02628148912526029,0.08410076520083293,-0.04155503780090941,41.92906191072484,78.70885446636619,0.6216499008935387,False,,False,completed_normally,2001,20.0,0,
traj_01447,gradual_approach_v3,20260823,35.27485010029055,1661.9896644488929,0.13174568814393414,0.3263934401407148,0.04117052754497942,0.13174568814408325,-0.008164536969462233,35.27485010029055,63.57839831042915,0.5080462388525332,False,,False,completed_normally,2001,20.0,0,
traj_01448,gradual_approach_v3,20260823,50.639628053846835,1331.7982988450565,0.04667639402436209,0.36797229270238674,0.014586373132613155,0.046676394024482704,-0.06724714458834608,50.639628053846835,100.55172999033128,0.7457830358299063,False,,False,completed_normally,2001,20.0,0,
traj_01449,gradual_approach_v3,20260823,73.3679048799904,528.2215920475065,0.0031787659482387927,0.6200691175310823,0.0009933643588246226,0.10548808244518781,0.0031787659482387927,53.809365405157365,73.36790487999468,0.7865332088903633,False,,True,validity_envelope_gamma_exceeded,1055,10.540000000000001,0,
traj_01450,gradual_approach_v3,20260823,44.75572487574097,826.8970638393264,0.06963408690361647,0.3342935666167988,0.021760652157380145,0.06963408690375279,-0.05808442606702635,44.75572487574097,86.10905308256599,0.6957058138698622,False,,False,completed_normally,2001,20.0,0,
traj_01451,gradual_approach_v3,20260823,71.27645703192117,1179.5182414996043,0.005552816303897309,0.5903931307270343,0.0017352550949679088,0.11865393721056239,0.005552816303714272,47.91850871116392,71.27645703192117,0.7869007804502424,False,,True,validity_envelope_gamma_exceeded,714,7.13,0,
traj_01452,gradual_approach_v3,20260823,52.32735258914661,568.0042718062309,0.04144223651338892,0.38058529567383326,0.012950698910434039,0.04144223651338892,-0.054009982916336574,52.32735258913925,93.49804559807683,0.613012148935536,False,,False,completed_normally,2001,20.0,0,
traj_01453,gradual_approach_v3,20260823,42.36852055615526,1972.8104677557126,0.0816695866316404,0.3259866336651693,0.025521745822387622,0.36260769089621664,0.037995267406302935,17.591778368707768,64.37438236031413,0.602302286478253,True,7.0,False,completed_normally,2001,20.0,0,
traj_01454,gradual_approach_v3,20260823,42.67029310748541,744.3203957645679,0.08004122455616669,0.3268398950784057,0.02501288267380209,0.0800412245562526,-0.044873581365643456,42.67029310748541,75.6636602613562,0.5793019945942112,False,,False,completed_normally,2001,20.0,0,
traj_01455,gradual_approach_v3,20260823,44.34646287093118,1554.7434303835075,0.0715662042487682,0.3326245399553591,0.02236443882774006,0.0715662042487682,-0.06226966912048082,44.34646287092262,82.10667143149553,0.6587302452352425,False,,False,completed_normally,2001,20.0,0,
traj_01456,gradual_approach_v3,20260823,56.10972116830198,876.8068473540393,0.031348595101789736,0.41296367829705066,0.009796435969309293,0.20025594953837894,0.03134859510173497,19.306619815818387,56.10972116830198,0.676740606054402,False,,False,completed_normally,2001,20.0,0,
traj_01457,gradual_approach_v3,20260823,69.7041314541105,977.8757273671065,0.007478619548286214,0.5688592564732873,0.002337068608839442,0.0074786195483959,-0.0793778119177922,69.7041314541105,90.06726900107887,0.7860894764532114,False,,True,validity_envelope_gamma_exceeded,1085,10.84,0,
traj_01458,normal,20260823,62.49461125304464,1839.5052047859433,0.0182258110261637,0.47907382692100325,0.005695565945676156,0.05254877182676568,0.007371751962793577,57.46608253117398,62.49461125304464,0.13891432173905788,False,,False,completed_normally,2001,20.0,0,
traj_01459,stall,20260823,60.39288340287454,1168.577816589628,0.02209556567920733,0.4558334504817556,0.006904864274752291,0.30321550585903,0.02209556567920733,52.084571182787,60.39288340288076,0.7863509661268853,True,3.96,True,validity_envelope_gamma_exceeded,443,4.42,0,
traj_01460,normal,20260823,60.35448192335291,1431.6092480649772,0.022170002533676316,0.45542187736587625,0.006928125791773849,0.055697126258629784,-0.012107019386931567,55.01123241124499,64.68253152343324,0.15278200311502899,False,,False,completed_normally,2001,20.0,0,
traj_01461,gradual_approach_v3,20260823,71.05455455204623,917.5649301516237,0.0058169542817772864,0.5873133150587811,0.001817798213055402,0.005816954281831245,-0.0687472699063334,71.05455455204623,90.98246679059933,0.7856086087843152,False,,True,validity_envelope_gamma_exceeded,1085,10.84,0,
traj_01462,gradual_approach_v3,20260823,70.09971361065203,512.1671016304163,0.006982007188371069,0.5742134465924096,0.002181877246365959,0.006982007188371069,-0.08785561809715348,70.09971361065203,90.84832611354777,0.7870469220588794,False,,True,validity_envelope_gamma_exceeded,818,8.17,0,
traj_01463,gradual_approach_v3,20260823,48.36598524341843,1628.963171962086,0.05458950283009423,0.35295032309586544,0.017059219634404446,0.05458950283009423,-0.057157110611230466,48.36598524339712,87.24814613686571,0.6043168126171614,False,,False,completed_normally,2001,20.0,0,
traj_01464,gradual_approach_v3,20260823,35.20806882751398,824.6837166185958,0.13235060458160655,0.32662291993529324,0.04135956393175205,0.13235060458164594,-0.012761745960941318,35.20806882751398,61.55929924138934,0.4623320015131798,False,,False,completed_normally,2001,20.0,0,
traj_01465,gradual_approach_v3,20260823,38.85422208787473,882.4438658251993,0.10333016950160834,0.3208157477419552,0.032290677969252606,0.10333016950160834,-0.02593642725341716,38.85422208786651,70.97683692077986,0.5531625322696992,False,,False,completed_normally,2001,20.0,0,
traj_01466,gradual_approach_v3,20260823,49.46263951586416,1032.7765365851176,0.050640071924655444,0.3599024703272723,0.015825022476454828,0.27683026948896494,0.05063146069878799,15.786909743697768,49.46263951589142,0.715067819423217,False,,False,completed_normally,2001,20.0,0,
traj_01467,gradual_approach_v3,20260823,61.55674993850174,681.7985023225484,0.01990433451749981,0.4685311960942277,0.006220104536718691,0.12348600989849978,0.01990433451734475,26.30549057587225,61.55674993850174,0.6012369587202915,False,,False,completed_normally,2001,20.0,0,
traj_01468,gradual_approach_v3,20260823,62.160224875514565,905.6891142972204,0.01881567819343571,0.47528353123893036,0.005879899435448659,0.16246465072873917,0.01881567819343571,37.226488413805136,62.160224875516995,0.7857076848532051,False,,True,validity_envelope_gamma_exceeded,899,8.98,0,
traj_01469,gradual_approach_v3,20260823,61.67046890773185,1678.12962095644,0.019696773796715732,0.4697948900134977,0.006155241811473667,0.20221093339001295,0.019696773796715732,18.610119777268,61.670468907736435,0.7767172388985208,False,,False,completed_normally,2001,20.0,0,
traj_01470,gradual_approach_v3,20260823,33.18043866097888,754.3772623971123,0.15226576098119327,0.3361766933627913,0.047583050306622895,0.4809541939132549,0.12013767221982702,23.20516171006235,40.48215623360353,0.2913660822469398,True,7.66,False,completed_normally,2001,20.0,0,
traj_01471,gradual_approach_v3,20260823,54.2218794688324,1870.379606774244,0.03612756458341988,0.39612106915119166,0.011289863932318712,0.1468336738681515,0.03612756458339396,26.531007246842453,54.2218794688324,0.5029519710048412,False,,False,completed_normally,2001,20.0,0,
traj_01472,gradual_approach_v3,20260823,37.69480049463958,1106.582060709399,0.11173470894464638,0.321276090903143,0.03491709654520199,0.31967571873059136,0.08122074903323495,19.264360325783645,46.19270859804838,0.4943923988064467,True,11.14,False,completed_normally,2001,20.0,0,
traj_01473,gradual_approach_v3,20260823,70.26252771247776,1599.7870232982573,0.006780018833027404,0.5764295885347421,0.002118755885321064,0.006780018833073195,-0.054096612262856114,70.26252771247776,122.83759471939749,0.7213835266631604,False,,False,completed_normally,2001,20.0,0,
traj_01474,gradual_approach_v3,20260823,33.69639469865872,1246.9371152096521,0.1468987538891274,0.3332463839456158,0.04590586059035231,0.4856214387079959,0.10222756186329444,21.506359300063362,45.24839753028208,0.3596709295953996,True,4.4,False,completed_normally,2001,20.0,0,
traj_01475,stall,20260823,32.95120011107719,1271.5108094427237,0.15472111536476923,0.337596217400589,0.04835034855149038,0.1547211153647818,-0.18527261705606857,32.95120011107719,39.33825585713325,0.7862011722324018,False,,True,validity_envelope_gamma_exceeded,660,6.59,0,
traj_01476,normal,20260823,30.955778071153002,892.1515602119732,0.17815428039316125,0.353313468709585,0.05567321262286289,0.17994424109889604,0.1759984000036712,30.69287135159137,31.305136350409313,0.012387394293670227,False,,False,completed_normally,2001,20.0,0,
traj_01477,gradual_approach_v3,20260823,34.17462985995381,1305.9881601499146,0.14211285722931655,0.33084468752343277,0.04441026788416142,0.525013237905753,0.10129477539857741,22.4833245672404,44.88340981777834,0.33928387776406166,True,9.27,False,completed_normally,2001,20.0,0,
traj_01478,gradual_approach_v3,20260823,39.93528250042647,1250.9194197464699,0.09609531592702053,0.32141185971292247,0.030029786227193916,0.32223867472959766,0.0681200461333259,19.651069910941995,48.659469265776096,0.5121867273178249,True,9.43,False,completed_normally,2001,20.0,0,
traj_01479,gradual_approach_v3,20260823,71.6936385134975,1522.3996199341218,0.005062790194289036,0.5962192111613636,0.0015821219357153237,0.005062790194289036,-0.08872940031041049,71.69363851349043,91.4993754138945,0.7858929968910636,False,,True,validity_envelope_gamma_exceeded,1042,10.41,0,
traj_01480,stall,20260823,49.85047375314197,1983.060485390624,0.049303715638392226,0.3624934628388851,0.01540741113699757,0.7944881633906153,0.04651438403797209,30.8790437414228,50.32111983343508,0.4475259354244282,True,5.5600000000000005,False,completed_normally,2001,20.0,0,
traj_01481,stall,20260823,34.702111312183966,1195.3238125162623,0.13703420226942678,0.328529641138867,0.04282318820919587,0.9237823901081994,-0.2621323524529554,33.93759844420529,49.07049879617117,0.7883032947381311,True,4.9,True,validity_envelope_gamma_exceeded,1139,11.38,0,
traj_01482,gradual_approach_v3,20260823,40.89807177108194,616.6819005837051,0.09009746790980805,0.32271206937517966,0.028155458721815015,0.09009746790980805,-0.017135640081713532,40.89807177108194,64.87540379699813,0.4260642976455213,False,,False,completed_normally,2001,20.0,0,
traj_01483,gradual_approach_v3,20260823,55.32914004403681,1740.9141609236174,0.033266395179868055,0.4058400078923981,0.010395748493708768,0.19110576374220128,0.03326639517973772,20.094694394172507,55.32914004403681,0.6852945829173384,False,,False,completed_normally,2001,20.0,0,
traj_01484,gradual_approach_v3,20260823,41.6603745439049,1724.6380460472606,0.08562318189270038,0.3242226829915665,0.02675724434146887,0.08562318189283784,-0.02665389758464648,41.6603745439049,73.04255637694405,0.538380496897617,False,,False,completed_normally,2001,20.0,0,
traj_01485,gradual_approach_v3,20260823,30.965130616350752,1307.3433856520787,0.1780348774858916,0.3532245914332814,0.05563589921434113,0.38846190612653553,0.14771341056872048,24.551762200977684,36.69294378968073,0.19932563031014794,True,5.13,False,completed_normally,2001,20.0,0,
traj_01486,gradual_approach_v3,20260823,59.17863827251346,1674.56808906067,0.02451884492051961,0.44305209199295065,0.007662139037662378,0.02451884492057265,-0.06547952910490085,59.17863827251346,107.88778013611488,0.6999117808715907,False,,False,completed_normally,2001,20.0,0,
traj_01487,normal,20260823,45.90631107991991,878.8547589623704,0.06446592022614972,0.33949325601104663,0.020145600070671787,0.06446592022614972,0.03784831302143798,45.906311079913536,50.7787360059864,0.10053181526282118,False,,False,completed_normally,2001,20.0,0,
traj_01488,gradual_approach_v3,20260823,32.07937583051826,1418.2904036159814,0.16448245748084342,0.34369287100733154,0.05140076796276356,0.4974179995448874,0.12931476276245452,23.646981806767247,39.59643383367285,0.25616368124929606,True,6.79,False,completed_normally,2001,20.0,0,
traj_01489,gradual_approach_v3,20260823,48.77412444346889,1988.8075192428082,0.053089360031310415,0.35547207290687466,0.016590425009784502,0.19829832297232575,0.035617657974855776,21.72823865124596,56.17022357611939,0.5638158412577948,False,,False,completed_normally,2001,20.0,0,
traj_01490,gradual_approach_v3,20260823,43.80217907335234,1707.0465465709303,0.07421654813941056,0.3305574738327224,0.023192671293565798,0.28136953049797697,0.03513533876902347,17.879038653116545,63.87614814642537,0.6077905782296261,True,7.29,False,completed_normally,2001,20.0,0,
traj_01491,gradual_approach_v3,20260823,51.199580295406214,1627.8084561257194,0.04488364281903044,0.3720240882741079,0.014026138380947014,0.04488364281903195,-0.06677812840310737,51.199580295406214,99.70117793274387,0.7523508858887585,False,,False,completed_normally,2001,20.0,0,
traj_01492,gradual_approach_v3,20260823,62.99631303824208,1602.2468773651724,0.017358129745494447,0.48482533102448344,0.005424415545467015,0.017358129745679036,-0.0763805200348861,62.99631303824208,84.64854041360604,0.7862256882096793,False,,True,validity_envelope_gamma_exceeded,1117,11.16,0,
traj_01493,gradual_approach_v3,20260823,63.21109602228599,1705.7799602801792,0.01699288910525461,0.48731116768724625,0.005310277845392066,0.14437542408870954,0.01699288910525461,23.494753603124384,63.21109602230845,0.6914749115777143,False,,False,completed_normally,2001,20.0,0,
traj_01494,gradual_approach_v3,20260823,44.220649655359686,867.1751540783732,0.07217052376405514,0.33213109163524324,0.022553288676267234,0.07217052376405514,-0.06338195491115128,44.220649655358535,85.8140560442127,0.7095752222917575,False,,False,completed_normally,2001,20.0,0,
traj_01495,gradual_approach_v3,20260823,53.22836350324254,699.2030637062304,0.038845291975022,0.38779776965789287,0.012139153742194373,0.2888840816226218,0.038845291975022,14.944456936568175,53.22836350327591,0.7620004677253189,True,14.76,False,completed_normally,2001,20.0,0,
traj_01496,stall,20260823,51.02908702081501,1258.1288982466385,0.04542339802022355,0.37077619349545504,0.014194811881319859,0.9197241218510136,0.03993777125204939,40.937863849740346,54.09812110596438,0.3320564339748222,True,5.51,False,completed_normally,2001,20.0,0,
traj_01497,gradual_approach_v3,20260823,55.5593733792281,1513.4255182731495,0.03269247172360745,0.40791805733724656,0.010216397413627329,0.18936599628332312,0.02481773939688736,20.203318638152272,56.426340512342804,0.6997319438977196,False,,False,completed_normally,2001,20.0,0,
traj_01498,gradual_approach_v3,20260823,57.557361745746356,1911.791481202248,0.027992916585454723,0.42675158774083083,0.008747786432954601,0.02799291658545762,-0.04765387523338438,57.557361745746356,98.61704140514425,0.5878566986857403,False,,False,completed_normally,2001,20.0,0,
traj_01499,gradual_approach_v3,20260823,62.952617128257124,1009.961332676548,0.017432887341476345,0.484321331692792,0.0054477772942113575,0.15718984659067003,0.017432887341354064,41.08837427035143,62.952617128257124,0.7855315649807595,False,,True,validity_envelope_gamma_exceeded,911,9.1,0,
traj_01500,normal,20260823,50.145389876445236,1565.6112821449115,0.04830768995439867,0.36450882508417826,0.015096153110749584,0.07375167656649374,0.019976099476854983,45.4221664921715,56.90286867262824,0.1702541286266682,False,,False,completed_normally,2001,20.0,0,
traj_01501,gradual_approach_v3,20260823,53.21292691131408,909.3791617887512,0.038888699074635345,0.387671481153835,0.012152718460823544,0.17004682888110811,0.031046225677833994,22.242716731619833,54.715199340508114,0.5843775321979059,False,,False,completed_normally,2001,20.0,0,
traj_01502,gradual_approach_v3,20260823,62.98998876201828,585.6143327710345,0.0173689401909926,0.484752349133813,0.005427793809685188,0.017368940191025896,-0.05718384242609176,62.98998876201828,112.07411818534106,0.6906100026598683,False,,False,completed_normally,2001,20.0,0,
traj_01503,gradual_approach_v3,20260823,52.142199760055696,705.2406668770326,0.041992281536332526,0.37914370279578263,0.013122587980103914,0.16896762840658874,0.03167534094646113,23.783712066161726,55.851249678207125,0.5536608454464879,False,,False,completed_normally,2001,20.0,0,
traj_01504,gradual_approach_v3,20260823,72.48674559458871,1584.8140641431219,0.004154199412974803,0.6074239835983377,0.0012981873165546257,0.004154199413103951,-0.08793955546210563,72.48674559458871,87.7802442078803,0.7873055087488171,False,,True,validity_envelope_gamma_exceeded,1199,11.98,0,
traj_01505,gradual_approach_v3,20260823,47.43369972326609,556.1153241946303,0.058158228923795734,0.3474909011425764,0.018174446538686165,0.05815822892390777,-0.055342060332173815,47.43369972326609,87.38789919509426,0.6538319063166395,False,,False,completed_normally,2001,20.0,0,
traj_01506,gradual_approach_v3,20260823,54.15482913582559,1310.1824835723962,0.036306374119842666,0.395547374110592,0.011345741912450833,0.2146644056797707,0.03194821376621981,18.537887896751492,54.15482913582644,0.6940128945425759,False,,False,completed_normally,2001,20.0,0,
traj_01507,normal,20260823,48.56050018698821,1128.544928941793,0.05386996520497822,0.35414233065474304,0.016834364126555694,0.07572992589381597,0.05386996520490402,42.55990886529822,48.56050018698821,0.11760620905548708,False,,False,completed_normally,2001,20.0,0,
traj_01508,normal,20260823,52.4298709720583,1467.9389651053414,0.04114012903700298,0.3813895002125795,0.012856290324063432,0.04166564935294533,0.040704038108193626,52.13339002252503,52.68416194010701,0.005217371525495139,False,,False,completed_normally,2001,20.0,0,
traj_01509,gradual_approach_v3,20260823,40.774484816274764,1576.254178731241,0.09084516537526649,0.32250644934771433,0.028389114179770778,0.2717702975524089,0.08629671389881499,21.15050108643684,40.77448481628806,0.47884355559785075,False,,False,completed_normally,2001,20.0,0,
traj_01510,gradual_approach_v3,20260823,49.87553387196563,571.0638342766509,0.04921840956640844,0.36266320881919883,0.015380752989502637,0.049218409566555744,-0.05760499094135596,49.87553387196563,86.73088575922631,0.5983666955260281,False,,False,completed_normally,2001,20.0,0,
traj_01511,gradual_approach_v3,20260823,43.05888525381865,517.2929268349767,0.07799213917366277,0.3280254375143528,0.024372543491769615,0.07799213917372058,-0.05901539860198901,43.05888525381865,67.6917599364603,0.7857860234151605,False,,True,validity_envelope_gamma_exceeded,956,9.55,0,
traj_01512,gradual_approach_v3,20260823,67.70689600497488,803.7307344868999,0.010118854546338932,0.5424889583163686,0.0031621420457309166,0.010118854546338932,-0.0689701316816872,67.70689600497488,125.9320345659176,0.7755988560013445,False,,True,ground_contact,1951,19.5,0,
traj_01513,gradual_approach_v3,20260823,38.42922258447836,908.6209088044776,0.1063299990446944,0.320847229940965,0.03322812470146699,0.26017212788225563,0.07004452773840864,22.40839640602216,50.97232679884664,0.4101155465530692,False,,False,completed_normally,2001,20.0,0,
traj_01514,gradual_approach_v3,20260823,62.91205760449481,822.1020076113684,0.01750241671112439,0.483854031007708,0.005469505222226371,0.01750241671112439,-0.07909189210836975,62.912057604494585,81.61062972665188,0.7854651222363053,False,,True,validity_envelope_gamma_exceeded,712,7.11,0,
traj_01515,gradual_approach_v3,20260823,40.900665254460414,1756.7093843653472,0.09008184555581011,0.32271650378470396,0.02815057673619066,0.23614864625648158,0.0633859637347784,22.277372183493625,50.228750041344966,0.44860420237356824,False,,False,completed_normally,2001,20.0,0,
traj_01516,gradual_approach_v3,20260823,58.532378336191826,804.9470670448961,0.02586960521200086,0.43644802672206157,0.00808425162875027,0.13051310557847107,0.025869605211939543,25.829233451253373,58.532378336191826,0.5485930722777326,False,,False,completed_normally,2001,20.0,0,
traj_01517,gradual_approach_v3,20260823,30.33206060230715,1284.2162412100035,0.18635315965826815,0.35959634429271886,0.0582353623932088,0.28584471796950806,0.032615679883140736,19.38812998782899,46.87003696589911,0.4796516167258852,True,19.91,False,completed_normally,2001,20.0,0,
traj_01518,gradual_approach_v3,20260823,74.34104647361079,1299.7005728248644,0.00214119047785732,0.6342722320993742,0.0006691220243304124,0.10917085505507726,0.00214119047785732,26.79345618017577,74.34104647363583,0.7323856723872448,False,,False,completed_normally,2001,20.0,0,
traj_01519,gradual_approach_v3,20260823,38.995829464205954,1114.8385174919965,0.10235067741876067,0.32083936987050365,0.03198458669336271,0.10235067741876067,-0.05235572642609099,38.9958294641941,74.79612734398688,0.6545735813647513,False,,False,completed_normally,2001,20.0,0,
traj_01520,gradual_approach_v3,20260823,42.34552603370712,1590.9792022080107,0.08179502114949092,0.3259240691282314,0.02556094410921591,0.08179502114949092,-0.038091167412989846,42.345526033699635,72.06795645425376,0.52332920388415,False,,False,completed_normally,2001,20.0,0,
traj_01521,gradual_approach_v3,20260823,51.806334856194,1679.0980682926117,0.04300482066940084,0.37656454593471644,0.013439006459187762,0.04300482066940084,-0.05250956962495801,51.80633485619002,93.5750235787604,0.6410327073466066,False,,False,completed_normally,2001,20.0,0,
traj_01522,gradual_approach_v3,20260823,45.953958724990144,666.5213731934136,0.06425992603886813,0.3397242621782934,0.02008122688714629,0.06425992603897634,-0.04548094973360717,45.953958724990144,80.86825711622785,0.5775020984031906,False,,False,completed_normally,2001,20.0,0,
traj_01523,gradual_approach_v3,20260823,37.286254770264044,1891.5185092042038,0.11486802450440353,0.3217286978660151,0.0358962576576261,0.11486802450440353,-0.024429354871081554,37.286254770248966,68.71474861963571,0.5598147503008593,False,,False,completed_normally,2001,20.0,0,
traj_01524,gradual_approach_v3,20260823,61.901962597175775,856.5964263074209,0.01927773254012706,0.4723798780486202,0.006024291418789706,0.15490194992671635,0.01927773254012706,38.610157039504365,61.901962597175846,0.7864421315306218,False,,True,validity_envelope_gamma_exceeded,752,7.51,0,
traj_01525,gradual_approach_v3,20260823,70.75379751794796,1888.7403497710754,0.006178890460109204,0.5831603456092846,0.0019309032687841261,0.11495112615232184,0.006178890460054062,49.63521809794133,70.75379751794796,0.7863575872347373,False,,True,validity_envelope_gamma_exceeded,1146,11.450000000000001,0,
traj_01526,gradual_approach_v3,20260823,59.08831586397942,1497.3396129512255,0.024705007901549305,0.4421207172167233,0.007720314969234158,0.024705007901649555,-0.07781677358870898,59.08831586397942,81.76228774203436,0.7856113305595998,False,,True,validity_envelope_gamma_exceeded,732,7.3100000000000005,0,
traj_01527,gradual_approach_v3,20260823,63.329560945212954,1306.726288053456,0.01679300677965406,0.48868826051970243,0.005247814618641893,0.12923704425206495,0.01679300677965406,25.28699895059113,63.329560945212954,0.660406128723472,False,,False,completed_normally,2001,20.0,0,
traj_01528,gradual_approach_v3,20260823,39.84020529238636,1835.3004225397278,0.09670973688259688,0.32132184721436036,0.030221792775811523,0.29946363178241653,0.08893034037404035,19.530096755262736,40.38931692583726,0.514627997622089,True,11.790000000000001,False,completed_normally,2001,20.0,0,
traj_01529,gradual_approach_v3,20260823,56.829990761199525,927.1313150391832,0.02964745729241212,0.4197314872643958,0.009264830403878788,0.02964745729241212,-0.0420677959371456,56.82999076118237,96.89589590593266,0.5728837181371738,False,,False,completed_normally,2001,20.0,0,
traj_01530,normal,20260823,30.95710744508702,1858.4586047378527,0.17813730231203043,0.3533008262821235,0.05566790697250951,0.17953448245645565,0.17631885951359474,30.73729645072324,31.248649825239816,0.008737148113717785,False,,False,completed_normally,2001,20.0,0,
traj_01531,gradual_approach_v3,20260823,67.7976246731268,1219.1447522065362,0.009993889473678949,0.5436626681062471,0.0031230904605246716,0.12026219215989187,0.009993889473678949,44.32744280602732,67.79762467312769,0.7854706380946328,False,,True,validity_envelope_gamma_exceeded,851,8.5,0,
traj_01532,gradual_approach_v3,20260823,34.788529536867024,933.2188751048495,0.13622146614296782,0.32818262235896634,0.04256920816967744,0.13622146614309713,-0.009310780267666297,34.788529536867024,61.21897828210898,0.4957968287096704,False,,False,completed_normally,2001,20.0,0,
traj_01533,gradual_approach_v3,20260823,34.28246558970161,1609.6404304663317,0.14105786240790885,0.3303434532628724,0.044080582002471516,0.1410578624079766,-0.008237302002650437,34.28246558970161,55.79169794749624,0.42867831909722265,False,,False,completed_normally,2001,20.0,0,
traj_01534,normal,20260823,41.66285021500918,1910.9218946953583,0.08560902728293657,0.3242282548353823,0.026752821025917677,0.08560902728304409,0.04245661784784806,41.66285021500918,50.02111679858055,0.15175396794519663,False,,False,completed_normally,2001,20.0,0,
traj_01535,gradual_approach_v3,20260823,41.09776907011469,1060.892477326169,0.08890267316413203,0.32306777954370036,0.02778208536379126,0.08890267316416596,-0.061152690790927444,41.09776907011469,84.06061721757654,0.7392401220795921,False,,False,completed_normally,2001,20.0,0,
traj_01536,gradual_approach_v3,20260823,38.38463041893801,1369.2012272163827,0.10665007179195554,0.3208595763220845,0.033328147434986105,0.10665007179201501,-0.022740500544061182,38.38463041893801,67.5013519438257,0.5681275973760312,False,,False,completed_normally,2001,20.0,0,
traj_01537,gradual_approach_v3,20260823,59.43803769373209,522.4227222605501,0.023988840584899574,0.44574196103137925,0.007496512682781117,0.14999106142360452,0.023988840584899574,35.63518655431671,59.43803769373553,0.785672999692171,False,,True,validity_envelope_gamma_exceeded,1033,10.32,0,
traj_01538,gradual_approach_v3,20260823,65.73685528062826,1696.8278926424023,0.012959726443959069,0.5175828443314713,0.004049914513737209,0.012959726443961133,-0.08778060239502772,65.73685528062826,84.72226737052748,0.7866196765632538,False,,True,validity_envelope_gamma_exceeded,1102,11.01,0,
traj_01539,normal,20260823,62.80853835055834,835.9836094608092,0.017680478429227584,0.48266363337669266,0.00552514950913362,0.017680478429227584,-0.010932887228258553,62.80853835055307,82.98217932571525,0.2568383585819061,False,,False,completed_normally,2001,20.0,0,
traj_01540,gradual_approach_v3,20260823,72.78731017665868,1802.3492329745516,0.003817532109438619,0.6117141168587287,0.0011929787841995685,0.07615068695931955,0.003817532109438619,33.137467785336376,72.78731017666803,0.6034467513219831,False,,False,completed_normally,2001,20.0,0,
traj_01541,gradual_approach_v3,20260823,64.97517733516094,978.7679739864751,0.014127165638216886,0.5082546046611576,0.0044147392619427765,0.01412716563827653,-0.07892889461806707,64.97517733516094,84.01430910276714,0.7861793996436502,False,,True,validity_envelope_gamma_exceeded,893,8.92,0,
traj_01542,gradual_approach_v3,20260823,34.257882145522885,1147.4306334529635,0.14129760288490625,0.33045643800979885,0.0441555009015332,0.3171443162691536,0.10155721206752208,22.891477676596548,44.67843167979134,0.324479959785047,True,7.46,False,completed_normally,2001,20.0,0,
traj_01543,gradual_approach_v3,20260823,30.801196308844503,1620.6939135156856,0.18014247480376527,0.3548048812156192,0.05629452337617665,0.5614886004076147,0.14215910903222032,23.996455797931564,38.1706155587781,0.2561460417475371,True,3.94,False,completed_normally,2001,20.0,0,
traj_01544,gradual_approach_v3,20260823,61.292421321647886,1918.514611460552,0.02039120092213047,0.46560959857435413,0.006372250288165772,0.02039120092213047,-0.06906832038593935,61.29242132164757,82.15293941306159,0.7859902003390781,False,,True,validity_envelope_gamma_exceeded,959,9.58,0,
traj_01545,gradual_approach_v3,20260823,52.54276373828155,674.3118813805144,0.04080945033844639,0.3822800105136949,0.012752953230764497,0.04080945033852232,-0.07411368902889715,52.54276373828155,73.32427677626123,0.7861377269479676,False,,True,validity_envelope_gamma_exceeded,1180,11.790000000000001,0,
traj_01546,stall,20260823,44.51260882351667,725.8174985490682,0.0707756677684235,0.3332903894558446,0.022117396177632347,0.8831527721661544,0.06319777119224902,39.56985940512206,44.51260882354351,0.22227801574219974,True,6.5,False,completed_normally,2001,20.0,0,
traj_01547,gradual_approach_v3,20260823,35.546182688284105,1013.7757020834479,0.12931892244114213,0.32551293126704683,0.04041216326285692,0.3885427998972946,0.08273346200332544,20.62599646829083,49.84606407821376,0.4192381276113332,True,7.18,False,completed_normally,2001,20.0,0,
traj_01548,gradual_approach_v3,20260823,50.48844516865631,626.246228535971,0.04717043333762759,0.36690151269013743,0.014740760418008621,0.24592498944267663,0.023827649845379995,17.12822279007712,62.14398244226779,0.6830619045144435,False,,False,completed_normally,2001,20.0,0,
traj_01549,gradual_approach_v3,20260823,57.40141794614332,1549.0837360867115,0.028342433671860602,0.4252310024779142,0.008857010522456438,0.028342433671860602,-0.07989628059180715,57.40141794613534,76.88979623004673,0.7876878399933038,False,,True,validity_envelope_gamma_exceeded,881,8.8,0,
traj_01550,gradual_approach_v3,20260823,55.7970547694327,872.3728148659789,0.032107289841454355,0.4100836568627829,0.010033528075454486,0.1658000836622987,0.032107289841454355,22.522996356913474,55.79705476943402,0.6544427059731929,False,,False,completed_normally,2001,20.0,0,
traj_01551,gradual_approach_v3,20260823,59.5221439220668,1872.6105737902756,0.02381845929593206,0.4466188788121814,0.0074432685299787695,0.18625926814812246,0.02381845929593206,19.98893368514768,59.52214392206796,0.7440751123849872,False,,False,completed_normally,2001,20.0,0,
traj_01552,stall,20260823,73.87929194299845,1589.399169476398,0.0026284550084801055,0.6275018765172232,0.000821392190150033,0.0026284550084801055,-0.27807738286730743,73.87929194298911,74.32242023308113,0.7894521557765125,False,,True,validity_envelope_gamma_exceeded,447,4.46,0,
traj_01553,gradual_approach_v3,20260823,42.15381465616701,1500.0079215153119,0.0828483870152382,0.3254161179179984,0.025890120942261938,0.0828483870152382,-0.03806139729116054,42.153814656158744,80.14793094228027,0.6330912258845347,False,,False,completed_normally,2001,20.0,0,
traj_01554,gradual_approach_v3,20260823,74.71986730457313,1026.6280552308701,0.0017481073681080202,0.6398682038666657,0.0005462835525337563,0.08075856099414352,0.001748107367932008,49.271355117086365,74.71986730457313,0.7858757395953082,False,,True,validity_envelope_gamma_exceeded,1138,11.370000000000001,0,
traj_01555,gradual_approach_v3,20260823,73.64582866925464,636.2225729347836,0.0028782794180049745,0.6241000663530167,0.0008994623181265546,0.10429916588953547,0.002878279417821632,53.003742488520075,73.64582866925464,0.7874112491317319,False,,True,validity_envelope_gamma_exceeded,1093,10.92,0,
traj_01556,stall,20260823,59.25672217695398,1969.532068625268,0.02435858224927914,0.4438594488803691,0.00761205695289973,0.9537316292601403,0.02435858224927914,35.29404281483601,59.25672217695815,0.500483530432242,True,6.4,False,completed_normally,2001,20.0,0,
traj_01557,gradual_approach_v3,20260823,44.607962051854244,1241.7475894089669,0.07032579019274571,0.3336797815386181,0.021976809435233034,0.2790728643191595,0.03976664755486986,18.21689565500385,58.094389423798056,0.6054685526192083,False,,False,completed_normally,2001,20.0,0,
traj_01558,gradual_approach_v3,20260823,43.16632197938839,507.2024921945907,0.07743489015730584,0.3283701728186337,0.024198403174158074,0.20759732078800192,0.06708894175705948,23.325143083396302,45.67562677836452,0.44863734124687704,False,,False,completed_normally,2001,20.0,0,
traj_01559,stall,20260823,46.85121657048282,1592.6838675216045,0.060493448268188504,0.344298802968747,0.018904202583808906,0.060493448268298264,-0.28058655794950504,46.85121657048282,49.54342344965581,0.787513744988555,True,2.77,True,validity_envelope_gamma_exceeded,279,2.7800000000000002,0,
traj_01560,gradual_approach_v3,20260823,35.041521775763044,1460.6919662476885,0.1338725582610359,0.3272175326952945,0.04183517445657372,0.39009549557809164,0.1211043317545634,23.441139846204184,37.657019969558604,0.3228407064672385,True,11.86,False,completed_normally,2001,20.0,0,
traj_01561,gradual_approach_v3,20260823,48.175596759922165,728.3954137827764,0.055301989345963504,0.351801100205361,0.017281871670613593,0.18018575925161323,0.055301989345963504,23.484920973593148,48.17559675993994,0.4788266316278069,False,,False,completed_normally,2001,20.0,0,
traj_01562,gradual_approach_v3,20260823,63.69307403375378,1909.6765100770108,0.01618652325755751,0.4929404840082934,0.005058288517986722,0.1867172378998834,0.016186523257554025,19.55368831579089,63.69307403375378,0.7561862296009079,False,,False,completed_normally,2001,20.0,0,
traj_01563,normal,20260823,61.55537694998241,1634.015733959587,0.019906847443975115,0.46851596369464854,0.006220889826242223,0.02021369453439906,0.019813647677813278,61.291782545880785,61.640505018036166,0.0034302343985150685,False,,False,completed_normally,2001,20.0,0,
traj_01564,gradual_approach_v3,20260823,69.81152966952556,1145.7185331203698,0.007342965534624574,0.570308637938277,0.0022946767295701793,0.007342965534785338,-0.07956287831264308,69.81152966952556,88.21736605484725,0.7866244405428164,False,,True,validity_envelope_gamma_exceeded,751,7.5,0,
traj_01565,gradual_approach_v3,20260823,39.6285442307796,704.5709937745313,0.09809237082763347,0.32114699857854984,0.030653865883635462,0.3774836434017831,0.05329969920994976,19.19998239074637,58.28402018994446,0.5220037582813216,True,6.91,False,completed_normally,2001,20.0,0,
traj_01566,normal,20260823,54.212067427650716,912.2380221521478,0.03615369064018317,0.3960370084284541,0.011298028325057241,0.036712538337004566,0.03575903135946755,53.868211752534954,54.46412567123302,0.005462850109553939,False,,False,completed_normally,2001,20.0,0,
traj_01567,gradual_approach_v3,20260823,62.065252042694276,1262.9042548741397,0.018984931373891806,0.4742133325599274,0.005932791054341189,0.13560090943421643,0.018984931373891806,35.82375549574286,62.06525204269475,0.7859826282821928,False,,True,validity_envelope_gamma_exceeded,830,8.290000000000001,0,
traj_01568,gradual_approach_v3,20260823,31.654120591223087,1347.278439490635,0.16950322379254687,0.3470895862851917,0.0529697574351709,0.5176727707236332,0.13589825322089633,24.431708223659406,38.48010777032481,0.23060301479751705,True,7.57,False,completed_normally,2001,20.0,0,
traj_01569,gradual_approach_v3,20260823,33.59341271999153,1160.0880282655023,0.1479527562830353,0.3338026009919239,0.04623523633844854,0.3156588756090942,0.13101824921363928,23.328944972354833,37.02568680809942,0.29772218249763416,True,11.74,False,completed_normally,2001,20.0,0,
traj_01570,normal,20260823,65.38642626005462,1017.7017924778279,0.013491828339760217,0.5132700320562467,0.004216196356175068,0.014238138132075463,0.013491828339760217,64.64064405466353,65.39670336887276,0.009866317102442644,False,,False,completed_normally,2001,20.0,0,
traj_01571,gradual_approach_v3,20260823,64.33500258247595,502.5933202250517,0.015140230845956056,0.5005467180711626,0.004731322139361268,0.12735514658205582,0.015140230845912941,42.37616251244743,64.33500258247595,0.7868397682915571,False,,True,validity_envelope_gamma_exceeded,1028,10.27,0,
traj_01572,gradual_approach_v3,20260823,58.92622773752561,1339.3066267375555,0.025041204169423216,0.44045612343450985,0.007825376302944755,0.02504120416958336,-0.0565604378190705,58.92622773752561,102.22627091933923,0.6352711845544946,False,,False,completed_normally,2001,20.0,0,
traj_01573,gradual_approach_v3,20260823,60.24555176230691,1880.8603860761948,0.022381915433763146,0.45425699553578847,0.0069943485730509835,0.14440499340548618,0.022381915433763146,23.866327452679904,60.24555176230789,0.6491670995569131,False,,False,completed_normally,2001,20.0,0,
traj_01574,gradual_approach_v3,20260823,31.68951744367199,1630.7073624146674,0.16907844058154028,0.3467957963993701,0.05283701268173134,0.16907844058154028,0.006965020539159039,28.861934929244587,52.420370539041095,0.5641086090568266,False,,False,completed_normally,2001,20.0,0,
traj_01575,gradual_approach_v3,20260823,48.371746915933656,953.8904245810708,0.054568068343756354,0.3529853723186978,0.01705252135742386,0.22682146310238993,0.03485293077605045,19.366674533672906,56.41147098805189,0.6058912449751402,False,,False,completed_normally,2001,20.0,0,
traj_01576,gradual_approach_v3,20260823,53.65693991145267,832.7662597448364,0.037654775521721424,0.3913412978963102,0.011767117350537945,0.177558080357612,0.037654775521567804,22.33339526335623,53.65693991145267,0.6188170391379868,False,,False,completed_normally,2001,20.0,0,
traj_01577,gradual_approach_v3,20260823,72.044794147375,1611.1855124102424,0.0046568363929389,0.6011594712594412,0.0014552613727934062,0.08622648198812033,0.004656836392820457,31.05524036359426,72.044794147375,0.6329563076763363,False,,False,completed_normally,2001,20.0,0,
traj_01578,gradual_approach_v3,20260823,74.79616774432073,1365.2844721575516,0.0016696494993539998,0.6409998444123547,0.0005217654685481249,0.0016696494995501606,-0.07542639435113951,74.79616774432073,93.98944024970437,0.78749470273696,False,,True,validity_envelope_gamma_exceeded,763,7.62,0,
traj_01579,gradual_approach_v3,20260823,64.6869710404454,1612.5564521781723,0.014579569319625715,0.5047694745753041,0.004556115412383036,0.01457956931973766,-0.0817047672959959,64.6869710404454,85.11092232324599,0.7855583876765591,False,,True,validity_envelope_gamma_exceeded,781,7.8,0,
traj_01580,gradual_approach_v3,20260823,66.42979812237458,908.4911700470284,0.011931944418416298,0.5262161883695707,0.003728732630755093,0.11842332808290647,0.011931944418240461,26.347430998344986,66.42979812237458,0.6752455648358445,False,,False,completed_normally,2001,20.0,0,
traj_01581,normal,20260823,46.613387305040504,1786.3076163325002,0.06147136072971723,0.3430452450356039,0.019209800228036634,0.06217257533451374,0.06091661999606739,46.32527789153601,46.86047708088587,0.008147343661125786,False,,False,completed_normally,2001,20.0,0,
traj_01582,gradual_approach_v3,20260823,51.24475479408404,1431.6985426898243,0.04474150868175989,0.37235680367599505,0.013981721463049967,0.04474150868175989,-0.0542757133439683,51.244754794047246,96.73418141592433,0.6923374293943562,False,,False,completed_normally,2001,20.0,0,
traj_01583,normal,20260823,37.52046060362507,600.6175328293161,0.11306041603798536,0.3214500573981967,0.035331380011870424,0.1427781686748592,0.10404077043070711,34.345240496335876,39.97008380697464,0.08214047374446204,False,,False,completed_normally,2001,20.0,0,
traj_01584,gradual_approach_v3,20260823,32.251563176351084,860.5364343772451,0.16249940603402982,0.3423983351305218,0.05078106438563432,0.439336524878458,0.12757574339233518,23.981266776807498,39.78205536115249,0.24900527941132358,True,4.59,False,completed_normally,2001,20.0,0,
traj_01585,stall,20260823,38.296264817836395,892.7665223585755,0.10728737538324071,0.32088918990000026,0.03352730480726272,0.10728737538324071,-0.23782930120670098,38.29626481783375,42.67333982552007,0.7888761446737154,False,,True,validity_envelope_gamma_exceeded,744,7.43,0,
traj_01586,normal,20260823,33.97520321198122,1803.6933473501028,0.1440871269736216,0.331810387192638,0.04502722717925676,0.16462028952806618,0.14100590886429237,31.84404455813405,34.67123303576189,0.05854020474710507,False,,False,completed_normally,2001,20.0,0,
traj_01587,stall,20260823,39.32966444119788,1140.0400547138981,0.10008016323750643,0.32096101333713567,0.03127505101172076,1.0155404430365973,0.06258105434282588,37.95602736139134,51.40396079047491,0.38304392871039183,True,3.27,False,completed_normally,2001,20.0,0,
traj_01588,gradual_approach_v3,20260823,68.18822986089044,918.5735357223874,0.009461513393810104,0.548742231572854,0.0029567229355656577,0.11254057261958306,0.009461513393810104,26.983993174839913,68.18822986089044,0.6611183347033075,False,,False,completed_normally,2001,20.0,0,
traj_01589,gradual_approach_v3,20260823,62.2705636941046,599.0333058686193,0.018620000092690766,0.476530400604718,0.005818750028965864,0.1458549484323518,0.018620000092573984,39.817519932194706,62.2705636941046,0.7860575812664083,False,,True,validity_envelope_gamma_exceeded,975,9.74,0,
traj_01590,gradual_approach_v3,20260823,63.54656880618368,1342.2700521033037,0.01642971546111497,0.4912219152756461,0.005134286081598428,0.14331214220944333,0.01642971546111497,42.79598929200334,63.54656880621384,0.7858269642495174,False,,True,validity_envelope_gamma_exceeded,1194,11.93,0,
traj_01591,gradual_approach_v3,20260823,42.60186342358469,800.6912116403183,0.0804075915052789,0.32664119471312414,0.025127372345399655,0.08040759150533534,-0.05539439626971221,42.60186342358469,76.16451323222702,0.6004898599090825,False,,False,completed_normally,2001,20.0,0,
traj_01592,normal,20260823,48.22216223631151,682.5313219205651,0.05512697114324876,0.352080571394616,0.017227178482265237,0.05587020797805131,0.05428286302093623,47.878345512365215,48.61124987306242,0.007398381285170835,False,,False,completed_normally,2001,20.0,0,
traj_01593,gradual_approach_v3,20260823,41.13533295391685,1232.019268986238,0.08867975387620167,0.3231379022691905,0.02771242308631302,0.08867975387620167,-0.036809801405228604,41.135332953912204,71.29144455883275,0.5460920783750804,False,,False,completed_normally,2001,20.0,0,
traj_01594,gradual_approach_v3,20260823,43.731920192173675,910.6062936465137,0.07456558201501592,0.33030359342833293,0.023301744379692475,0.07456558201509113,-0.06759972717384088,43.731920192173675,85.76471920477185,0.7282009152811164,False,,False,completed_normally,2001,20.0,0,
traj_01595,gradual_approach_v3,20260823,35.46378723495543,1038.2283050121387,0.13005063594631025,0.32577158113259647,0.04064082373322195,0.13005063594631025,-0.0025822597922512958,35.46378723495184,61.506768459539266,0.5829175589597779,False,,False,completed_normally,2001,20.0,0,
traj_01596,gradual_approach_v3,20260823,64.01684413201558,1359.7144530566118,0.015654917406629335,0.49676139463256774,0.004892161689571667,0.1175021041512193,0.015654917406550294,26.798395825338073,64.01684413201558,0.6439963785569908,False,,False,completed_normally,2001,20.0,0,
traj_01597,gradual_approach_v3,20260823,62.66556677737783,1439.9971315949572,0.017927835493036687,0.4810249699280567,0.005602448591573965,0.017927835493188524,-0.08514865389303539,62.66556677737783,80.88709776532886,0.7856291644014857,False,,True,validity_envelope_gamma_exceeded,910,9.09,0,
traj_01598,gradual_approach_v3,20260823,58.11839139139403,989.9083469849194,0.026758304049673835,0.43229136623833786,0.008361970015523074,0.141244848971329,0.02451079407207779,24.54406404087256,58.11839139139403,0.6048572503687457,False,,False,completed_normally,2001,20.0,0,
traj_01599,gradual_approach_v3,20260823,33.66790737313709,627.4853846892132,0.1471894718974374,0.3333988400307323,0.04599670996794919,0.14718947189748477,-0.013731504278869544,33.512213126860495,58.826073509542034,0.6230111342109521,False,,False,completed_normally,2001,20.0,0,
traj_01600,normal,20260823,41.08054177164964,1386.0424037120388,0.0890050993607168,0.3230359591151029,0.027814093550223996,0.09083442160652336,0.08771843013702132,40.51695699570945,41.47365977466186,0.014518004370524891,False,,False,completed_normally,2001,20.0,0,
traj_01601,gradual_approach_v3,20260823,66.77987378878821,780.5494908012801,0.01142469496356325,0.5306304722635954,0.0035702171761135154,0.01142469496356325,-0.07537419367508258,66.77987378876301,85.05011813555736,0.7864277794014914,False,,True,validity_envelope_gamma_exceeded,1118,11.17,0,
traj_01602,gradual_approach_v3,20260823,54.816992751321656,1782.4467361945683,0.034568636041814135,0.40128762115468797,0.010802698763066918,0.16019420565365325,0.027875011683303197,22.96311002434413,55.80639732161247,0.614620721084235,False,,False,completed_normally,2001,20.0,0,
traj_01603,gradual_approach_v3,20260823,38.88467288166892,1930.7670905274426,0.10311870868068096,0.3208194050008817,0.0322245964627128,0.10311870868080356,-0.044463173972857706,38.88467288166892,69.6253710303314,0.571324198478905,False,,False,completed_normally,2001,20.0,0,
traj_01604,gradual_approach_v3,20260823,44.788379197761316,1914.4238766824042,0.06948211232743948,0.33443089963095846,0.021713160102324835,0.25358357518146146,0.06948211232731143,18.1515308760083,44.788379197761316,0.608906889405308,False,,False,completed_normally,2001,20.0,0,
traj_01605,gradual_approach_v3,20260823,50.094147505656636,908.642803234488,0.04847952143754768,0.3641558773316965,0.015149850449233651,0.04847952143754768,-0.06642923094751718,50.094147505656636,98.36571820277322,0.7134298652995724,False,,False,completed_normally,2001,20.0,0,
traj_01606,normal,20260823,63.95193688428931,937.0553247782937,0.015760851271745573,0.4959928779390868,0.004925266022420492,0.02731474994135541,-0.031398013967831095,63.95193688427054,77.98606417242847,0.33303697964218676,False,,False,completed_normally,2001,20.0,0,
traj_01607,gradual_approach_v3,20260823,34.51184749490682,1380.5368703574613,0.1388425266790079,0.32932533115097995,0.04338828958718997,0.5344404169904134,0.09899288826057118,20.57777039931317,44.90288743301191,0.40619417478625525,True,8.24,False,completed_normally,2001,20.0,0,
traj_01608,normal,20260823,42.95646062213205,1133.2910142224405,0.07852710284588246,0.3277035853742526,0.024539719639338268,0.08005270085124351,0.07706999489572137,42.44541482079249,43.470598256500935,0.012543990542211393,False,,False,completed_normally,2001,20.0,0,
traj_01609,gradual_approach_v3,20260823,61.36936425499834,558.3867678051151,0.020248839230245858,0.4664577659490476,0.0063277622594518305,0.14901840858577953,0.020248839230245858,23.735754061140035,61.36936425501204,0.6767151583421833,False,,False,completed_normally,2001,20.0,0,
traj_01610,normal,20260823,49.322366613121616,1485.4721484408367,0.051130985032289925,0.3589821480731042,0.0159784328225906,0.051130985032289925,0.003090462938839106,49.3223666131215,64.86730183053344,0.27946209788238524,False,,False,completed_normally,2001,20.0,0,
traj_01611,gradual_approach_v3,20260823,32.500932417809445,680.5169958525341,0.15967651087262583,0.3406036744546321,0.04989890964769557,0.4292740015582392,0.12556753209766303,23.616495694272537,39.99941060487755,0.2637757263196327,True,6.45,False,completed_normally,2001,20.0,0,
traj_01612,gradual_approach_v3,20260823,66.68812274687232,1934.2702407769636,0.011556876001322398,0.5294701317815432,0.0036115237504132495,0.011556876001361087,-0.07817719038602644,66.68812274687232,85.1385088031151,0.7860464213665748,False,,True,validity_envelope_gamma_exceeded,1033,10.32,0,
traj_01613,gradual_approach_v3,20260823,55.36934905386387,871.9837531241405,0.033165655431953545,0.40620152567759915,0.010364267322485483,0.17124568566552278,0.03316565543179838,21.792732910792356,55.36934905386387,0.6215378100839016,False,,False,completed_normally,2001,20.0,0,
traj_01614,gradual_approach_v3,20260823,60.97959875168437,1550.751439890174,0.02097547775271735,0.4621805699249071,0.006554836797724172,0.2018942347273429,0.02097547775268413,18.692991821116912,60.97959875168437,0.7701220591237715,False,,False,completed_normally,2001,20.0,0,
traj_01615,gradual_approach_v3,20260823,50.04416675537068,1827.1165913231225,0.04864761835591391,0.3638127402698395,0.015202380736223098,0.04864761835599059,-0.07365615681476734,50.04416675537068,70.15294912602856,0.787360299987637,False,,True,validity_envelope_gamma_exceeded,802,8.01,0,
traj_01616,gradual_approach_v3,20260823,56.42681696403353,1871.004467993039,0.030591781334117614,0.4159204123592504,0.009559931666911756,0.21634154210064307,0.030404408163213326,18.17586024904007,56.426816964033634,0.7169757384029717,False,,False,completed_normally,2001,20.0,0,
traj_01617,gradual_approach_v3,20260823,58.56492271476577,1970.1435312488427,0.025800528626166115,0.4367772472911097,0.00806266519567691,0.17191691026662703,0.02580052862607351,35.537124277169355,58.56492271476577,0.7862731966867796,False,,True,validity_envelope_gamma_exceeded,960,9.59,0,
traj_01618,stall,20260823,54.64593300142971,1433.31724608301,0.035011619890080684,0.3997888735579816,0.010941131215650213,0.0350116198902566,-0.38651507069898905,54.64593300142971,56.60079005390888,0.7893114860721455,True,1.8900000000000001,True,validity_envelope_gamma_exceeded,241,2.4,0,
traj_01619,gradual_approach_v3,20260823,30.667704142566862,560.7120306454275,0.18188211311318161,0.3561272297024282,0.05683816034786925,0.36965332230714154,0.01776255353443862,15.263213869451286,54.45299691819015,0.6725823541579334,True,19.330000000000002,False,completed_normally,2001,20.0,0,
traj_01620,gradual_approach_v3,20260823,58.52991029438488,1851.7667561596784,0.02587484834750702,0.4364230744455039,0.008085890108595943,0.1667503244576073,0.020171650636529148,21.784297211666765,58.52991029438513,0.668733983804335,False,,False,completed_normally,2001,20.0,0,
traj_01621,normal,20260823,68.94009182367108,599.3222657794715,0.008461852478365717,0.5586401090999458,0.002644328899489287,0.021954942705552455,-0.0263270880353733,64.36052328192402,75.01183019696212,0.1267500048838074,False,,False,completed_normally,2001,20.0,0,
traj_01622,gradual_approach_v3,20260823,36.41106365710732,1841.2868006555543,0.1219038830828843,0.32324241788302,0.03809496346340134,0.1219038830828843,-0.00318881333294585,36.41106365710058,57.866846065561795,0.4497539279127732,False,,False,completed_normally,2001,20.0,0,
traj_01623,gradual_approach_v3,20260823,61.79389976098488,1475.493975302155,0.019472765484845184,0.47117109986408306,0.00608523921401412,0.13700059199283948,0.019472765484668888,24.523677897930185,61.79389976098488,0.6541675170645698,False,,False,completed_normally,2001,20.0,0,
traj_01624,gradual_approach_v3,20260823,55.87640959531352,530.9986930113811,0.031913547011052465,0.41081125986822514,0.009972983440953894,0.031913547011204184,-0.06754494012474926,55.87640959531352,107.63894462673451,0.783578761979581,False,,True,ground_contact,1926,19.25,0,
traj_01625,gradual_approach_v3,20260823,33.51565460407074,1248.6128056657094,0.14875422094836283,0.3342319464095285,0.046485694046363386,0.14875422094836824,-0.0153130844742837,33.51565460407074,63.71080038938499,0.5562479224805108,False,,False,completed_normally,2001,20.0,0,
traj_01626,gradual_approach_v3,20260823,66.65104472665811,1352.892679220436,0.01161044562265479,0.5290019055313636,0.003628264257079622,0.01161044562265479,-0.07439430316524875,66.65104472665772,85.67560817894932,0.786597125139285,False,,True,validity_envelope_gamma_exceeded,821,8.2,0,
traj_01627,normal,20260823,69.5420316835027,988.3213013849592,0.007684545945353562,0.5666776680357771,0.0024014206079229885,0.007738617413130061,0.007258246377292291,69.46839481021817,70.05403097684984,0.006665207683413683,False,,False,completed_normally,2001,20.0,0,
traj_01628,gradual_approach_v3,20260823,53.24265333485335,1557.8833124038088,0.03880514249355216,0.3879147600332932,0.01212660702923505,0.03880514249372262,-0.0617785925599853,53.24265333485335,101.34538116544452,0.7335893710900714,False,,False,completed_normally,2001,20.0,0,
traj_01629,gradual_approach_v3,20260823,55.81871997165041,1043.4107606497803,0.03205431419244821,0.41028207811404094,0.010016973185140065,0.16858062273021543,0.027645352075196805,21.97815520436542,55.81871997165046,0.6227941663363624,False,,False,completed_normally,2001,20.0,0,
traj_01630,gradual_approach_v3,20260823,47.54962639486573,1526.6557137262832,0.057703361378792686,0.3481465444712796,0.018032300430872714,0.19778986878348376,0.032668923050538146,20.895286387228435,60.07201433503478,0.558159770003692,False,,False,completed_normally,2001,20.0,0,
traj_01631,gradual_approach_v3,20260823,73.68563659884101,1278.5837619642361,0.002835515319309256,0.624679097421829,0.0008860985372841424,0.0028355153194033625,-0.08188083407896635,73.68563659884101,92.64963344953071,0.7867017177312406,False,,True,validity_envelope_gamma_exceeded,751,7.5,0,
traj_01632,normal,20260823,69.09334339080957,1586.773064357098,0.008262044195139207,0.5606769163750076,0.002581888810981002,0.008262044195293413,-0.019446528123393647,69.09334339080957,81.50446662834364,0.17483282020041005,False,,False,completed_normally,2001,20.0,0,
traj_01633,normal,20260823,60.093967590799274,1999.8736361060448,0.02267870039735923,0.45264237087769155,0.007087093874174759,0.02341210559324168,0.022239638986668052,59.50588933236096,60.45834074172933,0.006754255862925959,False,,False,completed_normally,2001,20.0,0,
traj_01634,normal,20260823,55.94455211470954,1648.7839410012264,0.031747824988732236,0.4114378774834934,0.009921195308978824,0.06182251687893988,0.031747824988732236,50.41799939993425,55.944552114710454,0.09955333953284726,False,,False,completed_normally,2001,20.0,0,
traj_01635,gradual_approach_v3,20260823,56.271119905049375,931.616956682998,0.03096181227404422,0.41446412906036206,0.009675566335638817,0.03096181227404422,-0.04606628458669773,56.27111990504834,96.33180976414891,0.582572123144516,False,,False,completed_normally,2001,20.0,0,
traj_01636,normal,20260823,56.69123587422082,527.934216569404,0.02997021709737154,0.4184133829406155,0.009365692842928606,0.04445979035434518,0.02997021709737154,53.08059035002309,56.69123587422164,0.063670899369014,False,,False,completed_normally,2001,20.0,0,
traj_01637,gradual_approach_v3,20260823,64.57908300523874,1332.008089190726,0.014750465130484346,0.5034711689993255,0.0046095203532763585,0.01475046513053515,-0.07994468012688849,64.57908300523874,83.67706401604256,0.785598068429939,False,,True,validity_envelope_gamma_exceeded,732,7.3100000000000005,0,
traj_01638,gradual_approach_v3,20260823,70.97745025694921,1647.8140191052014,0.005909308839843854,0.5862462919409488,0.0018466590124512044,0.13133222993699242,0.0059093088396643964,24.18228573439017,70.97745025694921,0.7618203713172303,False,,False,completed_normally,2001,20.0,0,
traj_01639,gradual_approach_v3,20260823,69.53753637541725,1027.5733545631238,0.0076902769619207325,0.5666172719882344,0.0024032115506002288,0.0076902769619207325,-0.07462680970601987,69.53753637541162,90.24352840918702,0.7862152660587861,False,,True,validity_envelope_gamma_exceeded,847,8.46,0,
traj_01640,gradual_approach_v3,20260823,68.17408593312464,1801.9064039145137,0.0094806330534132,0.5485575500668676,0.002962697829191625,0.12554252614085934,0.009480633053274838,25.18346818374556,68.17408593312464,0.7048337408381068,False,,False,completed_normally,2001,20.0,0,
traj_01641,stall,20260823,44.257525489301734,1789.3458491758847,0.07199288622184788,0.33227475561808034,0.022497776944327464,0.9293282604553237,0.05682407262859229,39.780189906201116,48.644861634649565,0.24220244309989714,True,4.54,False,completed_normally,2001,20.0,0,
traj_01642,stall,20260823,47.64384805118815,1079.6202201150775,0.057336027428583125,0.34868434433973644,0.017917508571432227,0.7836032843602782,0.05127824420231536,32.50774144877861,50.015488237293276,0.41781320545501216,True,5.89,False,completed_normally,2001,20.0,0,
traj_01643,normal,20260823,69.60009824218687,1209.8884095931762,0.007610616323351727,0.5674583134783299,0.0023783176010474145,0.007610616323351727,0.007088221972603354,69.60009824218264,70.2306307674064,0.006941639563368523,False,,False,completed_normally,2001,20.0,0,
traj_01644,gradual_approach_v3,20260823,72.50174098653459,1346.9339736009833,0.00413730447928285,0.6076374520121938,0.0012929076497758907,0.00413730447928285,-0.0916623409561872,72.50174098652421,90.5803765133532,0.7855764152689991,False,,True,validity_envelope_gamma_exceeded,888,8.870000000000001,0,
traj_01645,gradual_approach_v3,20260823,31.41642162513422,1005.9645762730455,0.17238916583342748,0.3491157347798376,0.053871614322946085,0.19590279119396908,0.028935821670235534,25.65899460635383,47.87714951794109,0.4569403062142807,False,,False,completed_normally,2001,20.0,0,
traj_01646,gradual_approach_v3,20260823,48.63918497438757,1840.5884932513475,0.053581279604086395,0.35462961601345083,0.016744149876277,0.18769827707841014,0.053581279604042104,24.414804396157464,48.63918497438757,0.479135956963904,False,,False,completed_normally,2001,20.0,0,
traj_01647,gradual_approach_v3,20260823,56.41632266492307,1582.911770523591,0.03061662753262133,0.415821983896966,0.009567696103944165,0.03061662753276586,-0.06945120547436445,56.41632266492307,76.83589113905299,0.7856456050285533,False,,True,validity_envelope_gamma_exceeded,1118,11.17,0,
traj_01648,stall,20260823,44.57744180706375,1056.7078936103633,0.07046948374154297,0.33355457357548435,0.02202171366923218,1.1053813947263786,0.05421497647889619,41.32321358007539,48.79915840284823,0.21218082163044827,True,6.8,False,completed_normally,2001,20.0,0,
traj_01649,gradual_approach_v3,20260823,71.34324383341867,1296.491548038355,0.005473795126403348,0.5913226781566712,0.0017105609770010461,0.1215532682804721,0.005473795126403348,25.374891147961844,71.34324383342134,0.7333735522516102,False,,False,completed_normally,2001,20.0,0,
traj_01650,gradual_approach_v3,20260823,39.28657844931911,1506.5159450016477,0.10037019507013498,0.3209401641490175,0.03136568595941718,0.2712206646030197,0.06719259696647822,21.09971424277428,50.645781625619215,0.4606256179640148,False,,False,completed_normally,2001,20.0,0,
traj_01651,gradual_approach_v3,20260823,62.4929284223751,1999.8931772187061,0.01822875620547965,0.4790546652951481,0.00569648631421239,0.01822875620547965,-0.06588491861191753,62.49292842236247,116.71350643008576,0.7450608232031222,False,,False,completed_normally,2001,20.0,0,
traj_01652,normal,20260823,57.92571106381095,1455.2926112712996,0.027178340312349534,0.4303766168214374,0.00849323134760923,0.07386125217686715,0.027178340312314603,37.669663152094415,57.92571106381095,0.3018956511086415,False,,False,completed_normally,2001,20.0,0,
traj_01653,gradual_approach_v3,20260823,37.60866311992822,1426.8771870656985,0.11238761282277715,0.3213585069040531,0.035121129007117856,0.5171725849818698,0.07435215692852301,20.455499765230094,49.88709013272654,0.45514994210060905,True,9.66,False,completed_normally,2001,20.0,0,
traj_01654,gradual_approach_v3,20260823,56.38534869580639,1183.04401598316,0.030690040759941577,0.4155317008928421,0.009590637737481743,0.030690040759941577,-0.07787672344016472,56.38534869580247,76.20661195657148,0.7861435697587249,False,,True,validity_envelope_gamma_exceeded,932,9.31,0,
traj_01655,normal,20260823,66.81335053276278,1559.8206020494172,0.011376600763761586,0.5310544408846477,0.0035551877386754954,0.011376600763761586,-0.021139504557868366,66.81335053274772,83.65316889973856,0.23831102337108934,False,,False,completed_normally,2001,20.0,0,
traj_01656,gradual_approach_v3,20260823,72.26425780647763,1247.4430783863374,0.004406095963707854,0.6042637770311439,0.0013769049886587041,0.004406095963707854,-0.06028597036479422,72.26425780645936,121.31453179220713,0.6882815124395217,False,,False,completed_normally,2001,20.0,0,
traj_01657,gradual_approach_v3,20260823,31.993390486204994,1731.9831457724497,0.16548332797947105,0.3443565520734591,0.0517135399935847,0.21102309801139946,0.017953671466207632,22.938916533231264,52.15294739264102,0.5424674325199667,False,,False,completed_normally,2001,20.0,0,
traj_01658,stall,20260823,43.00340387185365,1069.407176514833,0.07828146660162064,0.32785026986057797,0.02446295831300645,0.08042679969052734,0.07614597827848237,42.286785047807754,43.76330371018604,0.013866505696269908,False,,False,completed_normally,2001,20.0,0,
traj_01659,gradual_approach_v3,20260823,30.32169427620129,797.2540108598167,0.18649353605738783,0.3597068356933935,0.0582792300179337,0.5124030489120491,0.16651554278097214,26.66510089328024,33.72136838733021,0.12329282658522644,True,7.21,False,completed_normally,2001,20.0,0,
traj_01660,gradual_approach_v3,20260823,64.3842255711388,1823.0274586540088,0.015061275224700774,0.5011350553607415,0.004706648507718992,0.015061275224700774,-0.08194905271695463,64.38422557113503,83.74078615304444,0.7877298869351859,False,,True,validity_envelope_gamma_exceeded,938,9.370000000000001,0,
traj_01661,gradual_approach_v3,20260823,61.93086613315079,1501.275578890644,0.01922573785213672,0.4727038082574777,0.006008043078792724,0.019225737852181804,-0.04763050927634094,61.93086613315079,104.06359567634452,0.5968655504047422,False,,False,completed_normally,2001,20.0,0,
traj_01662,normal,20260823,42.93992645583504,828.7580884121321,0.07861380252257211,0.32765225472274534,0.024566813288303783,0.10732858937349946,0.0762164576243777,37.62310555816305,43.84455069695594,0.1175192100864952,False,,False,completed_normally,2001,20.0,0,
traj_01663,gradual_approach_v3,20260823,51.590383740705,1117.9926702160226,0.043666092293625114,0.37493087724607094,0.013645653841757848,0.04366609229377416,-0.0685180317554841,51.590383740705,101.88754802232488,0.7799073025480724,False,,False,completed_normally,2001,20.0,0,
traj_01664,normal,20260823,33.211254343525866,615.5239322761267,0.15193907705499535,0.33599147777268884,0.047480961579686044,0.20449762318868783,0.13987852886168206,28.325740079687897,35.73210206176639,0.13863994235461372,False,,False,completed_normally,2001,20.0,0,
traj_01665,gradual_approach_v3,20260823,69.88136240458354,1951.866144618085,0.007255092185237336,0.5712527592175222,0.0022672163078866674,0.10823404475415377,0.007255092185237336,47.78850327694155,69.88136240458894,0.7857757935139179,False,,True,validity_envelope_gamma_exceeded,1132,11.31,0,
traj_01666,gradual_approach_v3,20260823,68.4029455443992,1206.20034892541,0.009172701951343103,0.5515527317617129,0.0028664693597947196,0.009172701951343103,-0.08746564632890697,68.40294554439659,85.91811120164793,0.786811954777481,False,,True,validity_envelope_gamma_exceeded,666,6.65,0,
traj_01667,gradual_approach_v3,20260823,59.27015476134507,1438.188934715322,0.02433107555675537,0.4439985401665354,0.007603461111486054,0.17511436094354452,0.023170357829843113,20.939748062892523,59.27015476134507,0.7171662664499282,False,,False,completed_normally,2001,20.0,0,
traj_01668,gradual_approach_v3,20260823,36.255325238868785,1473.4167273559056,0.12320415070433216,0.3235927324314986,0.038501297095103804,0.12320415070433216,-0.026780238074971985,36.25532523886753,61.307001196969445,0.532137797561727,False,,False,completed_normally,2001,20.0,0,
traj_01669,gradual_approach_v3,20260823,49.680035576150544,1924.7845079793879,0.049887237883010846,0.3613464637798086,0.01558976183844089,0.25731806911098964,0.02775097856329356,16.646895485801082,59.26988981413602,0.6913546082139588,False,,False,completed_normally,2001,20.0,0,
traj_01670,gradual_approach_v3,20260823,59.15117647216941,1313.3177946427975,0.02457535737746526,0.44276862837599,0.007679799180457894,0.16366906697852934,0.024575357377289705,34.36640144895653,59.15117647216941,0.7856068431579345,False,,True,validity_envelope_gamma_exceeded,1120,11.19,0,
traj_01671,gradual_approach_v3,20260823,47.466538377051606,525.9970260044455,0.05802905026918577,0.34767594690355946,0.018134078209120552,0.05802905026922858,-0.03969228664332697,47.466538377051606,79.82881180885855,0.528572700476031,False,,False,completed_normally,2001,20.0,0,
traj_01672,normal,20260823,37.13227178140256,1956.1097653408697,0.11607340944238903,0.32194040182608785,0.036272940450746576,0.11607340944238903,0.05042837657908365,37.132271781385306,46.48894745784476,0.188003396671489,False,,False,completed_normally,2001,20.0,0,
traj_01673,normal,20260823,36.9849189238902,747.8458436484498,0.11723967582347836,0.3221644806406286,0.03663739869483699,0.11794637333603374,0.11657232009002792,36.82145662408774,37.1475571963432,0.004708209548983741,False,,False,completed_normally,2001,20.0,0,
traj_01674,stall,20260823,63.248262806646366,1634.288964625913,0.016930059279163866,0.48774275257935945,0.0052906435247387085,1.1633649524815877,0.015037518248503967,24.37677560570886,63.248262806646366,0.7678151952732314,True,6.79,False,completed_normally,2001,20.0,0,
traj_01675,gradual_approach_v3,20260823,50.533881752499994,736.3799785968151,0.04702149960395503,0.36722228065593254,0.014694218626235947,0.047021499604074625,-0.052210305086210274,50.533881752499994,86.38874344270474,0.5752162373886361,False,,False,completed_normally,2001,20.0,0,
traj_01676,stall,20260823,31.784085641772755,1023.5126392675542,0.16794977430946859,0.3460208443000591,0.05248430447170893,0.16794977430946859,-0.1950847683919914,31.784085641770943,38.00639575866237,0.787744561303018,False,,True,validity_envelope_gamma_exceeded,600,5.99,0,
traj_01677,gradual_approach_v3,20260823,55.4779455482229,1063.810964344625,0.03289465208426461,0.40718088122458096,0.010279578776332692,0.03289465208426461,-0.07788010642337395,55.47794554821807,75.62924138518213,0.7857630059205812,False,,True,validity_envelope_gamma_exceeded,947,9.46,0,
traj_01678,normal,20260823,65.57422014170025,823.0794601708191,0.01320562793638632,0.5155767938272311,0.0041267587301207255,0.013981134426692828,0.01320562793638632,64.79336150195834,65.57422014171192,0.009824756398428742,False,,False,completed_normally,2001,20.0,0,
traj_01679,stall,20260823,74.95843818330212,1602.1886794139389,0.0015035794729037488,0.6434115722539648,0.00046986858528242145,0.46718253858581904,0.0015035794727741047,66.87678750252142,74.95843818330212,0.7864424032547659,True,2.35,True,validity_envelope_gamma_exceeded,295,2.94,0,
traj_01680,gradual_approach_v3,20260823,31.063588549135222,718.1985389665087,0.1767839182153915,0.3522982448922335,0.05524497444230984,0.42219753826054235,0.14286660672162058,23.743514776711812,37.63567463248585,0.2270022252553866,True,5.25,False,completed_normally,2001,20.0,0,
traj_01681,normal,20260823,54.464818784142935,1759.515446559565,0.035485113423234294,0.39821402303811265,0.011089097944760717,0.03548511342328178,0.034690639421208806,54.464818784142935,54.96328976875763,0.011391322321368798,False,,False,completed_normally,2001,20.0,0,
traj_01682,gradual_approach_v3,20260823,74.16215890567491,623.3567708005054,0.002328891026716049,0.6316427154236961,0.0007277784458487653,0.0023288910268252283,-0.0753076407431933,74.16215890567491,92.63647937437143,0.7857923639180268,False,,True,validity_envelope_gamma_exceeded,925,9.24,0,
traj_01683,gradual_approach_v3,20260823,69.40999215853164,981.1407451237008,0.007853341098525958,0.5649059938424348,0.002454169093289362,0.1139124418639661,0.007853341098525958,56.52780137233869,69.40999215854453,0.7861812748558944,False,,True,validity_envelope_gamma_exceeded,828,8.27,0,
traj_01684,gradual_approach_v3,20260823,39.51930173996556,570.5632899844047,0.09881406841108564,0.321070684835579,0.030879396378464263,0.34858346330836776,0.08342701942508224,20.567408939125883,42.94395428544978,0.4794642382390846,True,11.49,False,completed_normally,2001,20.0,0,
traj_01685,gradual_approach_v3,20260823,69.50303730106654,1595.289948169526,0.007734296071970011,0.5661539502838059,0.002416967522490629,0.0077342960720724685,-0.07785025482780233,69.50303730106654,92.34123004729032,0.7865458165892747,False,,True,validity_envelope_gamma_exceeded,887,8.86,0,
traj_01686,gradual_approach_v3,20260823,66.77470351322927,1293.6334454077685,0.011432129191904075,0.530565021570602,0.0035725403724700235,0.11005876582447727,0.011432129191904075,43.160361813679316,66.77470351323119,0.7864966302544321,False,,True,validity_envelope_gamma_exceeded,902,9.01,0,
traj_01687,gradual_approach_v3,20260823,62.40159891570014,1004.5533252412461,0.01838894805300823,0.4780160497981742,0.005746546266565072,0.018388948053152814,-0.08253109348770771,62.40159891570014,84.5777871154025,0.7863889862180555,False,,True,validity_envelope_gamma_exceeded,1052,10.51,0,
traj_01688,gradual_approach_v3,20260823,60.221701796649874,1840.4557260249971,0.022428464568287464,0.4540024599260022,0.007008895177589833,0.022428464568287464,-0.062421195387406536,60.22170179662356,112.09842387208447,0.7428694762253416,False,,False,completed_normally,2001,20.0,0,
traj_01689,gradual_approach_v3,20260823,50.16465730295036,1748.2725025678674,0.048243213119679024,0.3646418359652211,0.015076004099899695,0.21105967142187865,0.0397079180545713,19.328263784928936,50.86312692676917,0.6207392186025927,False,,False,completed_normally,2001,20.0,0,
traj_01690,normal,20260823,31.22742372360834,1239.8543857442112,0.1747263673582212,0.3507940625297934,0.054601989799444126,0.19981481530131084,0.11875953677285057,27.587289640465507,35.70620517540906,0.13041201409918524,False,,False,completed_normally,2001,20.0,0,
traj_01691,gradual_approach_v3,20260823,65.32956646689085,1618.5250694312779,0.013578964935550525,0.5125736327883289,0.004243426542359539,0.013578964935550525,-0.07577705179078681,65.32956646688166,82.86074199059627,0.7858953014688234,False,,True,validity_envelope_gamma_exceeded,955,9.540000000000001,0,
traj_01692,stall,20260823,46.83452319313043,1692.6688360825394,0.06056161872175919,0.3442098637030372,0.018925505850549747,0.0605616187218003,-0.3941480138763789,46.83452319313043,49.46580774920692,0.7899889186659022,True,2.29,True,validity_envelope_gamma_exceeded,295,2.94,0,
traj_01693,normal,20260823,48.28599205194904,618.6247649640057,0.05488786267331178,0.3524653508841771,0.017152457085409932,0.09707482651552085,0.05097249378084276,39.07206440530441,50.120106822663836,0.1927223976290337,False,,False,completed_normally,2001,20.0,0,
traj_01694,gradual_approach_v3,20260823,41.06380525456007,953.7389412502332,0.08910472370560593,0.32300524956207755,0.027845226158001855,0.08910472370560593,-0.04761484508234959,41.06380525455675,77.65721280750573,0.6398364942909702,False,,False,completed_normally,2001,20.0,0,
traj_01695,gradual_approach_v3,20260823,57.88739518263823,676.5095842967384,0.027262360180188697,0.4299973677077575,0.008519487556308969,0.027262360180188697,-0.07402317885183207,57.887395182633625,77.1728998562743,0.7871911417635474,False,,True,validity_envelope_gamma_exceeded,969,9.68,0,
traj_01696,stall,20260823,55.23334104502805,1612.1719068424477,0.0335072816074636,0.4049810816892909,0.010471025502332375,0.0344098522651954,0.03283753897712663,54.654053093729026,55.68125384933027,0.008824950027450717,False,,False,completed_normally,2001,20.0,0,
traj_01697,stall,20260823,51.48921642646788,862.8352868974865,0.04397868191768399,0.37417223832734653,0.013743338099276248,0.6439562870372583,0.0439786819176182,29.701873798798086,51.48921642646788,0.7858324375782844,True,5.0200000000000005,True,validity_envelope_gamma_exceeded,816,8.15,0,
traj_01698,gradual_approach_v3,20260823,33.79804184996611,776.368610693294,0.14586665585594097,0.3327111096116713,0.04558332995498155,0.5048097335269426,0.1051539541551481,22.46192860321336,44.152686026385354,0.3306422447702509,True,6.4,False,completed_normally,2001,20.0,0,
traj_01699,normal,20260823,34.17078306311797,767.3769169344231,0.14215065346813008,0.33086283783841064,0.04442207920879065,0.14325276707821447,0.14108580668262313,33.96245624276306,34.3868106066766,0.006839280159807665,False,,False,completed_normally,2001,20.0,0,
traj_01700,gradual_approach_v3,20260823,39.15890896587463,750.3378386302014,0.10123480970013854,0.3208873099237415,0.031635878031293294,0.2887225177302788,0.08366888941459155,21.221486163271106,43.484465667598585,0.4552843221145913,True,11.53,False,completed_normally,2001,20.0,0,
traj_01701,gradual_approach_v3,20260823,30.833640616962104,666.8597158758831,0.17972287085222272,0.3544883334428661,0.0561633971413196,0.26028429029422373,0.05985555146455654,21.029949940577314,45.40250963566259,0.41587372141340034,False,,False,completed_normally,2001,20.0,0,
traj_01702,stall,20260823,54.36453601673369,732.9520072085144,0.035749286274335795,0.39734735968854623,0.011171651960729936,0.9686259890865886,0.035749286274335795,38.43096861308052,54.364536016740594,0.3790693864587596,True,4.73,False,completed_normally,2001,20.0,0,
traj_01703,stall,20260823,65.67640573834824,1342.7750920281178,0.013050914255852426,0.5168363183303859,0.004078410704953884,0.013050914256003689,-0.2943109514439216,65.67640573834824,66.47201230979547,0.787171723600483,True,6.34,True,validity_envelope_gamma_exceeded,661,6.6000000000000005,0,
traj_01704,normal,20260823,68.29002100310541,1188.4275937666257,0.009324259359300834,0.5500730053278862,0.0029138310497815105,0.00946481751796915,0.009051791798697686,68.13003409911569,68.60036974299675,0.002133818997172208,False,,False,completed_normally,2001,20.0,0,
traj_01705,gradual_approach_v3,20260823,64.30120665747496,1745.736945143365,0.015194544605177593,0.5001431910698809,0.004748295189117998,0.015194544605294256,-0.0809778898180683,64.30120665747496,85.10290775313219,0.7874763887504621,False,,True,validity_envelope_gamma_exceeded,763,7.62,0,
traj_01706,gradual_approach_v3,20260823,54.24825488343646,1615.5914550427694,0.03605740494977245,0.39634721172731946,0.01126793904680389,0.03605740494977245,-0.08188306460486428,54.24825488343478,73.64248634246542,0.7858090363012081,False,,True,validity_envelope_gamma_exceeded,1071,10.700000000000001,0,
traj_01707,gradual_approach_v3,20260823,43.65440231705972,1040.4788685946548,0.07495254723152159,0.33002696416659727,0.023422671009850498,0.07495254723152159,-0.01769922762040882,43.654402317057624,73.33378372276579,0.49071080765120617,False,,False,completed_normally,2001,20.0,0,
traj_01708,gradual_approach_v3,20260823,40.15122095023789,1979.226115976914,0.0947149386504881,0.3216423812545069,0.02959841832827753,0.2447215569329883,0.0728985663818073,22.505345124997707,46.79387470112525,0.43214586438615193,False,,False,completed_normally,2001,20.0,0,
traj_01709,normal,20260823,44.948276192919614,941.0122729622703,0.06874253184731785,0.33511215758982477,0.02148204120228683,0.0697468085236725,0.06751342992030272,44.560066635549106,45.42156869502793,0.008805986111039325,False,,False,completed_normally,2001,20.0,0,
traj_01710,gradual_approach_v3,20260823,47.586067954562125,769.1634179888658,0.05756103892063959,0.348354024998223,0.01798782466269987,0.22925078976015745,0.05755026364047855,19.077597428506415,47.586067954562125,0.6073431171641216,False,,False,completed_normally,2001,20.0,0,
traj_01711,stall,20260823,64.12778281892665,1719.27021616363,0.015474591716310583,0.4980778596265647,0.004835809911347058,0.01683620267962358,0.01528635428212459,62.84362988638828,64.3276501166254,0.016584715666649184,False,,False,completed_normally,2001,20.0,0,
traj_01712,gradual_approach_v3,20260823,49.28316282917828,768.6281043292073,0.05126891667976492,0.35872654245758034,0.016021536462426537,0.2162757823053475,0.05126891667976492,19.10062085763645,49.28316282918373,0.6088245694531224,False,,False,completed_normally,2001,20.0,0,
traj_01713,gradual_approach_v3,20260823,69.33147231231948,1890.0273537565804,0.00795417124787071,0.5638547165931205,0.002485678514959597,0.109750022313374,0.007954171247846026,27.267568425637894,69.33147231231948,0.6744980441078722,False,,False,completed_normally,2001,20.0,0,
traj_01714,gradual_approach_v3,20260823,46.29154374126155,555.1764099541571,0.0628179863547639,0.3413957043361671,0.01963062073586372,0.06281798635484286,-0.05271596947841273,46.29154374126155,87.41106096381822,0.6540592513202191,False,,False,completed_normally,2001,20.0,0,
traj_01715,gradual_approach_v3,20260823,67.37071312304926,1960.4925396823633,0.010586257405432408,0.5381602475442807,0.0033082054391976277,0.09847349382358575,0.010586257405432408,29.3787361464847,67.37071312305893,0.6154293546597266,False,,False,completed_normally,2001,20.0,0,
traj_01716,gradual_approach_v3,20260823,60.39810441477494,941.6063672608628,0.022085456158544254,0.45588944413559734,0.00690170504954508,0.022085456158544254,-0.07240082139174875,60.39810441477472,80.59058095096995,0.7867369560965405,False,,True,validity_envelope_gamma_exceeded,794,7.930000000000001,0,
traj_01717,gradual_approach_v3,20260823,34.427623001300844,644.1177738108457,0.1396514412002183,0.3296916277285938,0.04364107537506822,0.1396514412002183,0.02806964127135117,33.96445058493524,51.06124919348101,0.4109837633022586,False,,False,completed_normally,2001,20.0,0,
traj_01718,gradual_approach_v3,20260823,45.84484455971034,1936.4639285812439,0.0647325726123926,0.33919705931075844,0.020228928941372685,0.0647325726123926,-0.057978543067945365,45.84484455969933,86.35150586088476,0.6312217842447029,False,,False,completed_normally,2001,20.0,0,
traj_01719,gradual_approach_v3,20260823,63.80684735795284,1931.283172395076,0.015998804922047086,0.4942795626101453,0.004999626538139714,0.015998804922226,-0.07755110961866385,63.80684735795284,82.42516228528835,0.786136698175582,False,,True,validity_envelope_gamma_exceeded,891,8.9,0,
traj_01720,gradual_approach_v3,20260823,41.679036610746515,1990.1333299140433,0.08551654051512142,0.32426478899476413,0.026723918910975444,0.31714605490431114,0.05376162839692916,19.072190733718816,53.62751402418524,0.5502417614290467,True,9.38,False,completed_normally,2001,20.0,0,
traj_01721,normal,20260823,68.13447785840391,981.8645766377398,0.009534237660551712,0.5480406745781,0.00297944926892241,0.00979465391281317,0.009405839793773399,67.84215671723074,68.28297675013768,0.003208760972180571,False,,False,completed_normally,2001,20.0,0,
traj_01722,stall,20260823,31.19940268791946,1512.7930426500327,0.1750761730629544,0.3510480537538032,0.05471130408217325,0.1824231403383177,0.16729581254895093,30.042224937927816,32.459835374486346,0.04092506231933101,False,,False,completed_normally,2001,20.0,0,
traj_01723,gradual_approach_v3,20260823,72.84688349988575,1014.3173975586317,0.0037512927314346705,0.6125672915745854,0.0011722789785733345,0.0037512927314346705,-0.07089769820114644,72.84688349987555,92.74188355294054,0.786920837072992,False,,True,validity_envelope_gamma_exceeded,935,9.34,0,
traj_01724,gradual_approach_v3,20260823,57.02381065528375,920.8027972594259,0.029200484034128307,0.4215840360984514,0.009125151260665095,0.029200484034128307,-0.07210151987440516,57.02381065528251,110.3426661226597,0.7498701944021748,False,,False,completed_normally,2001,20.0,0,
traj_01725,gradual_approach_v3,20260823,39.979905197603394,1479.4319612031875,0.09580835655773753,0.32145653663056856,0.029940111424292978,0.22878974468695557,0.07218647994416397,24.082539767582983,47.67478299985562,0.38598033080267946,False,,False,completed_normally,2001,20.0,0,
traj_01726,gradual_approach_v3,20260823,46.80659247668683,892.7106575242125,0.060675836703187866,0.3440613741061372,0.018961198969746206,0.060675836703187866,-0.06770848918092942,46.80659247667902,90.8317127677368,0.7243053842880326,False,,False,completed_normally,2001,20.0,0,
traj_01727,gradual_approach_v3,20260823,35.17550122151269,1304.046745119146,0.1326467138816078,0.3267366815591822,0.04145209808800243,0.1326467138816078,-0.015144193019363927,35.17550122151175,61.52568385937728,0.5322008808505793,False,,False,completed_normally,2001,20.0,0,
traj_01728,gradual_approach_v3,20260823,35.1410222027589,634.9219775911149,0.13296099565157463,0.326858447000758,0.04155031114111707,0.4606416921846612,0.09805979530863831,20.338783860372992,44.094098072146814,0.42100330638742584,True,8.88,False,completed_normally,2001,20.0,0,
traj_01729,gradual_approach_v3,20260823,34.00489694288916,1948.2368347727468,0.1437912405842627,0.3316633841432163,0.0449347626825821,0.3994659944451264,0.09997225755169263,21.69081762381669,45.56111705684547,0.35611507682200116,True,6.13,False,completed_normally,2001,20.0,0,
traj_01730,gradual_approach_v3,20260823,48.087432030335165,571.1060576139554,0.0556347129785462,0.3512748265197514,0.017385847805795687,0.0556347129785462,-0.04526049691846945,48.08743203033488,89.35430818333872,0.6510632609354045,False,,False,completed_normally,2001,20.0,0,
traj_01731,normal,20260823,71.2833054942694,688.9145002276689,0.005544703181298028,0.5904883931296804,0.0017327197441556338,0.0056631915641483545,0.005195227926491266,71.1276674218743,71.73066891216499,0.004443222551947428,False,,False,completed_normally,2001,20.0,0,
traj_01732,gradual_approach_v3,20260823,51.92750323244623,1746.7985103121887,0.04263731513683783,0.3774896567454557,0.013324160980261821,0.04263731513683783,-0.0757679195843568,51.92750323244566,76.33366675163228,0.7855782290522697,False,,True,validity_envelope_gamma_exceeded,847,8.46,0,
traj_01733,gradual_approach_v3,20260823,66.89952373671345,1085.7887954507485,0.011253128738295079,0.5321472641324061,0.003516602730717212,0.011253128738364789,-0.08717138702702742,66.89952373671345,84.57450657852887,0.788107322612524,False,,True,validity_envelope_gamma_exceeded,696,6.95,0,
traj_01734,gradual_approach_v3,20260823,41.41499732027931,1667.3187962563245,0.08703802779143027,0.32369157227198075,0.02719938368482196,0.3015421609574843,0.07674996521206806,20.20311443102759,43.01278213924658,0.5140190187173954,True,11.450000000000001,False,completed_normally,2001,20.0,0,
traj_01735,gradual_approach_v3,20260823,53.87240281228312,1758.0267150511165,0.037066750014987035,0.3931497710811177,0.01158335937968345,0.03706675001508651,-0.0725434098676947,53.87240281228312,74.86035782579505,0.7858007465976473,False,,True,validity_envelope_gamma_exceeded,1086,10.85,0,
traj_01736,gradual_approach_v3,20260823,66.32934757497557,914.1529640652175,0.012078962638913684,0.5249560682626293,0.0037746758246605264,0.012078962639085014,-0.07154842060735445,66.32934757497557,86.62735620047906,0.7859410653809865,False,,True,validity_envelope_gamma_exceeded,749,7.48,0,
traj_01737,gradual_approach_v3,20260823,58.427679360729044,1858.2233584673124,0.02609260417725002,0.4353913096110579,0.00815393880539063,0.15906160051289642,0.02609260417725002,22.545218884090396,58.42767936075962,0.651991701665911,False,,False,completed_normally,2001,20.0,0,
traj_01738,stall,20260823,71.52145405275613,1591.3971896357923,0.0052640111473083425,0.593808917451818,0.001645003483533857,0.6327919715859104,0.0052640111472879655,62.61309072488367,71.52145405275613,0.7855700506081956,True,2.0300000000000002,True,validity_envelope_gamma_exceeded,284,2.83,0,
traj_01739,normal,20260823,67.22121853000075,1571.757761020876,0.010796334630824567,0.5362456512648054,0.0033738545721326775,0.010796334630951943,-0.03387216814614735,67.22121853000075,86.9909208475041,0.2789580986362402,False,,False,completed_normally,2001,20.0,0,
traj_01740,gradual_approach_v3,20260823,41.51253412483953,635.8333934497225,0.08647279533278393,0.3238976572255,0.027022748541494977,0.08647279533278393,-0.02121513165547373,41.51253412482078,72.17773151374315,0.5214494083765656,False,,False,completed_normally,2001,20.0,0,
traj_01741,gradual_approach_v3,20260823,30.23315438635233,830.9875164595853,0.187698281323988,0.36065886752408927,0.05865571291374625,0.5798378119104155,0.148167352275775,24.066973105515107,37.597138341892354,0.26656637917167947,True,3.34,False,completed_normally,2001,20.0,0,
traj_01742,gradual_approach_v3,20260823,43.644656354513124,910.8270164113593,0.07500133800879277,0.3299924441308095,0.02343791812774774,0.2396749389524792,0.07407418355111722,21.692214833327355,43.64465635451563,0.4979333001241488,False,,False,completed_normally,2001,20.0,0,
traj_01743,gradual_approach_v3,20260823,39.70125318841132,1878.918679162992,0.09761509394056225,0.3212030653620766,0.030504716856425706,0.3768861700354146,0.05421329286318674,19.477558698280657,57.51405380465657,0.5144485046619216,True,6.34,False,completed_normally,2001,20.0,0,
traj_01744,gradual_approach_v3,20260823,51.65740050262734,1646.2997832527394,0.0434600099114571,0.37543578129146804,0.013581253097330343,0.04346000991152452,-0.08146572666700602,51.65740050262734,70.97101493984594,0.7854634710518784,False,,True,validity_envelope_gamma_exceeded,1223,12.22,0,
traj_01745,gradual_approach_v3,20260823,72.15366401883652,1895.4815468179083,0.004532167753234487,0.6026978227091929,0.0014163024228857773,0.004532167753367086,-0.058258900017883475,72.15366401883652,126.76153706420834,0.6989062445232683,False,,False,completed_normally,2001,20.0,0,
traj_01746,normal,20260823,63.91791518047352,1819.5118447242164,0.015816504827093975,0.49559055853568384,0.004942657758466868,0.058159076756804984,0.015816504827093975,46.358140698752024,63.917915180500664,0.2619648101718687,False,,False,completed_normally,2001,20.0,0,
traj_01747,gradual_approach_v3,20260823,40.02450521417585,910.6027974323364,0.09552243678204209,0.32150273596248014,0.029850761494388152,0.34297209804525947,0.056102731974764786,19.92901656287672,55.5967471700499,0.5050286048286908,True,8.16,False,completed_normally,2001,20.0,0,
traj_01748,gradual_approach_v3,20260823,69.7840480069591,694.2599195327097,0.007377618438946531,0.569937460070485,0.002305505762170791,0.10020563462824589,0.007377618438946531,28.75239882143571,69.78404800696,0.6488188211330393,False,,False,completed_normally,2001,20.0,0,
traj_01749,gradual_approach_v3,20260823,56.448149935829264,1662.4099769220627,0.03054131559923447,0.4161206202365395,0.009544161124760772,0.17438597474347028,0.03054131559915057,22.04699027461901,56.448149935829264,0.6612697177970553,False,,False,completed_normally,2001,20.0,0,
traj_01750,gradual_approach_v3,20260823,59.25239079621919,1167.2941145327638,0.024367455803101748,0.44381461117925225,0.007614829938469296,0.171706713706416,0.024367455803101748,35.4738780250965,59.252390796224255,0.7855581211283924,False,,True,validity_envelope_gamma_exceeded,1267,12.66,0,
traj_01751,gradual_approach_v3,20260823,41.26531075005145,1825.3600163996616,0.08791282935000741,0.32338832315461796,0.027472759171877314,0.25121369699937884,0.056106960795274274,21.452871743455823,53.60027145054565,0.4764343439360296,False,,False,completed_normally,2001,20.0,0,
traj_01752,gradual_approach_v3,20260823,43.50820388883059,724.6194196254686,0.07568774510078133,0.32951524053831843,0.023652420343994167,0.07568774510088659,-0.05647765756923623,43.50820388883059,91.33009309453891,0.7782478632554842,False,,False,completed_normally,2001,20.0,0,
traj_01753,stall,20260823,65.750664395194,1375.2360975824595,0.012938930346570853,0.5177535304142151,0.004043415733303392,0.23869153181870684,0.012938930346405817,57.53874769002601,65.750664395194,0.7882836342246253,False,,True,validity_envelope_gamma_exceeded,284,2.83,0,
traj_01754,gradual_approach_v3,20260823,44.811900923521996,654.1229753440699,0.06937283882601575,0.3345302020361902,0.02167901213312992,0.06937283882615132,-0.06099074501844143,44.811900923521996,80.4490584886053,0.6166771646098934,False,,False,completed_normally,2001,20.0,0,
traj_01755,gradual_approach_v3,20260823,57.336312537198765,1518.1879912552836,0.02848918566064895,0.42459866418891123,0.008902870518952798,0.1801429169457251,0.02033498695350755,20.739083347161927,58.83238446267574,0.6307629520934459,False,,False,completed_normally,2001,20.0,0,
traj_01756,gradual_approach_v3,20260823,44.27303079442448,1584.433172228024,0.07191832131983145,0.3323354019645532,0.022474475412447327,0.2633444834762524,0.0535060164590212,19.35458818775852,49.778590557291125,0.569484743191363,False,,False,completed_normally,2001,20.0,0,
traj_01757,gradual_approach_v3,20260823,72.06667136673317,547.5111270563208,0.004631739507401337,0.6014683458974258,0.0014474185960629178,0.0046317395075021126,-0.05833813548326183,72.06667136673317,118.12562316274462,0.7111450824548468,False,,True,ground_contact,1595,15.94,0,
traj_01758,gradual_approach_v3,20260823,46.711324283978406,1015.6934029685488,0.06106691157177398,0.3435579164770238,0.019083409866179367,0.06106691157177398,-0.06938380510706732,46.71132428397596,90.00567066945959,0.7232582278454526,False,,False,completed_normally,2001,20.0,0,
traj_01759,gradual_approach_v3,20260823,43.301064473822784,1321.0451858985205,0.0767415924245527,0.3288127771339047,0.023981747632672717,0.224108979748815,0.06060984328657565,21.389661194372973,47.98899291281608,0.5023527137302618,False,,False,completed_normally,2001,20.0,0,
traj_01760,gradual_approach_v3,20260823,70.33770270001264,705.9033317798464,0.006687224417802257,0.577455277170975,0.002089757630563205,0.1338512659363529,0.00668722441773689,23.94443200529212,70.33770270001264,0.7629898003636739,False,,False,completed_normally,2001,20.0,0,
traj_01761,gradual_approach_v3,20260823,65.68943243524481,828.1162627636977,0.013031242515679744,0.5169971024209553,0.00407226328614992,0.1266529094061397,0.013031242515679744,25.324241797852498,65.689432435254,0.669280420324765,False,,False,completed_normally,2001,20.0,0,
traj_01762,gradual_approach_v3,20260823,48.229853718099335,1650.3834447497125,0.055098109757427224,0.3521268335875441,0.017218159299196005,0.18513674815289194,0.035809737347507975,22.417698742024484,56.983247875407876,0.5250459959468926,False,,False,completed_normally,2001,20.0,0,
traj_01763,stall,20260823,58.004002815728164,1863.3223420363595,0.02700716993737876,0.43115310740867757,0.008439740605430861,0.027007169937514095,-0.2063191033206523,58.004002815728164,61.44237183813113,0.788781931664838,False,,True,validity_envelope_gamma_exceeded,369,3.68,0,
traj_01764,stall,20260823,59.49674522160328,1251.6671318069846,0.02386983659800063,0.4463538184890367,0.0074593239368751976,0.024370463610604978,0.022433917064072745,59.07821222187719,60.655293747638744,0.016173321054387506,False,,False,completed_normally,2001,20.0,0,
traj_01765,gradual_approach_v3,20260823,57.37673387403271,1276.5125928066052,0.028398015378805843,0.4249910844068319,0.008874379805876825,0.14079956800712978,0.028398015378757413,25.957104095725136,57.37673387403271,0.5773517073785069,False,,False,completed_normally,2001,20.0,0,
traj_01766,gradual_approach_v3,20260823,62.13733790474261,1122.049400764222,0.018856395520747565,0.4750253735109348,0.005892623600233614,0.018856395520747565,-0.07691690717185362,62.13733790473791,81.9606012505157,0.7861029334508445,False,,True,validity_envelope_gamma_exceeded,1004,10.03,0,
traj_01767,normal,20260823,62.15130038563018,1336.8989564728245,0.01883155012805238,0.47518284647468845,0.005884859415016369,0.01945363010555532,0.018502650737745818,61.60603503017736,62.45197772276054,0.0070362245910709645,False,,False,completed_normally,2001,20.0,0,
traj_01768,gradual_approach_v3,20260823,73.26336204412196,580.8900939260594,0.0032926736653799546,0.6185581214930171,0.0010289605204312359,0.0032926736653956573,-0.07338756890672316,73.26336204412196,92.7724143223759,0.7864684865758415,False,,True,validity_envelope_gamma_exceeded,983,9.82,0,
traj_01769,gradual_approach_v3,20260823,50.741127518114574,706.2639107306035,0.046347126986908904,0.36869674268278685,0.014483477183409033,0.046347126986908904,-0.05931597338433803,50.741127518113764,90.48871091183766,0.6323541633143129,False,,False,completed_normally,2001,20.0,0,
traj_01770,gradual_approach_v3,20260823,54.61280616298387,1493.39865337964,0.03509787920498131,0.3994999007895242,0.010968087251556659,0.2442313570261232,0.01922725986888485,16.75256219639943,60.843203748806246,0.7343932849246072,False,,False,completed_normally,2001,20.0,0,
traj_01771,normal,20260823,50.1343996353601,1957.6645717403026,0.04834450034991106,0.36443302849311277,0.015107656359347205,0.04880926935265373,0.04796392231326987,49.90085099976733,50.330548254435065,0.0033663096612913243,False,,False,completed_normally,2001,20.0,0,
traj_01772,normal,20260823,72.3766747937072,1256.232636068279,0.004278531973943944,0.6058588932649569,0.0013370412418574826,0.004314913764078256,0.00410399248589768,72.32558927466144,72.60888173257328,0.002371874268126503,False,,False,completed_normally,2001,20.0,0,
traj_01773,gradual_approach_v3,20260823,44.325379359359445,515.8289750607975,0.07166713104255903,0.3325411996398451,0.0223959784507997,0.07166713104255903,-0.05314967446686991,44.32537935935908,83.27331910972201,0.6522772158959184,False,,False,completed_normally,2001,20.0,0,
traj_01774,gradual_approach_v3,20260823,42.281892245699616,1802.9897242742613,0.08214315396713998,0.3257527566185681,0.02566973561473124,0.37174227685646827,0.06270313923855764,16.943869976128315,46.812955154098155,0.6216731870691679,True,11.82,False,completed_normally,2001,20.0,0,
traj_01775,normal,20260823,34.35870928356574,1113.3691226127646,0.14031719287412928,0.3299978278331053,0.0438491227731654,0.16099327125119708,0.10732222331127032,30.58074297607276,37.72193789129409,0.12090938054459281,False,,False,completed_normally,2001,20.0,0,
traj_01776,gradual_approach_v3,20260823,61.43473986079889,1851.4252263342373,0.020128294180823434,0.4671798922599967,0.006290091931507323,0.020128294180823434,-0.08717834044465167,61.43473986077413,82.12889075516335,0.7858570107605852,False,,True,validity_envelope_gamma_exceeded,1060,10.59,0,
traj_01777,gradual_approach_v3,20260823,49.90110547119289,967.2370763578614,0.04913149147503086,0.36283670880662416,0.015353591085947145,0.19652049208506467,0.04324496139445133,20.651713161002444,49.90110547119289,0.5841315339554798,False,,False,completed_normally,2001,20.0,0,
traj_01778,normal,20260823,60.879729568887385,1906.2005778771838,0.02116388280797291,0.4610923989886786,0.006613713377491534,0.02116388280797291,-0.011030917804169926,60.87972956888353,70.3199515876068,0.15306169542567924,False,,False,completed_normally,2001,20.0,0,
traj_01779,gradual_approach_v3,20260823,55.11505638209122,970.9741228969373,0.03380641189621858,0.4039252257069358,0.010564503717568306,0.23353615774632042,0.015484107898803723,17.28026099098023,64.67033597265223,0.7165440328341227,False,,False,completed_normally,2001,20.0,0,
traj_01780,gradual_approach_v3,20260823,52.88678624655198,1824.485042205905,0.039814516309557915,0.3850253141087062,0.01244203634673685,0.2218931476722041,0.037667848384262625,18.22472850667928,52.88678624655737,0.6944112274078579,False,,False,completed_normally,2001,20.0,0,
traj_01781,gradual_approach_v3,20260823,39.00383228190399,1920.9274227339665,0.10229561626812664,0.32084120647168124,0.031967380083789576,0.10229561626812664,-0.0202144231951753,39.003832281903435,67.80489899626575,0.530935060516351,False,,False,completed_normally,2001,20.0,0,
traj_01782,gradual_approach_v3,20260823,60.0991508588138,1249.664703175887,0.022668515558744346,0.45269745826940333,0.007083911112107608,0.17385314900343468,0.01483019098176297,20.95563420376864,61.70039544783707,0.7067692858733816,False,,False,completed_normally,2001,20.0,0,
traj_01783,gradual_approach_v3,20260823,42.23705503383617,1078.7367989236666,0.08238934931336403,0.32563366236809677,0.025746671660426258,0.08238934931336403,-0.055466705190013454,42.237055033822415,81.90815068402105,0.6651176392154384,False,,False,completed_normally,2001,20.0,0,
traj_01784,gradual_approach_v3,20260823,47.03662624328618,757.9599817852336,0.05974100923102807,0.3452962208068344,0.01866906538469627,0.20306710158907604,0.05974100923102807,20.48111355154001,47.03662624329357,0.5580473036915601,False,,False,completed_normally,2001,20.0,0,
traj_01785,gradual_approach_v3,20260823,33.841418244366224,1765.4999000557468,0.14542869524260457,0.33248680924960533,0.04544646726331393,0.14542869524260457,-0.016908890395387066,33.84141824436085,56.294979224506434,0.45057264267249575,False,,False,completed_normally,2001,20.0,0,
traj_01786,gradual_approach_v3,20260823,44.890002564443364,1073.1723553203324,0.06901118911318793,0.3348621910465102,0.02156599659787123,0.24262122981002776,0.03167169965025296,18.17465535753056,65.10776215597647,0.6093144368993304,False,,False,completed_normally,2001,20.0,0,
traj_01787,gradual_approach_v3,20260823,66.26633940384261,1546.3130894381347,0.01217151820734693,0.5241671368638489,0.003803599439795916,0.012171518207480915,-0.08521376138129277,66.26633940384261,84.67608735594409,0.7881292690692028,False,,True,validity_envelope_gamma_exceeded,678,6.7700000000000005,0,
traj_01788,gradual_approach_v3,20260823,62.24371202609698,1511.6574424890775,0.01866752507106096,0.4762266189792364,0.0058336015847065496,0.018667525071147648,-0.07673029972873824,62.24371202609698,80.54030738410972,0.7868203561034252,False,,True,validity_envelope_gamma_exceeded,785,7.84,0,
traj_01789,gradual_approach_v3,20260823,69.70856183673683,917.6417693968677,0.007473011284933013,0.5689189835046721,0.0023353160265415663,0.12570260059980942,0.007473011284911826,50.45673437111971,69.70856183673683,0.7855187754844523,False,,True,validity_envelope_gamma_exceeded,1019,10.18,0,
traj_01790,gradual_approach_v3,20260823,37.245547200835986,1902.828041625605,0.11518536768270865,0.3217824490843236,0.03599542740084645,0.38819187350485274,0.09360671732076942,21.68599242115922,42.625229522583844,0.4137651708897074,True,11.26,False,completed_normally,2001,20.0,0,
traj_01791,gradual_approach_v3,20260823,73.02567027020868,1955.9989868470582,0.003553463515673587,0.6151334225430016,0.001110457348647996,0.0035534635157966473,-0.085599472754123,73.02567027020868,90.23901710498588,0.7857187254987409,False,,True,validity_envelope_gamma_exceeded,1063,10.620000000000001,0,
traj_01792,gradual_approach_v3,20260823,70.89695028455628,717.044480801082,0.006006049203431706,0.5851339956017475,0.001876890376072408,0.0060060492034794384,-0.08413573931415874,70.89695028455628,89.74835575931593,0.7864827318160038,False,,True,validity_envelope_gamma_exceeded,868,8.67,0,
traj_01793,normal,20260823,39.52281712477968,1011.5138247418002,0.09879075784932795,0.32107299175825116,0.030872111827914984,0.0997358371637927,0.09727241509526662,39.24442142118878,39.95355199093457,0.009827389852862972,False,,False,completed_normally,2001,20.0,0,
traj_01794,normal,20260823,74.39467894162499,1105.8358909126753,0.0020851770255593785,0.6350622200197336,0.0006516178204873058,0.002085177025575287,-0.024901911783890576,74.39467894162499,88.05401292897805,0.17303359738297464,False,,False,completed_normally,2001,20.0,0,
traj_01795,gradual_approach_v3,20260823,43.3679035078945,1595.6928006402593,0.07639996602958843,0.32903653778486136,0.023874989384246384,0.32990601974482286,0.045811377553161337,18.411279095015722,55.772619288030626,0.5877491522636169,True,9.03,False,completed_normally,2001,20.0,0,
traj_01796,gradual_approach_v3,20260823,68.24467170949482,632.6204687988519,0.009385332787397435,0.549479768984194,0.0029329164960616985,0.11574551517397813,0.009385332787397435,50.21867850642666,68.24467170951614,0.7859205983950933,False,,True,validity_envelope_gamma_exceeded,876,8.75,0,
traj_01797,gradual_approach_v3,20260823,56.13846965997116,1947.1278642410293,0.03127946086178336,0.41323025539284114,0.0097748315193073,0.1866818458833014,0.03127946086162709,36.21026880945663,56.13846965997116,0.7857923650006923,False,,True,validity_envelope_gamma_exceeded,830,8.290000000000001,0,
traj_01798,gradual_approach_v3,20260823,68.13212559759477,1244.279946866129,0.009537424062937477,0.5480099920276624,0.0029804450196679617,0.00953742406298051,-0.07556640985147,68.13212559759477,87.69924294422165,0.7876271511103073,False,,True,validity_envelope_gamma_exceeded,1206,12.05,0,
traj_01799,gradual_approach_v3,20260823,71.90880909309735,1318.056965679539,0.004813343406643906,0.5992424328654943,0.0015041698145762208,0.004813343406651395,-0.05941386793869219,71.90880909309735,124.61639908370623,0.6671303047112412,False,,False,completed_normally,2001,20.0,0,
traj_01800,gradual_approach_v3,20260823,40.23233444279331,806.482759932138,0.09420177705445557,0.3217382440727621,0.029438055329517366,0.0942017770545447,-0.043170980765103895,40.23233444279331,70.06603330799577,0.5455894469530512,False,,False,completed_normally,2001,20.0,0,
traj_01801,gradual_approach_v3,20260823,53.78905599121105,520.2001248746635,0.03729339236578354,0.3924480763398967,0.011654185114307354,0.03729339236586472,-0.07323223007497387,53.78905599121105,76.1595489057681,0.7855456109653669,False,,True,validity_envelope_gamma_exceeded,715,7.140000000000001,0,
traj_01802,gradual_approach_v3,20260823,69.45608229435469,1042.4863749684378,0.0077943126747494085,0.5655238733545104,0.0024357227108591905,0.13148965344183716,0.0077943126747494085,24.309328565003383,69.45608229435544,0.7294910338416069,False,,False,completed_normally,2001,20.0,0,
traj_01803,gradual_approach_v3,20260823,72.18958775179505,596.3901226299301,0.004491153431758571,0.6032061270335166,0.0014034854474245535,0.11480878276799611,0.004491153431733876,51.38025753365356,72.18958775179505,0.7861324141990711,False,,True,validity_envelope_gamma_exceeded,1035,10.34,0,
traj_01804,gradual_approach_v3,20260823,54.43334976597918,613.1661820970398,0.035567857368702785,0.39794165168265366,0.01111495542771962,0.2169790166620593,0.02867643806675979,18.354201984777188,54.43334976597918,0.678044252467934,False,,False,completed_normally,2001,20.0,0,
traj_01805,gradual_approach_v3,20260823,53.76712736757216,938.9604754273577,0.037353193977703994,0.39226390559558566,0.011672873118032499,0.03735319397778117,-0.06459697506473655,53.76712736757216,78.16441103213637,0.7854226518097974,False,,True,validity_envelope_gamma_exceeded,996,9.950000000000001,0,
traj_01806,stall,20260823,71.82089216533916,1547.5107020471603,0.004914997084877398,0.5980056684312978,0.0015359365890241867,0.6469984107426913,0.004664855924988384,63.246577346840766,72.21760599536773,0.7863629256881349,True,4.04,True,validity_envelope_gamma_exceeded,484,4.83,0,
traj_01807,gradual_approach_v3,20260823,56.40440537199088,1488.2947456759246,0.030644859335094515,0.41571025646219484,0.009576518542217036,0.030644859335094515,-0.06934232772750226,56.40440537197562,100.84298592340296,0.6786616602782456,False,,False,completed_normally,2001,20.0,0,
traj_01808,gradual_approach_v3,20260823,42.18118440732663,557.4310177369028,0.0826971695190355,0.3254871364612756,0.025842865474698593,0.0826971695190355,-0.04635829531475505,42.181184407325915,80.16015064122027,0.6169306432511474,False,,False,completed_normally,2001,20.0,0,
traj_01809,gradual_approach_v3,20260823,43.94241947392172,1926.04106433857,0.07352463863016245,0.33107315375812535,0.022976449571925767,0.07352463863030752,-0.04443034486049363,43.94241947392172,76.29253579539983,0.5584708009876779,False,,False,completed_normally,2001,20.0,0,
traj_01810,gradual_approach_v3,20260823,40.86997905069285,1170.7404382549737,0.09026686892355426,0.3226643496557557,0.02820839653861071,0.09026686892355426,-0.04570748520787904,40.86997905069117,80.52637409652839,0.6631311726898421,False,,False,completed_normally,2001,20.0,0,
traj_01811,gradual_approach_v3,20260823,67.3571629067229,1980.6310510907497,0.010605241842363153,0.537986446307487,0.0033141380757384853,0.1315884288505081,0.010605241842363153,24.513647772992936,67.35716290673929,0.7129281303940833,False,,False,completed_normally,2001,20.0,0,
traj_01812,gradual_approach_v3,20260823,41.64126362704184,1512.9061001150287,0.08573252849238774,0.32417981392018796,0.02679141515387117,0.08573252849245219,-0.04139318236080036,41.64126362704184,78.62778737159799,0.6112762778594936,False,,False,completed_normally,2001,20.0,0,
traj_01813,gradual_approach_v3,20260823,64.49937968689866,669.6645610817377,0.014877260654370932,0.502514253691003,0.0046491439544909165,0.014877260654370932,-0.08596730201431668,64.49937968689832,86.32817574504689,0.7867675066951806,False,,True,validity_envelope_gamma_exceeded,695,6.94,0,
traj_01814,gradual_approach_v3,20260823,30.204808396817086,1141.7203729081705,0.1880861872768049,0.36096682086558424,0.058776933524001526,0.26634123662738485,0.036156566368761245,19.85087007895264,48.41881685030537,0.5293599646532967,False,,False,completed_normally,2001,20.0,0,
traj_01815,normal,20260823,31.90151609724231,1355.7387605065492,0.166560670214561,0.3450785269773035,0.05205020944205031,0.16872233395173108,0.16504464725201606,31.532276401857406,32.14420039161509,0.012674182852466472,False,,False,completed_normally,2001,20.0,0,
traj_01816,gradual_approach_v3,20260823,68.96233026147223,1704.8397097638374,0.008432776380575015,0.5589352669889314,0.002635242618929692,0.008432776380597464,-0.0849694510452863,68.96233026147223,88.08407055513702,0.7874679379095834,False,,True,validity_envelope_gamma_exceeded,990,9.89,0,
traj_01817,gradual_approach_v3,20260823,46.18662743378183,1785.8141817774026,0.06326285275006432,0.34086975302686234,0.0197696414843951,0.18961016530631425,0.047409141632616725,23.493128131676954,52.08758992715175,0.47808070902479816,False,,False,completed_normally,2001,20.0,0,
traj_01818,gradual_approach_v3,20260823,30.639977479793096,1819.4995748190063,0.18224613465769704,0.3564059327555193,0.05695191708053032,0.4058100365037533,0.15323384139008275,24.003118000729593,35.991036738052564,0.20814986113069023,True,7.49,False,completed_normally,2001,20.0,0,
traj_01819,gradual_approach_v3,20260823,56.67656718003313,1156.4557224952296,0.030004474502294286,0.4182744351058481,0.009376398281966963,0.030004474502294286,-0.06561815061793608,56.67656718003137,110.0252443760913,0.7527648171291688,False,,False,completed_normally,2001,20.0,0,
traj_01820,gradual_approach_v3,20260823,73.18667028047827,971.6540579986428,0.0033765430801940342,0.6174515026036368,0.0010551697125606356,0.11068095903262354,0.0033765430801940342,52.52117930115355,73.18667028047827,0.7856000121208987,False,,True,validity_envelope_gamma_exceeded,646,6.45,0,
traj_01821,gradual_approach_v3,20260823,40.26291330658626,1264.6488777707814,0.09400907261350039,0.32177568726687283,0.02937783519171887,0.09400907261350039,-0.05388559121974312,40.262913306585325,74.44372551825667,0.6127295738865509,False,,False,completed_normally,2001,20.0,0,
traj_01822,normal,20260823,40.264228360719265,1180.8260897819073,0.09400079449560378,0.32177731349403094,0.02937524827987618,0.13925760404854845,0.08095583022409693,34.07397993752544,44.606347818344055,0.1785708380372372,False,,False,completed_normally,2001,20.0,0,
traj_01823,gradual_approach_v3,20260823,63.586076897798755,1124.665125381187,0.0163639702466211,0.49168472320222184,0.005113740702069093,0.0163639702466211,-0.06925122952030444,63.586076897768464,85.91102676602206,0.7865180461484272,False,,True,validity_envelope_gamma_exceeded,1162,11.61,0,
traj_01824,gradual_approach_v3,20260823,72.9384110275537,1361.3707769823573,0.0036498366551692197,0.6138799301274608,0.0011405739547403813,0.0036498366551692197,-0.08156086961043896,72.93841102755185,92.3498248212584,0.7868858841279291,False,,True,validity_envelope_gamma_exceeded,958,9.57,0,
traj_01825,stall,20260823,67.94000398626783,1337.3061430020932,0.009798780948692628,0.545509240232653,0.0030621190464664464,0.009798780948692628,-0.26721227653092827,67.94000398626606,69.08616399216942,0.788486310695434,False,,True,validity_envelope_gamma_exceeded,503,5.0200000000000005,0,
traj_01826,gradual_approach_v3,20260823,71.5677571069085,1772.9968996070666,0.005209758335214988,0.5944562986959636,0.0016280494797546836,0.13474191125762044,0.005209758335214988,23.728878825209797,71.56775710691221,0.7775683665924557,False,,False,completed_normally,2001,20.0,0,
traj_01827,gradual_approach_v3,20260823,56.35820354645866,1668.7410820442278,0.030754476957908474,0.4152775824543502,0.009610774049346398,0.030754476957908474,-0.07596900577529214,56.358203546457645,80.23438367916562,0.7868885780357519,False,,True,validity_envelope_gamma_exceeded,939,9.38,0,
traj_01828,gradual_approach_v3,20260823,56.36380580777771,1382.5730730087216,0.030741171010830112,0.41533000629865857,0.00960661594088441,0.030741171010830112,-0.0661934364537981,56.363805807771705,109.09245775441268,0.7590202463695984,False,,False,completed_normally,2001,20.0,0,
traj_01829,stall,20260823,64.12555054982617,702.732228657408,0.0154782110539025,0.4980513338305798,0.004836940954344531,0.2583801303973555,0.015478211053739777,55.91636080489864,64.12555054982617,0.7890835746552353,False,,True,validity_envelope_gamma_exceeded,340,3.39,0,
traj_01830,gradual_approach_v3,20260823,31.722970542389657,1060.8724765971228,0.16867815053403337,0.34652000879099637,0.05271192204188543,0.20229905486164085,0.04282411792209467,24.401107950831847,49.848167080437776,0.4951465731550126,False,,False,completed_normally,2001,20.0,0,
traj_01831,gradual_approach_v3,20260823,68.83998658481505,1634.0232491714783,0.008593082561475666,0.5573131729303926,0.0026853383004611458,0.008593082561475666,-0.07591936107767439,68.83998658481364,88.78619089025908,0.7864997097297405,False,,True,validity_envelope_gamma_exceeded,789,7.88,0,
traj_01832,normal,20260823,42.39072208224052,941.309688762642,0.08154866156520099,0.3260473720496507,0.02548395673912531,0.13892168685668255,0.06439382623257078,32.45808018921973,49.08486221029064,0.2308112446419123,False,,False,completed_normally,2001,20.0,0,
traj_01833,gradual_approach_v3,20260823,70.34488734664995,904.5450748759068,0.006678371256650422,0.577553385390138,0.002086991017703257,0.09628681789062882,0.006678371256650422,48.04163306633247,70.3448873466507,0.78650123215368,False,,True,validity_envelope_gamma_exceeded,819,8.18,0,
traj_01834,stall,20260823,41.42434444660363,541.1350303730804,0.08698369740340672,0.3237110327023642,0.0271824054385646,1.0352618792678685,0.059106923311759846,38.847937585118935,51.52623615003008,0.34796775361961124,True,3.12,False,completed_normally,2001,20.0,0,
traj_01835,normal,20260823,49.17104415280928,503.3185304608727,0.051665160490036846,0.3579994312705379,0.016145362653136517,0.05220538614853262,0.051158432658102576,48.915166120087775,49.4250433827483,0.006391099145470125,False,,False,completed_normally,2001,20.0,0,
traj_01836,gradual_approach_v3,20260823,62.41234658928227,1346.9472073142101,0.018370060598277362,0.4781381404346119,0.005740643936961676,0.018370060598277362,-0.06949696332463351,62.41234658926974,118.52787387332842,0.7737878966682771,False,,False,completed_normally,2001,20.0,0,
traj_01837,gradual_approach_v3,20260823,35.96346102924345,730.6496956641872,0.1256817659863291,0.3243176404368674,0.03927555187072784,0.38121056858426683,0.09762665514268326,19.61984631871199,42.71333677017882,0.457893804957333,True,11.86,False,completed_normally,2001,20.0,0,
traj_01838,gradual_approach_v3,20260823,47.82971310008113,944.5555726584029,0.0566175734382056,0.34975806405920373,0.01769299169943925,0.22665576302791046,0.03468198891637175,19.30138549375067,57.30770480716588,0.6032370618374961,False,,False,completed_normally,2001,20.0,0,
traj_01839,gradual_approach_v3,20260823,68.09165748255829,1203.4589751663284,0.009592293856905354,0.547482375321876,0.002997591830282923,0.12077026922000511,0.009592293856905354,45.44278652245119,68.09165748256926,0.786838580819202,False,,True,validity_envelope_gamma_exceeded,937,9.36,0,
traj_01840,gradual_approach_v3,20260823,49.04283006355364,1117.9326288607565,0.05212153295219306,0.357175038938053,0.01628797904756033,0.05212153295233449,-0.036384369076441714,49.04283006355364,88.27813844832143,0.6122015533546935,False,,False,completed_normally,2001,20.0,0,
traj_01841,gradual_approach_v3,20260823,66.8747950555719,1430.079158282405,0.01128851258239114,0.531833444777192,0.0035276601819972313,0.011288512582423632,-0.08613133306382359,66.8747950555719,84.013267763227,0.786785856463885,False,,True,validity_envelope_gamma_exceeded,1080,10.790000000000001,0,
traj_01842,normal,20260823,44.1939213327431,1636.7369540362056,0.07229954522027968,0.33202746319189685,0.022593607881337397,0.07229954522042,0.014133287279209844,44.1939213327431,54.55209782689772,0.21786827152974964,False,,False,completed_normally,2001,20.0,0,
traj_01843,gradual_approach_v3,20260823,60.924862744947966,1775.3374144156448,0.02107862504963973,0.4615837746094137,0.006587070328012415,0.02107862504963973,-0.08055129529036975,60.9248627449475,82.26710166431653,0.7863722046904394,False,,True,validity_envelope_gamma_exceeded,790,7.890000000000001,0,
traj_01844,gradual_approach_v3,20260823,36.71604641354754,516.754894069887,0.11940050666108934,0.32262838438142255,0.03731265833159042,0.11940050666108934,-0.013365414461088243,36.71604641354013,60.151333610939176,0.45443300905737777,False,,False,completed_normally,2001,20.0,0,
traj_01845,gradual_approach_v3,20260823,37.687651667299725,747.3469635372202,0.11178874045199955,0.32128266919187276,0.03493398139124986,0.11178874045208545,-0.013084180117942934,37.687651667299725,64.41013193315395,0.491052153046021,False,,False,completed_normally,2001,20.0,0,
traj_01846,gradual_approach_v3,20260823,38.17765198848038,837.737270215257,0.10814921372682437,0.3209397671202305,0.03379662928963262,0.4096833310497212,0.08493763805744708,21.705379054189766,44.48009733443255,0.4269831282156311,True,10.57,False,completed_normally,2001,20.0,0,
traj_01847,gradual_approach_v3,20260823,36.8152024458353,931.4865320969265,0.1185986528422476,0.32244895514330996,0.03706207901320238,0.11859865284235444,-0.013927518588763232,36.8152024458353,63.71605963453636,0.5265882940191711,False,,False,completed_normally,2001,20.0,0,
traj_01848,normal,20260823,62.22002578501369,1072.8928535891353,0.018709497964076924,0.4759588345355676,0.0058467181137740395,0.018709497964076924,-0.003788146718837773,62.220025785012936,73.3432376629825,0.16816385803507025,False,,False,completed_normally,2001,20.0,0,
traj_01849,gradual_approach_v3,20260823,70.40565881750334,1389.9463559707597,0.006603593921788502,0.5783837991973487,0.002063623100558907,0.10634247474571656,0.006603593921623571,47.9826608789224,70.40565881750334,0.7864492620869952,False,,True,validity_envelope_gamma_exceeded,781,7.8,0,
traj_01850,gradual_approach_v3,20260823,62.4405090009386,879.8545902697731,0.01832061496327328,0.47845822712681924,0.0057251921760229,0.10507056984721341,0.01832061496327328,29.70518579373218,62.44050900093928,0.5429879573063988,False,,False,completed_normally,2001,20.0,0,
traj_01851,gradual_approach_v3,20260823,68.52614772820856,753.9720466637776,0.009008195675212684,0.5531712053444339,0.0028150611485039637,0.009008195675256783,-0.08698132811173886,68.52614772820856,88.08293702136707,0.7860332219653081,False,,True,validity_envelope_gamma_exceeded,962,9.61,0,
traj_01852,gradual_approach_v3,20260823,40.99991199005559,1494.3146216458802,0.08948610461298859,0.322889869062468,0.027964407691558932,0.30115694472179866,0.06986757986799641,19.25171312141986,46.08966450599565,0.5370976677059596,True,10.63,False,completed_normally,2001,20.0,0,
traj_01853,gradual_approach_v3,20260823,49.11176084454243,853.1280549648773,0.05187574457985311,0.3576173068061635,0.016211170181204097,0.2315079886140331,0.05187574457980876,19.370207769186223,49.11176084454243,0.6108607437712334,False,,False,completed_normally,2001,20.0,0,
traj_01854,stall,20260823,51.430127292618415,964.0395959563716,0.04416209188187245,0.3737311218741693,0.01380065371308514,0.04416754747003075,-0.29099829542176436,51.413519103655766,53.1315065964335,0.7898598954673882,True,2.82,True,validity_envelope_gamma_exceeded,317,3.16,0,
traj_01855,gradual_approach_v3,20260823,49.90202490314358,1620.3526971202864,0.049128368742948916,0.36284295247487314,0.015352615232171537,0.049128368742948916,-0.07005353970897743,49.90202490313238,99.93195588991917,0.7749110475970937,False,,False,completed_normally,2001,20.0,0,
traj_01856,gradual_approach_v3,20260823,59.383973221654905,1290.361078538571,0.0240987406030273,0.4451794992116698,0.00753085643844603,0.14909140760276202,0.024098740602860783,23.46175137323407,59.383973221654905,0.6544813914822284,False,,False,completed_normally,2001,20.0,0,
traj_01857,stall,20260823,51.9415655763697,1089.113676283446,0.04259482667380815,0.37759741434359023,0.013310883335565047,0.04259482667380815,-0.31931653329836684,51.94156557635735,54.05155577942906,0.7901183959198267,True,6.2,True,validity_envelope_gamma_exceeded,663,6.62,0,
traj_01858,gradual_approach_v3,20260823,65.66660097395132,550.4095558485834,0.013065728159296564,0.516715334100541,0.004083040049780176,0.13039892975484202,0.013065728159129687,44.24161621402292,65.66660097395132,0.7854398768730849,False,,True,validity_envelope_gamma_exceeded,1003,10.02,0,
traj_01859,gradual_approach_v3,20260823,33.459266093597826,1984.8621610882492,0.1493384781137926,0.3345483785342929,0.04666827441056019,0.4496216280376374,0.11079301900241353,22.820572144172928,42.85948227089715,0.30914393891986475,True,6.3500000000000005,False,completed_normally,2001,20.0,0,
traj_01860,stall,20260823,67.97921983388099,1103.310451361971,0.00974525468728862,0.5460188495371694,0.003045392089777694,0.010059789952640173,0.009101000479728874,67.619256555509,68.7105654055733,0.007981533635501234,False,,False,completed_normally,2001,20.0,0,
traj_01861,gradual_approach_v3,20260823,55.521279441053615,1853.8210102265045,0.03278694786695075,0.40757288619236315,0.01024592120842211,0.03278694786708749,-0.08273629428072427,55.521279441053615,73.7956921141073,0.7857238772584487,False,,True,validity_envelope_gamma_exceeded,1257,12.56,0,
traj_01862,normal,20260823,45.15281815724977,813.8844660691848,0.06780743756509564,0.33600474579093553,0.021189824239092384,0.09670571907155227,0.0659786502877904,40.55951506474208,45.94098488635724,0.1006410284403273,False,,False,completed_normally,2001,20.0,0,
traj_01863,gradual_approach_v3,20260823,54.47052137452577,1439.3509221929144,0.0354701342181713,0.39826342030837925,0.011084416943178532,0.16201080552102837,0.0354701342181713,22.832975806345498,54.47052137453481,0.5624141795692111,False,,False,completed_normally,2001,20.0,0,
traj_01864,gradual_approach_v3,20260823,59.32049620565336,1849.6376532394784,0.02422815219345212,0.4445203453430597,0.007571297560453788,0.23377816002471763,0.009659317653379795,16.880173390051592,66.34009509695721,0.7698399723092747,False,,False,completed_normally,2001,20.0,0,
traj_01865,gradual_approach_v3,20260823,67.91887124780993,649.5050609452837,0.00982766335925886,0.5452348003139839,0.0030711447997683935,0.12969107099875676,0.00982766335925886,47.18564232743661,67.91887124782082,0.7856506100174281,False,,True,validity_envelope_gamma_exceeded,1057,10.56,0,
traj_01866,gradual_approach_v3,20260823,46.47698915300376,900.2279252534756,0.06203876489778834,0.3423395460216243,0.019387114030558854,0.20271408691823795,0.05105589762275059,22.683471451045634,49.45553963663127,0.5016428164024608,False,,False,completed_normally,2001,20.0,0,
traj_01867,gradual_approach_v3,20260823,73.57970219277792,902.511629012002,0.0029494685389150985,0.623139137219324,0.0009217089184109683,0.0029494685389150985,-0.07893129711691294,73.5797021927724,92.18347432204354,0.7874067499868239,False,,True,validity_envelope_gamma_exceeded,898,8.97,0,
traj_01868,gradual_approach_v3,20260823,54.16245081779385,797.4490989091674,0.036286015827373015,0.3956125002210481,0.011339379946054069,0.14310606178773738,0.03628601582727914,25.047059338369944,54.16245081779385,0.5242249771338914,False,,False,completed_normally,2001,20.0,0,
traj_01869,gradual_approach_v3,20260823,55.42492369702495,1867.28238379936,0.033026772998991955,0.4067021736308441,0.010320866562184986,0.18482069294311013,0.022685667680656496,20.59105766189307,58.545337826899924,0.6234666659225083,False,,False,completed_normally,2001,20.0,0,
traj_01870,gradual_approach_v3,20260823,59.982461060118034,754.2390240454226,0.022898435399722816,0.4514594021532792,0.00715576106241338,0.02289843539974631,-0.07886879246644352,59.982461060118034,79.2288319613605,0.7854368207087115,False,,True,validity_envelope_gamma_exceeded,806,8.05,0,
traj_01871,gradual_approach_v3,20260823,35.95557752383457,788.0266345422842,0.125749437129502,0.3243384744516747,0.03929669910296938,0.125749437129502,-0.025381906194026416,35.95557752383092,63.68796085577173,0.5368726308095793,False,,False,completed_normally,2001,20.0,0,
traj_01872,normal,20260823,64.84502303283237,1748.2105512677713,0.014330733567445346,0.5066776738853656,0.004478354239826671,0.041223053660909795,-0.011967814124238849,60.14863979468572,70.95197339950202,0.16295622245456565,False,,False,completed_normally,2001,20.0,0,
traj_01873,stall,20260823,71.69571378220685,1940.907544183398,0.0050603737128079125,0.5962483100536141,0.0015813667852524727,0.6107764013189934,0.0050603737128079125,61.86717300762367,71.69571378220685,0.7860166569020461,True,3.81,True,validity_envelope_gamma_exceeded,467,4.66,0,
traj_01874,normal,20260823,58.54675515285352,555.0386177218478,0.025839075923678196,0.4365934193225682,0.008074711226149436,0.045006481983087654,0.025839075923582217,52.2277392317726,58.54675515285352,0.10505277058940599,False,,False,completed_normally,2001,20.0,0,
traj_01875,gradual_approach_v3,20260823,35.64961954408062,1769.3838502581048,0.12840672445965554,0.3251988932762498,0.04012710139364235,0.12840672445965554,-0.011840967614847347,35.6496195440595,61.73338459085726,0.46576352115244335,False,,False,completed_normally,2001,20.0,0,
traj_01876,gradual_approach_v3,20260823,59.73995544659901,677.8849524929253,0.023380511914428918,0.44890065841906057,0.0073064099732590366,0.16347099543319657,0.023380511914382625,21.945122764761383,59.73995544659901,0.7073143695279462,False,,False,completed_normally,2001,20.0,0,
traj_01877,stall,20260823,62.92549635147267,1525.4636381513512,0.01747936456359002,0.48400880780296496,0.005462301426121881,0.38659785093242915,0.01747936456359002,54.15173277348781,62.92549635149434,0.7860282892106042,True,6.17,True,validity_envelope_gamma_exceeded,687,6.86,0,
traj_01878,gradual_approach_v3,20260823,35.480439218856716,1030.920789485827,0.12990239297914186,0.3257186980194981,0.04059449780598183,0.26976479634804773,0.09127047444808821,23.45242914658468,46.56092631183637,0.3303034715269919,False,,False,completed_normally,2001,20.0,0,
traj_01879,normal,20260823,58.49344118485269,971.6657607212948,0.02595239994226611,0.4360546056116377,0.00811012498195816,0.02614584054935457,0.025651468505530843,58.34387683297531,58.72168617405976,0.0032400357505021535,False,,False,completed_normally,2001,20.0,0,
traj_01880,gradual_approach_v3,20260823,33.789441294297845,1116.717178534444,0.1459536686075326,0.33275587517803895,0.04561052143985393,0.4326258729696822,0.10590564227387865,21.316218949887812,43.81264387418399,0.3649933523223574,True,7.3,False,completed_normally,2001,20.0,0,
traj_01881,gradual_approach_v3,20260823,38.15805619308257,818.8694773670859,0.1082923057355531,0.32094932439061746,0.033841345542360346,0.4885140029892653,0.07595911025608976,20.81567694141223,48.16475292106499,0.4533867878807259,True,9.82,False,completed_normally,2001,20.0,0,
traj_01882,gradual_approach_v3,20260823,46.39853177097023,1173.073408738372,0.062367333064360944,0.34193802524812755,0.019489791582612794,0.20167827467780086,0.03394862321744885,20.902734897699208,60.88550960462826,0.5474283745204037,False,,False,completed_normally,2001,20.0,0,
traj_01883,gradual_approach_v3,20260823,56.42084313152403,1919.4005072921552,0.03060592324925385,0.4158643775867394,0.009564351015391829,0.030605923249370486,-0.07550276129157019,56.42084313152403,78.30418787598045,0.7866903950505957,False,,True,validity_envelope_gamma_exceeded,1132,11.31,0,
traj_01884,gradual_approach_v3,20260823,49.00617749404385,1466.0368986538995,0.05225263712857736,0.3569407679465637,0.016328949102680426,0.1995084303715342,0.029769634068426587,21.634470130407994,60.65603385555294,0.5516827005208421,False,,False,completed_normally,2001,20.0,0,
traj_01885,stall,20260823,66.06118744019676,651.1409502006842,0.012474691590112181,0.5216063622391215,0.0038983411219100567,0.8792804508138746,0.012474691589968867,46.712951930372896,66.06118744019676,0.7878807776136655,True,4.5600000000000005,True,validity_envelope_gamma_exceeded,708,7.07,0,
traj_01886,gradual_approach_v3,20260823,70.88009882124574,927.3582121520752,0.006026341667630868,0.5849013753949687,0.0018832317711346463,0.00602634166765961,-0.07795326921260637,70.88009882124574,90.0248316209418,0.786044016974692,False,,True,validity_envelope_gamma_exceeded,961,9.6,0,
traj_01887,gradual_approach_v3,20260823,64.56324918226538,865.4147004756342,0.014775617339635238,0.5032809183759043,0.004617380418636012,0.014775617339635238,-0.06408404169808768,64.56324918226538,118.93691919496436,0.7158965095126077,False,,False,completed_normally,2001,20.0,0,
traj_01888,gradual_approach_v3,20260823,32.33815110923414,1864.3086295721882,0.16151271597618708,0.34176453052642464,0.05047272374255846,0.4057978067209891,0.12423243439450586,23.357080545023834,40.531086960598735,0.2691536042029029,True,4.76,False,completed_normally,2001,20.0,0,
traj_01889,gradual_approach_v3,20260823,45.48788045289545,1946.285154135199,0.06630178888407565,0.33751746978175473,0.020719309026273638,0.32176049600641177,0.02552571548708149,14.835938061887859,69.20424837544174,0.7173795990220988,True,7.2700000000000005,False,completed_normally,2001,20.0,0,
traj_01890,gradual_approach_v3,20260823,46.8160470496424,1187.9267084922685,0.060637151675281574,0.3441115930728306,0.018949109898525492,0.060637151675281574,-0.028913179933566235,46.81604704963833,81.01815042460862,0.54463674169663,False,,False,completed_normally,2001,20.0,0,
traj_01891,gradual_approach_v3,20260823,72.24964991638016,1613.9500259138185,0.004422715421180985,0.6040567491591371,0.0013820985691190577,0.09497526809599899,0.004422715421180985,48.42739910126846,72.24964991639821,0.7856155510128654,False,,True,validity_envelope_gamma_exceeded,1068,10.67,0,
traj_01892,gradual_approach_v3,20260823,55.81714619996368,1486.1934812213644,0.03205816032970875,0.41026765895394307,0.010018175103033985,0.18058050855001764,0.03205816032970875,20.896188484131144,55.81714619996368,0.6504892925387625,False,,False,completed_normally,2001,20.0,0,
traj_01893,gradual_approach_v3,20260823,47.451752752828476,1263.718952168798,0.05808718087652799,0.34759256341404066,0.018152244023914996,0.05808718087652799,-0.05898316174070983,47.45175275279533,91.69986558986533,0.7235799181228155,False,,False,completed_normally,2001,20.0,0,
traj_01894,gradual_approach_v3,20260823,69.42458045384527,941.0814474064026,0.007834645033608,0.5651014995399242,0.0024483265730025,0.10143604413645313,0.007834645033608,44.727797386044095,69.42458045387443,0.7854974181242673,False,,True,validity_envelope_gamma_exceeded,1308,13.07,0,
traj_01895,stall,20260823,66.30746833489451,858.415042064745,0.01211107248466475,0.5246819862629597,0.0037847101514577345,0.01211107248482231,-0.21210353715040453,66.30746833489451,69.03727504568036,0.7890062465770566,False,,True,validity_envelope_gamma_exceeded,526,5.25,0,
traj_01896,gradual_approach_v3,20260823,33.173938716962304,727.1042195309938,0.15233476980024505,0.33621592924070004,0.04760461556257658,0.15233476980024505,-0.01958499901631655,33.17393871695793,61.21165765764477,0.5383519201002007,False,,False,completed_normally,2001,20.0,0,
traj_01897,gradual_approach_v3,20260823,66.2032562864679,1955.2407870519573,0.012264445744427296,0.5233784160893229,0.00383263929513353,0.012264445744488203,-0.08116737467018986,66.2032562864679,83.38796032450685,0.7862329331206568,False,,True,validity_envelope_gamma_exceeded,675,6.74,0,
traj_01898,gradual_approach_v3,20260823,33.965071929070724,1799.0631504356725,0.1441882365413605,0.33186080264424556,0.045058823919175164,0.4744419332832771,0.10988434139474576,21.618159068639358,42.200724092328336,0.35826667120275774,True,8.18,False,completed_normally,2001,20.0,0,
traj_01899,gradual_approach_v3,20260823,40.08474892985684,1544.6543919505066,0.09513764157533383,0.32156758368312466,0.029730512992291822,0.4381200317746632,0.06428923732545133,19.202360828729372,50.266737443436895,0.5282877220532188,True,10.46,False,completed_normally,2001,20.0,0,
traj_01900,gradual_approach_v3,20260823,62.14201334814798,1303.0733320428099,0.018848074010347333,0.4750780977874133,0.005890023128233541,0.018848074010347333,-0.08348688021915762,62.142013348147906,84.87016946502627,0.7861130746577416,False,,True,validity_envelope_gamma_exceeded,731,7.3,0,
traj_01901,gradual_approach_v3,20260823,61.90566732360108,1162.9573011320324,0.01927106407677624,0.472421383402099,0.006022207523992575,0.19106288513580613,0.01289099024231033,19.38546514659091,61.90566732360108,0.7616271744300966,False,,False,completed_normally,2001,20.0,0,
traj_01902,normal,20260823,30.45353952373583,1351.9166347411956,0.18471852654535384,0.35831661286396,0.05772453954542308,0.1865197684145246,0.18305488894633323,30.178325973983913,30.692077082714775,0.009981949625092416,False,,False,completed_normally,2001,20.0,0,
traj_01903,normal,20260823,45.07030528064391,1888.6682784961185,0.06818318519077046,0.3356418354020143,0.021307245372115768,0.06942739631136496,0.039028980329283904,44.44150730993546,48.55558715964365,0.07521720918749328,False,,False,completed_normally,2001,20.0,0,
traj_01904,stall,20260823,74.99317991810739,1683.36913019707,0.0014681630249944492,0.6439288069744634,0.00045880094531076536,0.0014681630249944492,-0.2451251586239569,74.99317991809937,76.00161350369099,0.7908199221365368,False,,True,validity_envelope_gamma_exceeded,740,7.390000000000001,0,
traj_01905,gradual_approach_v3,20260823,69.24028044775164,1301.271144769863,0.008071700338841942,0.562635917524923,0.002522406355888107,0.0080717003388765,-0.08659342718279206,69.24028044775164,86.76736725303202,0.7874549189304683,False,,True,validity_envelope_gamma_exceeded,1005,10.040000000000001,0,
traj_01906,gradual_approach_v3,20260823,40.48765475844854,1019.1759251738764,0.09260528472465157,0.3220726132896397,0.028939151476453616,0.09260528472465157,-0.040460732814966816,40.487654758443604,75.96555981537848,0.5908350068809717,False,,False,completed_normally,2001,20.0,0,
traj_01907,stall,20260823,34.614588025833214,826.1983592441404,0.1378627944463589,0.3288902272233352,0.04308212326448716,0.13786279444638477,-0.5458859100600942,34.614588025833214,39.99451718508291,0.7857787936126693,True,5.68,True,validity_envelope_gamma_exceeded,663,6.62,0,
traj_01908,gradual_approach_v3,20260823,63.52833416411632,1931.213478947462,0.016460100506853204,0.4910084692757616,0.005143781408391626,0.13077352436681144,0.016460100506853204,40.865991805801656,63.52833416412166,0.7855529445426981,False,,True,validity_envelope_gamma_exceeded,1025,10.24,0,
traj_01909,gradual_approach_v3,20260823,32.24835488499621,1507.8004706035854,0.16253609963131044,0.3424220386902089,0.05079253113478451,0.47650285000560877,0.12831014016256395,24.136893067370735,39.57376812825203,0.24194125184577947,True,3.7800000000000002,False,completed_normally,2001,20.0,0,
traj_01910,gradual_approach_v3,20260823,39.68667442731709,1718.9198436924528,0.09771059652224023,0.3211914870086042,0.030534561413200073,0.09771059652224023,-0.02498310119366426,39.686674427309214,66.66232808457949,0.49000866907792606,False,,False,completed_normally,2001,20.0,0,
traj_01911,gradual_approach_v3,20260823,46.68949257259404,1389.131268187609,0.06115685665489315,0.34344320365230246,0.019111517704654107,0.19229173389724763,0.06115685665483625,23.4821257460794,46.68949257259404,0.4834585712512678,False,,False,completed_normally,2001,20.0,0,
traj_01912,gradual_approach_v3,20260823,53.1244152871338,751.1242386257452,0.039138306550216884,0.38694917173740634,0.012230720796942776,0.03913830655036166,-0.08172638140288524,53.1244152871338,74.4407353522478,0.7856482736621134,False,,True,validity_envelope_gamma_exceeded,1146,11.450000000000001,0,
traj_01913,normal,20260823,54.5816997123386,642.9380135312651,0.0351790179935729,0.3992289282404282,0.01099344312299153,0.03591537481891929,0.03498820864247624,54.12400402398605,54.71685264792254,0.01034029534753382,False,,False,completed_normally,2001,20.0,0,
traj_01914,normal,20260823,46.93046090748162,1865.6376835054477,0.06017079891500432,0.3447229511946433,0.01880337466093885,0.07576157934511667,0.06004136222174688,44.05264348221687,47.03913670301661,0.05794460223667246,False,,False,completed_normally,2001,20.0,0,
traj_01915,normal,20260823,65.43097656595718,781.2828567705048,0.013423712637164457,0.5138163309121127,0.0041949101991138925,0.05093474723125177,0.013423712637029279,54.9058971981971,65.43097656595718,0.16574642585035562,False,,False,completed_normally,2001,20.0,0,
traj_01916,gradual_approach_v3,20260823,71.38594347425345,713.3935483659593,0.005423388577299528,0.591917607933655,0.0016948089304061025,0.005423388577322479,-0.06789906786344413,71.38594347425345,93.65718870687293,0.7862076453822658,False,,True,validity_envelope_gamma_exceeded,1192,11.91,0,
traj_01917,gradual_approach_v3,20260823,70.35279620538547,1104.5344264749306,0.006668628801775342,0.5776613992073709,0.002083946500554794,0.12048115769611023,0.006668628801775342,47.353636081534354,70.3527962053982,0.7858557077452252,False,,True,validity_envelope_gamma_exceeded,1191,11.9,0,
traj_01918,gradual_approach_v3,20260823,68.8760956959246,911.8096609867442,0.008545681072977023,0.5577914926927603,0.0026705253353053195,0.13586267593723822,0.008545681072872128,47.49638673731084,68.8760956959246,0.7874635161063378,False,,True,validity_envelope_gamma_exceeded,834,8.33,0,
traj_01919,gradual_approach_v3,20260823,59.10017065933355,917.7067661544183,0.02468052609594953,0.4422428054288916,0.007712664404984229,0.1710034849440697,0.024680526095913112,36.346729451700256,59.10017065933355,0.7859588130626648,False,,True,validity_envelope_gamma_exceeded,944,9.43,0,
traj_01920,gradual_approach_v3,20260823,56.06586524785236,1921.0402610890087,0.031454261068144806,0.41255758676726084,0.009829456583795252,0.03145426106818396,-0.0700337178227135,56.06586524785236,107.30933557343549,0.7494024215796979,False,,False,completed_normally,2001,20.0,0,
traj_01921,normal,20260823,31.413831399409883,1564.2511538400963,0.17242093923068572,0.34913832982127085,0.053881543509589284,0.17496881308525103,0.16993267712747714,30.996321027875016,31.80143989115119,0.0145964268202837,False,,False,completed_normally,2001,20.0,0,
traj_01922,gradual_approach_v3,20260823,58.80048104304014,1846.5511075647034,0.025303911525696537,0.4391707835450838,0.007907472351780168,0.20047598350814014,0.025303911525672552,18.999587477404592,58.80048104304014,0.7475180613856933,False,,False,completed_normally,2001,20.0,0,
traj_01923,gradual_approach_v3,20260823,36.11913434936154,586.3199584901321,0.12435358222446977,0.3239197981393923,0.0388604944451468,0.39495483092396894,0.08208990982528695,21.921425107212297,49.22882806654941,0.38833421415754193,True,7.36,False,completed_normally,2001,20.0,0,
traj_01924,gradual_approach_v3,20260823,41.791136618579436,838.1732963052431,0.08487880070653195,0.324522765519669,0.026524625220791232,0.08487880070665738,-0.05593227875207962,41.791136618579436,83.25538800392056,0.7146186852770842,False,,False,completed_normally,2001,20.0,0,
traj_01925,gradual_approach_v3,20260823,67.85255485106724,1751.5538577991654,0.009918472311413424,0.5443744011798919,0.003099522597316695,0.009918472311413424,-0.056038418882104535,67.85255485106336,127.52039430570176,0.7809930584855475,False,,False,completed_normally,2001,20.0,0,
traj_01926,gradual_approach_v3,20260823,69.0527488255712,1477.9684073364504,0.008314842943455598,0.5601367549130354,0.0025983884198298745,0.11345010425264862,0.008314842943455598,26.74708230737724,69.05274882557512,0.6893846985154334,False,,False,completed_normally,2001,20.0,0,
traj_01927,gradual_approach_v3,20260823,30.96854660397357,636.2779566921889,0.1779912909258606,0.3531921676372192,0.05562227841433144,0.23420942495983454,0.029322118950706022,22.408649906529607,46.571020281468535,0.441844269562876,False,,False,completed_normally,2001,20.0,0,
traj_01928,gradual_approach_v3,20260823,74.00450773377392,873.4151594282454,0.002495428149510687,0.6293323009878645,0.0007798212967220897,0.08735173648518751,0.002495428149510687,47.400844518926874,74.00450773379045,0.7854039126414013,False,,True,validity_envelope_gamma_exceeded,1062,10.61,0,
traj_01929,normal,20260823,54.38883133558818,1122.000613266888,0.03568515397134006,0.3975569749621566,0.011151610616043769,0.03598091627652386,0.034969868798971064,54.19354541679846,54.8401983489261,0.007063738045515642,False,,False,completed_normally,2001,20.0,0,
traj_01930,gradual_approach_v3,20260823,58.519782125279576,979.6899548936617,0.025896371586510824,0.43632069862553235,0.008092616120784631,0.025896371586510824,-0.0539774385390584,58.51978212526239,110.28483573927139,0.7244476167316785,False,,False,completed_normally,2001,20.0,0,
traj_01931,gradual_approach_v3,20260823,30.750529728793246,1071.1168296732271,0.1808002393761016,0.3553029907033211,0.056500074805031754,0.30110575467259443,0.010259934651263514,17.32349153235629,52.65146002291752,0.6184540131167285,True,19.78,False,completed_normally,2001,20.0,0,
traj_01932,gradual_approach_v3,20260823,74.00683060539119,633.290880179436,0.0024929666936266423,0.6293662959432285,0.0007790520917583257,0.10748677024036057,0.0024929666936266423,51.16741735069444,74.00683060539305,0.7867126958199554,False,,True,validity_envelope_gamma_exceeded,764,7.63,0,
traj_01933,gradual_approach_v3,20260823,37.53833231083839,1765.67404052328,0.11292374312801401,0.3214309196977796,0.03528866972750438,0.3652970871546048,0.09629969290594631,21.021687558994227,41.18399821586092,0.4377554365891005,True,11.120000000000001,False,completed_normally,2001,20.0,0,
traj_01934,gradual_approach_v3,20260823,36.94156648728724,825.3664625189648,0.11758520534636865,0.3222344462922334,0.03674537667074021,0.30032529367987215,0.10144540491128962,21.341862892446127,40.40442691842957,0.4188555458227243,True,11.35,False,completed_normally,2001,20.0,0,
traj_01935,gradual_approach_v3,20260823,70.3335312569969,1697.7182221938065,0.00669236584141251,0.5773983214975491,0.0020913643254414096,0.11562107711818692,0.006692365841282213,47.896910412268795,70.3335312569969,0.786448434119519,False,,True,validity_envelope_gamma_exceeded,1237,12.36,0,
traj_01936,gradual_approach_v3,20260823,60.188624655372216,1791.156969018331,0.02249311316023814,0.4536497533934955,0.007029097862574419,0.15371082696365262,0.02249311316023814,22.862678324072174,60.18862465537433,0.668241559406534,False,,False,completed_normally,2001,20.0,0,
traj_01937,gradual_approach_v3,20260823,73.44816022969022,1615.013067210023,0.0030916481117853724,0.6212310342496982,0.0009661400349329289,0.003091648111853674,-0.08036842243107101,73.44816022969022,91.51438481815039,0.785945970267231,False,,True,validity_envelope_gamma_exceeded,776,7.75,0,
traj_01938,normal,20260823,40.010890063257335,1090.6811941456529,0.09560962563537287,0.32148846907747863,0.02987800801105402,0.0962333854810701,0.09474123605700721,39.84185873517275,40.27318321118868,0.007903750751956658,False,,False,completed_normally,2001,20.0,0,
traj_01939,gradual_approach_v3,20260823,58.618178619757245,1194.1258078151986,0.02568773546109371,0.43731675598471714,0.008027417331591786,0.21994984974936152,0.02568773546109371,17.736940534783628,58.61817861978248,0.7792894308691294,False,,False,completed_normally,2001,20.0,0,
traj_01940,gradual_approach_v3,20260823,40.869088736982775,1976.711430898466,0.09027224293893915,0.322662846728441,0.028210075918418485,0.2418487847195771,0.06372908153831225,21.299433427839766,49.856016671689076,0.4757892176908112,False,,False,completed_normally,2001,20.0,0,
traj_01941,gradual_approach_v3,20260823,53.88854954433009,1731.8270102190322,0.03702296193195795,0.39328601979851596,0.011569675603736857,0.03702296193195795,-0.07749259429219663,53.88854954430493,78.0085549469719,0.7859691503560342,False,,True,validity_envelope_gamma_exceeded,1204,12.030000000000001,0,
traj_01942,gradual_approach_v3,20260823,73.0018887195499,1237.9821730029262,0.0035796950276277277,0.6147915969847185,0.001118654696133665,0.003579695027760262,-0.06303161076598207,73.0018887195499,130.37555711239483,0.7481973760565427,False,,False,completed_normally,2001,20.0,0,
traj_01943,gradual_approach_v3,20260823,72.79838868348199,1273.1617856143923,0.0038052017621775956,0.6118727055450189,0.0011891255506804985,0.11791450726317154,0.003805201762128749,51.030428153221486,72.79838868348199,0.7871493546401901,False,,True,validity_envelope_gamma_exceeded,1143,11.42,0,
traj_01944,stall,20260823,61.5227859631127,1480.3907642861705,0.01996654618557849,0.46815456241206804,0.006239545682993277,0.02063014227946326,0.018931597072700725,60.94314755268424,62.42945728835641,0.011695104232105798,False,,False,completed_normally,2001,20.0,0,
traj_01945,gradual_approach_v3,20260823,44.26273113693357,1102.926091341324,0.07196784392898106,0.3322951008223524,0.022489951227806584,0.3028951947627756,0.049059568955514,16.54980461301385,51.279546727124654,0.6522990689230745,True,10.34,False,completed_normally,2001,20.0,0,
traj_01946,gradual_approach_v3,20260823,32.17844990252793,697.7754527864629,0.16333801124376865,0.34294242923203677,0.0510431285136777,0.16333801124390385,0.043697831734378245,32.17844990252793,48.94871016417478,0.4343428211297886,False,,False,completed_normally,2001,20.0,0,
traj_01947,gradual_approach_v3,20260823,44.46566346194009,1397.2199569125055,0.07099817684837725,0.3331006183286479,0.02218693026511789,0.19818792646190886,0.04566323539166567,23.704045280679573,55.68176376254187,0.45397627611248753,False,,False,completed_normally,2001,20.0,0,
traj_01948,gradual_approach_v3,20260823,69.36026434247081,1685.743877428732,0.007917159016752256,0.5642400060711972,0.0024741121927350797,0.12727930393575881,0.007917159016752256,49.288544703334175,69.36026434247081,0.7869833535244106,False,,True,validity_envelope_gamma_exceeded,996,9.950000000000001,0,
traj_01949,gradual_approach_v3,20260823,40.10620612847855,1776.521219624512,0.09500097844250602,0.32159135692244134,0.02968780576328313,0.4112153175637551,0.07852412981699486,20.160799289109566,43.93367215858046,0.49938144162277665,True,11.52,False,completed_normally,2001,20.0,0,
traj_01950,gradual_approach_v3,20260823,66.60222439915269,1112.1169319551136,0.011681115286810904,0.5283859980637468,0.003650348527128407,0.12898599856662762,0.011681115286810368,44.107127853561245,66.60222439915269,0.7862537918387132,False,,True,validity_envelope_gamma_exceeded,802,8.01,0,
traj_01951,gradual_approach_v3,20260823,53.636551496379155,1635.8326636395475,0.03771077821961871,0.39117110036051617,0.011784618193630848,0.037710778219648834,-0.07274334033765256,53.636551496379155,107.2738352595096,0.7628314780746109,False,,False,completed_normally,2001,20.0,0,
traj_01952,gradual_approach_v3,20260823,57.72640038936924,1683.3908574573,0.027617194677073416,0.42840935020282694,0.008630373336585442,0.17955491627154732,0.027617194677073416,20.740905114679755,57.7264003893748,0.7148860556699039,False,,False,completed_normally,2001,20.0,0,
traj_01953,stall,20260823,58.05421250547606,1976.0245897517718,0.02689775445077744,0.43165218483867296,0.00840554826586795,0.02748910328139303,-0.34732697637876675,57.41106968605925,58.42958930517893,0.7857750000906925,True,5.01,True,validity_envelope_gamma_exceeded,552,5.51,0,
traj_01954,stall,20260823,63.88433486411357,1400.0408014706893,0.01587152250578655,0.4951937998360602,0.004959850783058297,0.5960389193951183,0.015871522505765255,53.97449984342732,63.88433486411357,0.7855336308608296,True,4.94,True,validity_envelope_gamma_exceeded,601,6.0,0,
traj_01955,stall,20260823,45.66241729289526,698.694317222663,0.06553009395880785,0.3383300181348224,0.02047815436212745,0.06553009395880785,-0.23168175422480652,45.662417292894375,49.407938101332334,0.7910929871172957,False,,True,validity_envelope_gamma_exceeded,291,2.9,0,
traj_01956,gradual_approach_v3,20260823,54.16221708937675,1280.8896371429173,0.0362866400146617,0.3956105027179158,0.01133957500458178,0.24586784354946953,0.036286640014518895,16.71321665363633,54.16221708937675,0.7553127383773837,False,,False,completed_normally,2001,20.0,0,
traj_01957,gradual_approach_v3,20260823,62.37224471119206,1393.288581882639,0.018440582870337816,0.4776827761046562,0.005762682146980567,0.018440582870337816,-0.08931964409307147,62.37224471118504,72.68638364734414,0.7872502486278702,False,,True,validity_envelope_gamma_exceeded,729,7.28,0,
traj_01958,gradual_approach_v3,20260823,41.84471094460513,1410.277326173675,0.08457572425853249,0.32464910359709004,0.026429913830791404,0.3203993937563831,0.05968454076929858,18.49704150586198,49.62208516194827,0.5692606842026957,True,10.63,False,completed_normally,2001,20.0,0,
traj_01959,gradual_approach_v3,20260823,67.38130564376179,1958.8560562274183,0.0105714247157911,0.538296148361159,0.0033035702236847183,0.13168639704085483,0.0105714247157911,24.49916561739211,67.38130564378386,0.7247314884033748,False,,False,completed_normally,2001,20.0,0,
traj_01960,gradual_approach_v3,20260823,64.70030475854735,1532.7963034088366,0.014558507200838771,0.5049301699381843,0.004549533500262115,0.0145585072009969,-0.0722059869958186,64.70030475854735,119.49823868867985,0.7427473973232264,False,,False,completed_normally,2001,20.0,0,
traj_01961,gradual_approach_v3,20260823,39.598346404648346,794.5833489813488,0.09829131431085858,0.32112494918673146,0.030716035722143306,0.09829131431085858,-0.0155792070853904,39.598346404648346,69.92004412207496,0.5572610332540977,False,,False,completed_normally,2001,20.0,0,
traj_01962,gradual_approach_v3,20260823,62.71889638919429,1110.4404408067146,0.017835373883592593,0.4816354708339226,0.005573554338622685,0.017835373883592593,-0.08561331407806994,62.71889638919397,82.31663768551158,0.7860866353329097,False,,True,validity_envelope_gamma_exceeded,659,6.58,0,
traj_01963,gradual_approach_v3,20260823,42.030222221445605,1631.8409227587242,0.08353472102953699,0.3251016837228371,0.02610460032173031,0.24294475488480344,0.06951380246985078,21.816457455609115,45.61332271902688,0.4757114590565717,False,,False,completed_normally,2001,20.0,0,
traj_01964,gradual_approach_v3,20260823,52.9941427051049,1699.6081073563435,0.03950791347598073,0.3858917022816805,0.012346222961243979,0.03950791347598073,-0.07839254615433178,52.99414270508376,71.04739819050751,0.785510695328528,False,,True,validity_envelope_gamma_exceeded,1128,11.27,0,
traj_01965,gradual_approach_v3,20260823,51.96223096287768,1661.1177041432725,0.04253244876114318,0.3777559179769453,0.013291390237857243,0.17945927759791602,0.04253244876114318,23.39883342212727,51.962230962900826,0.555596789582078,False,,False,completed_normally,2001,20.0,0,
traj_01966,gradual_approach_v3,20260823,49.742472731027064,1649.8885688769983,0.04967279589627295,0.361765132478115,0.015522748717585298,0.04967279589627295,-0.04386605136666044,49.74247273101698,86.89006291186138,0.5859060083834856,False,,False,completed_normally,2001,20.0,0,
traj_01967,gradual_approach_v3,20260823,71.5841211276462,1222.633998363967,0.005190609708223956,0.5946852284875426,0.001622065533819986,0.005190609708223956,-0.06395187459008483,71.58412112762201,126.20263458224322,0.7547932038695291,False,,False,completed_normally,2001,20.0,0,
traj_01968,gradual_approach_v3,20260823,57.04209465043107,1501.058241799228,0.02915855003594707,0.42175947712345896,0.009112046886233459,0.02915855003594707,-0.08015275853199666,57.04209465043107,76.69620443076602,0.7864290073691124,False,,True,validity_envelope_gamma_exceeded,818,8.17,0,
traj_01969,gradual_approach_v3,20260823,42.379976035348484,1206.7033196339328,0.08160716955382341,0.3260179326455551,0.025502240485569812,0.2996494815919314,0.07007848865675498,18.99573874838388,44.13711169812467,0.5602403967327091,True,11.01,False,completed_normally,2001,20.0,0,
traj_01970,gradual_approach_v3,20260823,47.858023411687654,1140.2574479950176,0.056508852960318864,0.3499230971050581,0.017659016550099643,0.056508852960318864,-0.05101944561727195,47.85802341168092,87.52255926217438,0.6324945529428355,False,,False,completed_normally,2001,20.0,0,
traj_01971,stall,20260823,71.80347112788796,1218.1213909875935,0.004935184013304861,0.5977608454543565,0.0015422450041577692,0.004935184013478578,-0.31316577138858614,71.80347112788796,72.25309349110876,0.7922675634017265,True,4.32,True,validity_envelope_gamma_exceeded,461,4.6000000000000005,0,
traj_01972,normal,20260823,65.96016193274214,511.90294008224635,0.012625015755548079,0.5203498087286554,0.003945317423608774,0.05263123079105492,-0.015743390107951616,55.46420266734655,65.96016193274492,0.24698385456520194,False,,False,completed_normally,2001,20.0,0,
traj_01973,normal,20260823,34.79258729425395,1780.4744480486138,0.1361834352258499,0.328166547087541,0.0425573235080781,0.13736074438155088,0.13512825657191221,34.56046545575134,35.01582248903999,0.00692434897454987,False,,False,completed_normally,2001,20.0,0,
traj_01974,gradual_approach_v3,20260823,40.71864574095082,1422.9461891571118,0.09118508736917522,0.322417218621251,0.028495339802867257,0.09118508736923868,-0.04647742647173736,40.71864574095082,82.84509760881996,0.7148963417469654,False,,False,completed_normally,2001,20.0,0,
traj_01975,gradual_approach_v3,20260823,35.48086237157999,1754.266910598608,0.1298986283085522,0.3257173582140895,0.040593321346422566,0.43862720543776984,0.09939673529133522,21.647968384891776,43.27909264890713,0.3839557331756113,True,11.120000000000001,False,completed_normally,2001,20.0,0,
traj_01976,gradual_approach_v3,20260823,49.15931554065454,505.60663128734143,0.05170676363409385,0.35792370312280253,0.01615836363565433,0.05170676363409385,-0.03274249771598792,49.15931554065203,81.17062519264582,0.5049090389843472,False,,False,completed_normally,2001,20.0,0,
traj_01977,gradual_approach_v3,20260823,63.14684774772662,1137.2050731102602,0.0171017582348129,0.486566101599417,0.005344299448379031,0.0171017582348129,-0.06100083855685923,63.14684774772636,116.1720634826314,0.7160456746490835,False,,False,completed_normally,2001,20.0,0,
traj_01978,gradual_approach_v3,20260823,65.36305465619293,837.034477800871,0.013527617690711643,0.5129836699369321,0.004227380528347389,0.16205628068470965,0.013527617690529984,21.4769776551646,65.36305465619293,0.7563689537813288,False,,False,completed_normally,2001,20.0,0,
traj_01979,gradual_approach_v3,20260823,44.848479050975214,1115.0488780510382,0.06920323786202684,0.3346852528569028,0.02162601183188339,0.2405376607144457,0.047890885569564,19.837074750119978,52.47042708087009,0.5615792834889757,False,,False,completed_normally,2001,20.0,0,
traj_01980,gradual_approach_v3,20260823,44.108165563130505,1631.1094995564808,0.07271501796864985,0.33169783592916613,0.02272344311520308,0.22628043468415476,0.05889401917571313,23.086690037753876,48.281196732484005,0.4659478818098131,False,,False,completed_normally,2001,20.0,0,
traj_01981,gradual_approach_v3,20260823,52.03547799987381,1440.6199940241759,0.04231193975625473,0.3783191391784761,0.013222481173829603,0.2209146503489062,0.027534633529610608,18.394954110893682,57.134253613816774,0.6868291219626431,False,,False,completed_normally,2001,20.0,0,
traj_01982,gradual_approach_v3,20260823,73.92156952363166,539.5706818583735,0.0025834652186174896,0.6281194370507198,0.0008073328808179655,0.0025834652186605776,-0.08416789768046329,73.92156952363166,94.31185181020109,0.7862199360575663,False,,True,validity_envelope_gamma_exceeded,817,8.16,0,
traj_01983,stall,20260823,64.50034608628472,1693.3896330285772,0.01487572048166581,0.5025258449365733,0.004648662650520565,0.6637597187655161,0.014793862274736036,54.21928390243496,64.6577602671333,0.786009157342127,True,2.29,True,validity_envelope_gamma_exceeded,347,3.46,0,
traj_01984,gradual_approach_v3,20260823,50.597913171658185,1828.0388987576553,0.046812279350220115,0.36767584738458403,0.014628837296943786,0.2349786832602725,0.040810411094863386,17.723660578723898,50.597913171662775,0.6672088053074969,False,,False,completed_normally,2001,20.0,0,
traj_01985,gradual_approach_v3,20260823,66.03157262192752,1731.767554838866,0.012518687249418736,0.5212377069457446,0.003912089765443355,0.012518687249418736,-0.0798030643148071,66.03157262191088,85.59922880000231,0.7859597655228826,False,,True,validity_envelope_gamma_exceeded,1076,10.75,0,
traj_01986,stall,20260823,65.95540775859044,1624.7949920730289,0.012632106712312383,0.5202907493545482,0.0039475333475976196,0.012632106712312383,-0.25334295939676843,65.95540775857941,67.28733999674077,0.7884030593397395,False,,True,validity_envelope_gamma_exceeded,442,4.41,0,
traj_01987,gradual_approach_v3,20260823,63.054278271429105,1670.0838784241037,0.017259196064240295,0.4854948169179034,0.005393498770075091,0.017259196064311783,-0.07932766122478874,63.054278271429105,81.43304380944713,0.786617534776811,False,,True,validity_envelope_gamma_exceeded,878,8.77,0,
traj_01988,gradual_approach_v3,20260823,56.12307809452183,1436.4489969237131,0.031316461437824406,0.4130874965539153,0.009786394199320127,0.22399146338485862,0.024421777191107386,17.732941604874636,56.12307809452183,0.7363508689761163,False,,False,completed_normally,2001,20.0,0,
traj_01989,stall,20260823,36.28647644125764,1596.4585663100995,0.12294286658251583,0.3235206486714746,0.0384196458070362,0.9888276937408571,0.07403022182835042,31.403335888416596,50.72545841178784,0.4429858715793471,True,2.75,False,completed_normally,2001,20.0,0,
traj_01990,gradual_approach_v3,20260823,67.62746684905167,1135.4785306507074,0.010228664927697313,0.541463335006653,0.0031964577899054104,0.13721618575240388,0.010228664927513684,23.819155853626437,67.62746684905167,0.7267980936493711,False,,False,completed_normally,2001,20.0,0,
traj_01991,gradual_approach_v3,20260823,33.86352933433769,805.9312345235909,0.14520601081242818,0.3323734154843935,0.0453768783788838,0.39417242387269374,0.10650100666129801,21.818804302471754,43.529884455604616,0.3517113376361435,True,9.73,False,completed_normally,2001,20.0,0,
traj_01992,gradual_approach_v3,20260823,73.33443841884423,1544.042117143018,0.0032151778028534075,0.6195851005257548,0.00100474306339169,0.1079974355814124,0.0032151778028534075,51.91952279490582,73.33443841885185,0.7872621252693449,False,,True,validity_envelope_gamma_exceeded,911,9.1,0,
traj_01993,stall,20260823,58.08598984250378,1568.1373122487123,0.026828650519458742,0.4319684916755693,0.008383953287330858,0.026828650519604053,-0.4571767881581803,58.08598984250378,59.8702729380342,0.7896164179877201,True,1.34,True,validity_envelope_gamma_exceeded,198,1.97,0,
traj_01994,gradual_approach_v3,20260823,52.1146722912443,585.3496198380222,0.04207454930210856,0.3789305706778646,0.013148296656908925,0.042074549302119686,-0.06149721525550239,52.1146722912443,94.57361046916499,0.6367996600181581,False,,False,completed_normally,2001,20.0,0,
traj_01995,gradual_approach_v3,20260823,33.16828793699715,1070.5867827383502,0.15239479195395936,0.3362500870144116,0.0476233724856123,0.4286704054907693,0.1200612477777482,22.846706704993082,40.494150346815324,0.30213592470914435,True,7.3,False,completed_normally,2001,20.0,0,
traj_01996,gradual_approach_v3,20260823,51.08055935027229,682.3315611219082,0.04525988817377523,0.3711516322856222,0.014143715054304758,0.20990809964363244,0.03333108405157448,19.270823405179588,54.11343274344763,0.6288403611574129,False,,False,completed_normally,2001,20.0,0,
traj_01997,gradual_approach_v3,20260823,54.709888615566,1243.5809604923209,0.034845520124152186,0.4003479392071443,0.010889225038797558,0.15229551368904787,0.034845520124152186,23.829522212479986,54.709888615589335,0.5604605208164304,False,,False,completed_normally,2001,20.0,0,
traj_01998,gradual_approach_v3,20260823,47.79083544521909,1293.0756680257396,0.05676718133358312,0.3495320688834463,0.017739744166744724,0.05676718133358312,-0.07106697290166075,47.79083544518487,70.49421599429164,0.7872839176755971,False,,True,validity_envelope_gamma_exceeded,1252,12.51,0,
traj_01999,gradual_approach_v3,20260823,73.54753473216371,666.3379405696879,0.002984167536627993,0.6226721059651671,0.0009325523551962479,0.002984167536706551,-0.08937151507820701,73.54753473216371,91.9495374213266,0.7875981233638981,False,,True,validity_envelope_gamma_exceeded,1027,10.26,0,
traj_02000,gradual_approach_v3,20260823,52.460442393456866,738.0865385663343,0.04105037469962136,0.38163014210852364,0.012828242093631675,0.04105037469966257,-0.044035191447348465,52.460442393456866,87.0736013089855,0.5336186760562138,False,,False,completed_normally,2001,20.0,0,
traj_02001,gradual_approach_v3,20260823,68.84683588674802,1188.09040754211,0.008584085609792264,0.5574038744051792,0.0026825267530600824,0.008584085609792264,-0.06499433751587236,68.84683588672675,119.70639089122649,0.7130493716624393,False,,False,completed_normally,2001,20.0,0,
traj_02002,gradual_approach_v3,20260823,30.94130110960338,963.3311262755698,0.17833930403007983,0.35345134695878105,0.055731032509399946,0.17833930403011022,0.021333909982123367,30.94130110960338,48.29751111313939,0.4847797044606954,False,,False,completed_normally,2001,20.0,0,
traj_02003,gradual_approach_v3,20260823,44.18871040158173,1785.1112606434097,0.07232472525554218,0.33200730909037274,0.02260147664235693,0.19582384485238258,0.06834862219964499,24.74999472740415,44.39719162250088,0.42401818185228146,False,,False,completed_normally,2001,20.0,0,
traj_02004,gradual_approach_v3,20260823,66.78428751831396,776.7844380510434,0.011418349907179937,0.5306863518766111,0.00356823434599373,0.1439032646090821,0.011418349907036631,23.158074627168798,66.78428751831396,0.7546223993985124,False,,False,completed_normally,2001,20.0,0,
traj_02005,gradual_approach_v3,20260823,37.22704367350301,1514.4876948796716,0.11532992737395004,0.32180740664631685,0.03604060230435939,0.2956236956043299,0.08208734185908884,20.95763232823224,47.02967931285324,0.43499377864678174,True,9.74,False,completed_normally,2001,20.0,0,
traj_02006,gradual_approach_v3,20260823,52.281070346422524,1965.9684796684214,0.041579194097797756,0.38022363386899455,0.012993498155561799,0.22828129000371422,0.016634952270799586,17.905465775396156,67.98223346069273,0.6731862897629813,False,,False,completed_normally,2001,20.0,0,
traj_02007,gradual_approach_v3,20260823,38.68172586677967,715.2413084296369,0.10453674748312838,0.3208098591194846,0.03266773358847762,0.10453674748312838,-0.04635977265488911,38.68172586676557,74.67378632966164,0.6418965486549728,False,,False,completed_normally,2001,20.0,0,
traj_02008,gradual_approach_v3,20260823,30.146264650825596,1058.6095847272957,0.1888907779203083,0.36160773192393825,0.059028368100096346,0.40120750585566767,0.03494879078782803,16.03142302421755,50.90485097361306,0.6024420953006073,True,18.94,False,completed_normally,2001,20.0,0,
traj_02009,gradual_approach_v3,20260823,54.19903823692472,579.1293634900068,0.03618840436704732,0.39592544278571146,0.011308876364702286,0.036188404367180564,-0.06441992286494014,54.19903823692472,78.62830693794415,0.786315057431892,False,,True,validity_envelope_gamma_exceeded,859,8.58,0,
traj_02010,gradual_approach_v3,20260823,63.47351551461702,933.0663725864044,0.016551602618934683,0.49036739459481726,0.005172375818417088,0.016551602618934683,-0.0817128493058632,63.4735155146076,83.91249609132146,0.7868877297150942,False,,True,validity_envelope_gamma_exceeded,1026,10.25,0,
traj_02011,gradual_approach_v3,20260823,62.62617621362454,1456.6851047913012,0.01799627970776847,0.4805746007358828,0.005623837408677646,0.01799627970787072,-0.08097522091293596,62.62617621362454,80.11015039385778,0.7865281482545291,False,,True,validity_envelope_gamma_exceeded,1094,10.93,0,
traj_02012,gradual_approach_v3,20260823,35.45862487053973,1772.6123802732825,0.13009663112061662,0.32578803864366424,0.040655197225192695,0.5131884967883715,0.09030852894503533,21.167519523907853,46.738455110108596,0.39932063737567053,True,7.67,False,completed_normally,2001,20.0,0,
traj_02013,gradual_approach_v3,20260823,65.96690703398417,1419.065373282116,0.012614957887783305,0.5204336119249716,0.0039421743399322825,0.012614957887783305,-0.06961129802232346,65.96690703396476,119.86075094830687,0.7576411154036979,False,,False,completed_normally,2001,20.0,0,
traj_02014,gradual_approach_v3,20260823,37.775018621949414,1732.139222091861,0.11113032918859964,0.32120550827255906,0.03472822787143738,0.11113032918859964,-0.03558085500489788,37.77501862194644,73.00618590540594,0.618936085238877,False,,False,completed_normally,2001,20.0,0,
traj_02015,gradual_approach_v3,20260823,31.41508853879678,1808.2838276984075,0.17240551745328944,0.3491273621499442,0.05387672420415295,0.17240551745328944,-0.002674143893566572,27.860570232492975,54.43388798883456,0.6311491344929349,False,,False,completed_normally,2001,20.0,0,
traj_02016,gradual_approach_v3,20260823,41.80543471704152,1262.3709175624306,0.08479780687603711,0.3245562907975891,0.026499314648761596,0.2811210031617312,0.06698712742196483,18.98182272281901,46.19928788842259,0.554344950476331,True,10.94,False,completed_normally,2001,20.0,0,
traj_02017,stall,20260823,36.39067225028781,1929.725483206518,0.12207328035390705,0.3232868586930161,0.038147900110595954,1.0153172625106706,0.055622359884934414,35.44208165858617,57.98592003952061,0.5755023020341715,True,4.05,False,completed_normally,2001,20.0,0,
traj_02018,gradual_approach_v3,20260823,72.38419086684166,1541.4192760331855,0.004270024177184829,0.6059656611581166,0.0013343825553702592,0.0979389760578574,0.004270024177184829,52.86844295090165,72.38419086684986,0.7860109633012706,False,,True,validity_envelope_gamma_exceeded,1073,10.72,0,
traj_02019,normal,20260823,45.503919604715925,1896.1287667661968,0.06623051660143922,0.3375914418386731,0.020697036437949755,0.08964658690152394,0.02265747188118193,43.10803734253379,52.646021841265494,0.16015651552571034,False,,False,completed_normally,2001,20.0,0,
traj_02020,normal,20260823,68.35737817494977,1581.2847257648623,0.009233769045556062,0.5509552018037345,0.0028855528267362693,0.028277419055918504,0.009233769045556062,58.32027701075759,68.3573781749658,0.14806969823334346,False,,False,completed_normally,2001,20.0,0,
traj_02021,stall,20260823,68.68912552082193,1314.867705545849,0.008791923054369648,0.5553187172764964,0.002747475954490515,0.5555362819621504,0.008791923054369648,59.78306026142558,68.68912552082345,0.7867256126306229,True,4.08,True,validity_envelope_gamma_exceeded,491,4.9,0,
traj_02022,gradual_approach_v3,20260823,42.350445830153205,612.2606920771408,0.08176816749277269,0.32593742573344103,0.025552552341491463,0.25315297010506693,0.05910651133108985,20.79812656073737,49.90411507050548,0.5079830716073236,False,,False,completed_normally,2001,20.0,0,
traj_02023,normal,20260823,70.8299583957304,1000.3071861330438,0.006086805398133468,0.5842096847770849,0.0019021266869167087,0.006086805398246555,-0.03431059678466977,70.8299583957304,87.64538679487602,0.22653859647381536,False,,False,completed_normally,2001,20.0,0,
traj_02024,gradual_approach_v3,20260823,51.78146191230764,1965.3861078633881,0.043080572974863646,0.3763753946785691,0.01346267905464489,0.2850885279269938,0.02321113912696582,15.21470383443327,59.67124593032301,0.7622473565617357,True,12.35,False,completed_normally,2001,20.0,0,
traj_02025,gradual_approach_v3,20260823,50.26030623910653,1553.9216789661407,0.04792420179655868,0.36530456517082166,0.014976313061424587,0.04792420179655868,-0.06339498485870848,50.26030623910217,97.84787062231221,0.7264472923496897,False,,False,completed_normally,2001,20.0,0,
traj_02026,gradual_approach_v3,20260823,44.08234338399159,1941.8107260777113,0.07284057716736833,0.33159943637699574,0.0227626803648026,0.0728405771674633,-0.027234059816227174,44.08234338399159,73.83367727342086,0.5061130768613622,False,,False,completed_normally,2001,20.0,0,
traj_02027,gradual_approach_v3,20260823,48.8212780370209,1321.2034340919479,0.052918396719985716,0.3557684787839394,0.016536998974995536,0.05291839672004438,-0.04027505015498434,48.8212780370209,86.40629546389347,0.6027028345037467,False,,False,completed_normally,2001,20.0,0,
traj_02028,gradual_approach_v3,20260823,60.781232312954025,619.7025753237743,0.021350597684979152,0.4600222943414681,0.006672061776555985,0.021350597684979152,-0.06998926012597906,60.78123231293959,112.54605669237652,0.7610590183577038,False,,False,completed_normally,2001,20.0,0,
traj_02029,gradual_approach_v3,20260823,45.969763822607206,1704.3835632521123,0.06419173255517538,0.3398011582576264,0.020059916423492308,0.18934415565645318,0.06419173255517538,23.48294049637932,45.96976382260963,0.47025907658776117,False,,False,completed_normally,2001,20.0,0,
traj_02030,gradual_approach_v3,20260823,36.0999814985439,810.4765733894309,0.12451616364176052,0.32396735881994354,0.038911301138050164,0.2961383542954073,0.0980222053104167,21.588116585764553,42.766162184199594,0.39771084473170826,True,10.35,False,completed_normally,2001,20.0,0,
traj_02031,gradual_approach_v3,20260823,64.09922170094468,742.1287980632612,0.015520928087093593,0.4977385837471156,0.004850290027216747,0.14139688653872032,0.015520928087093593,23.724719544656754,64.09922170094468,0.7006685799048608,False,,False,completed_normally,2001,20.0,0,
traj_02032,gradual_approach_v3,20260823,68.5067128024322,1162.9622413713248,0.009034087921773137,0.5529156119870241,0.0028231524755541054,0.00903408792187918,-0.06578382016784834,68.5067128024322,90.41862156727035,0.7863514457219223,False,,True,validity_envelope_gamma_exceeded,942,9.41,0,
traj_02033,gradual_approach_v3,20260823,73.48954271360233,833.7250735418372,0.003046837533168447,0.6218308229913845,0.0009521367291151397,0.0030468375332051633,-0.07623195894304075,73.48954271360233,92.97488874347351,0.7854496795991125,False,,True,validity_envelope_gamma_exceeded,728,7.2700000000000005,0,
traj_02034,gradual_approach_v3,20260823,66.84391488769901,562.7824177419258,0.011332753023469453,0.5314418057317557,0.0035414853198342043,0.14665683390211745,0.011332753023288933,22.857645635146707,66.84391488769901,0.7367273721625156,False,,False,completed_normally,2001,20.0,0,
traj_02035,stall,20260823,56.880036778981804,1251.9186484051818,0.029531614250635836,0.42020856667873824,0.009228629453323698,0.8367321660226467,0.013413942429212733,25.20492281019144,68.48214147983761,0.5821011126079791,True,1.82,False,completed_normally,2001,20.0,0,
traj_02036,gradual_approach_v3,20260823,41.17568376925831,1245.2755318364182,0.08844093502756642,0.3232143535266404,0.027637792196114508,0.08844093502757931,-0.014728395784174841,41.17568376925831,71.75037284302641,0.5064896066095155,False,,False,completed_normally,2001,20.0,0,
traj_02037,gradual_approach_v3,20260823,53.08346587450324,901.7719603888646,0.039254200197911884,0.3866160463537345,0.012266937561847463,0.1543757481836595,0.03921649313289055,26.42421828845665,53.08346587450635,0.4826888113262141,False,,False,completed_normally,2001,20.0,0,
traj_02038,normal,20260823,54.63988298287025,969.0552158208955,0.035027362102096844,0.3997360671006165,0.010946050656905263,0.10002799217009284,0.03502736210209584,36.86103372445359,54.63988298287025,0.29482519460417833,False,,False,completed_normally,2001,20.0,0,
traj_02039,gradual_approach_v3,20260823,62.3542275131453,1192.3101725098659,0.01847231125375998,0.47747834944150996,0.0057725972667999935,0.11566501791812103,0.01847231125374656,27.315074864704318,62.3542275131453,0.5774036237360578,False,,False,completed_normally,2001,20.0,0,
traj_02040,normal,20260823,66.62546904452088,1016.5706357331267,0.011647448437243343,0.5286791624502626,0.003639827636638545,0.04158372755777645,0.01164744843719184,49.818518507363315,66.62546904452088,0.23615787779677835,False,,False,completed_normally,2001,20.0,0,
traj_02041,gradual_approach_v3,20260823,56.4263639260041,558.7899421039733,0.03059285366067637,0.41591616239921636,0.009560266768961366,0.17387679983678003,0.03022830739887561,21.403415523966707,56.426363926013636,0.6278760922213611,False,,False,completed_normally,2001,20.0,0,
traj_02042,normal,20260823,70.77551329684704,1944.1661507503438,0.006152604214896491,0.5834593835554268,0.0019226888171551535,0.0380428501613332,0.006152604214896491,58.69866802374607,70.77551329685582,0.1758718107285017,False,,False,completed_normally,2001,20.0,0,
traj_02043,gradual_approach_v3,20260823,40.3109064314452,1574.5070457020438,0.09370745159800936,0.3218358881603892,0.029283578624377925,0.3482051177393953,0.0698770816385001,18.238206334693455,46.76372043344999,0.5599793531374914,True,11.44,False,completed_normally,2001,20.0,0,
traj_02044,gradual_approach_v3,20260823,33.762179333324326,1825.1279072378913,0.14622986478255806,0.33289841267670267,0.045696832744549394,0.1542370340754241,0.0016763603132343152,28.323056894536464,57.30672794316322,0.586440472027591,False,,False,completed_normally,2001,20.0,0,
traj_02045,gradual_approach_v3,20260823,30.159911231606042,1266.1917952101812,0.18870281078941378,0.3614577449118438,0.058969628371691805,0.18870281078950205,0.054428787376605836,30.159911231606042,45.055080107591586,0.43088126115630965,False,,False,completed_normally,2001,20.0,0,
traj_02046,normal,20260823,32.770154265772604,594.7505277871272,0.156692140038684,0.33877005489667783,0.048966293762088754,0.16273999979593579,0.13106832511071026,31.539093926946425,35.48786455121856,0.07621296477426774,False,,False,completed_normally,2001,20.0,0,
traj_02047,gradual_approach_v3,20260823,33.93293074853485,1838.109136824858,0.14450952774541415,0.3320216185942273,0.04515922742044192,0.5283547175589193,0.10364496339316852,22.720332432245232,44.41901491374061,0.32459683118400423,True,4.82,False,completed_normally,2001,20.0,0,
traj_02048,gradual_approach_v3,20260823,51.03508856099732,1152.226786484375,0.04540430830640853,0.37081991049053203,0.014188846345752666,0.17160038691122864,0.04540430830640853,22.478657449734452,51.035088561020736,0.5522113859604615,False,,False,completed_normally,2001,20.0,0,
traj_02049,gradual_approach_v3,20260823,60.25261546537592,1932.7993411654497,0.022368139323124522,0.45433241731520874,0.006990043538476412,0.14820280895036467,0.022368139323124522,23.442071160909716,60.25261546537746,0.6632872707473652,False,,False,completed_normally,2001,20.0,0,
traj_02050,gradual_approach_v3,20260823,61.15941763954755,1658.0584976433092,0.020638538884276938,0.4641478735747308,0.006449543401336543,0.11031403972837883,0.020638538884204,28.78129000763408,61.15941763954755,0.5505686198728627,False,,False,completed_normally,2001,20.0,0,
traj_02051,normal,20260823,72.85783207684285,1662.2873214110884,0.003739136549686347,0.6127241931985239,0.0011684801717769834,0.003741704474445841,-0.017958764579157196,72.80951339088894,83.70092670376629,0.14246897326280025,False,,False,completed_normally,2001,20.0,0,
traj_02052,gradual_approach_v3,20260823,58.052801905821106,1021.3226044304516,0.026900824572134777,0.4316381519240131,0.008406507678792117,0.026900824572291725,-0.07552896151902622,58.052801905821106,76.69576987810078,0.7857872033425504,False,,True,validity_envelope_gamma_exceeded,1246,12.450000000000001,0,
traj_02053,gradual_approach_v3,20260823,35.65754275831192,759.9705421053841,0.12833714138372612,0.32517532477015765,0.04010535668241441,0.12833714138377042,-0.003428174282137486,35.65754275831192,60.87777172332391,0.4482927522929512,False,,False,completed_normally,2001,20.0,0,
traj_02054,gradual_approach_v3,20260823,71.88349453817051,1280.895889896863,0.004842575420955826,0.5988861099082771,0.0015133048190486954,0.004842575420983581,-0.08255784362706131,71.88349453817051,88.78474670354217,0.7859505733832943,False,,True,validity_envelope_gamma_exceeded,1091,10.9,0,
traj_02055,gradual_approach_v3,20260823,32.50278614103594,871.8910300092937,0.15965573980845113,0.34059068340235216,0.04989241869014098,0.1596557398084649,-0.008121268128116255,32.50278614103594,53.40424345416856,0.5149929462130309,False,,False,completed_normally,2001,20.0,0,
traj_02056,gradual_approach_v3,20260823,41.0935189844161,1770.3069935581823,0.08892793111022099,0.32305990942444346,0.027789978471944057,0.08892793111022099,-0.03541961154637291,41.09351898441529,71.24547136857358,0.5075145214134303,False,,False,completed_normally,2001,20.0,0,
traj_02057,gradual_approach_v3,20260823,56.311407344021454,1953.2713278801057,0.03086577533158341,0.4148401193060156,0.009645554791119816,0.030865775331699454,-0.08096144627515955,56.311407344021454,75.04029501199308,0.7868855120736318,False,,True,validity_envelope_gamma_exceeded,682,6.8100000000000005,0,
traj_02058,gradual_approach_v3,20260823,37.840222654488464,630.2894455047649,0.11064164993823003,0.32115249308851374,0.03457551560569688,0.2595076429457146,0.08258334370952622,22.499392237098657,46.101480626150625,0.39843549892031815,False,,False,completed_normally,2001,20.0,0,
traj_02059,gradual_approach_v3,20260823,45.58454748902564,1663.3168904074844,0.06587333177709623,0.33796543646430854,0.02058541618034257,0.23595338475350758,0.03893982583233102,20.170239792457146,57.79132121029333,0.5595013038661251,False,,False,completed_normally,2001,20.0,0,
traj_02060,gradual_approach_v3,20260823,52.718290800388864,1570.6122416623784,0.04029943222606569,0.38367478995010273,0.012593572570645526,0.04029943222608231,-0.06092129408312785,52.718290800388864,99.38361768102544,0.7065060646509828,False,,False,completed_normally,2001,20.0,0,
traj_02061,gradual_approach_v3,20260823,70.20538219303043,1632.4728111208776,0.006850755553597651,0.5756509272815312,0.002140861110499266,0.006850755553752199,-0.0804572673108146,70.20538219303043,90.28986017628914,0.7877114531121752,False,,True,validity_envelope_gamma_exceeded,994,9.93,0,
traj_02062,normal,20260823,63.605217752422845,1022.248775285917,0.01633216155266322,0.4919091138219748,0.005103800485207256,0.03825541857889346,0.01142416096779203,55.464480239395705,63.605217752422845,0.16328672529897223,False,,False,completed_normally,2001,20.0,0,
traj_02063,gradual_approach_v3,20260823,44.262214185797006,1484.2805550263147,0.07197033039579029,0.33229307971027056,0.022490728248684467,0.28643630809874887,0.03583307853291129,18.07737415532004,62.22881832976082,0.6063006570170671,True,8.21,False,completed_normally,2001,20.0,0,
traj_02064,normal,20260823,61.76119743838956,898.9494050217728,0.019531986207683854,0.4708060157319617,0.006103745689901205,0.019531986207857413,-0.011652661157484243,61.76119743838956,72.45883919530235,0.16735865933227087,False,,False,completed_normally,2001,20.0,0,
traj_02065,normal,20260823,30.134883881956615,571.38729265684,0.18904773069929148,0.3617330909905595,0.05907741584352859,0.19139912757817903,0.186621234002384,29.814738076863815,30.503745241197027,0.013513666038614562,False,,False,completed_normally,2001,20.0,0,
traj_02066,normal,20260823,54.68041760213744,1022.0523508566945,0.03492198851508037,0.400090128608192,0.010913121410962616,0.08500410881084319,0.034921988515001674,42.3024979214269,54.68041760213744,0.2317919064611159,False,,False,completed_normally,2001,20.0,0,
traj_02067,normal,20260823,33.28764449108358,1104.3637180483604,0.15113265959726216,0.33553800429717834,0.047228956124144426,0.18500592198166832,0.09943288675926591,27.685389748340782,40.683226787835466,0.19683581157582272,False,,False,completed_normally,2001,20.0,0,
traj_02068,normal,20260823,65.71292940117876,1760.423419742313,0.012995788761121466,0.5172872425914445,0.004061183987850458,0.05370227187385737,0.012995788760940557,46.66766187084,65.71292940117876,0.3045134950565178,False,,False,completed_normally,2001,20.0,0,
traj_02069,normal,20260823,39.426776646997126,881.8378425620366,0.09942968578601996,0.32101354242108,0.031071776808131238,0.10095260902574471,0.08379630131650394,38.954557898050616,40.943169101373734,0.043625132063823194,False,,False,completed_normally,2001,20.0,0,
traj_02070,gradual_approach_v3,20260823,58.64679056422642,655.6273612134669,0.02562726183914852,0.4376070031388006,0.008008519324733912,0.02562726183914852,-0.08139081913330348,58.64679056418738,81.72410733638549,0.786216784555713,False,,True,validity_envelope_gamma_exceeded,1236,12.35,0,
traj_02071,gradual_approach_v3,20260823,62.59143115149597,752.3490934398358,0.018056757923393774,0.4801777421007997,0.005642736851060554,0.018056757923576982,-0.06746130078727275,62.59143115149597,82.45729443034637,0.7854458867405174,False,,True,validity_envelope_gamma_exceeded,971,9.700000000000001,0,
traj_02072,normal,20260823,45.678628249895446,1225.5280688647495,0.06545885120762529,0.3384063332825637,0.020455891002382903,0.06632950534475122,0.06482745844432825,45.335575327706046,45.94195230462668,0.006997342894285833,False,,False,completed_normally,2001,20.0,0,
traj_02073,gradual_approach_v3,20260823,49.79774250279024,1413.391351136379,0.04948362588412189,0.36213720347559686,0.01546363308878809,0.04948362588415413,-0.07401524135855708,49.79774250279024,71.1793311473688,0.7857034421951951,False,,True,validity_envelope_gamma_exceeded,738,7.37,0,
traj_02074,stall,20260823,68.75547255162316,645.4217630519822,0.008704315648657767,0.5561950757376659,0.0027200986402055524,0.22994049642495062,0.008704315648614621,60.712321605188805,68.75547255162316,0.7860567488349505,False,,True,validity_envelope_gamma_exceeded,274,2.73,0,
traj_02075,gradual_approach_v3,20260823,68.29647676844263,618.8808593077757,0.009315574947028185,0.550157503258076,0.002911117170946308,0.009315574947121888,-0.08646678215934378,68.29647676844263,86.91940313879128,0.7855270572432174,False,,True,validity_envelope_gamma_exceeded,959,9.58,0,
traj_02076,normal,20260823,67.28078920398174,1643.5231215262347,0.010712456956758803,0.5370078185923284,0.0033476427989871257,0.010712456956793986,0.01039805308548179,67.27714217401785,67.62549426491036,0.0037846335937819866,False,,False,completed_normally,2001,20.0,0,
traj_02077,gradual_approach_v3,20260823,46.874939958849446,902.4448446185967,0.06039669065515463,0.3444254428652901,0.01887396582973582,0.2606171916355926,0.027676984074200106,16.85992528419632,64.49045284312274,0.6647090261825045,False,,False,completed_normally,2001,20.0,0,
traj_02078,gradual_approach_v3,20260823,60.51546964270489,533.9095049482166,0.021858880708715136,0.45715046633468354,0.00683090022147348,0.22021802647071553,0.021858880708570914,17.555041582865,60.51546964270489,0.7841574757906541,False,,False,completed_normally,2001,20.0,0,
traj_02079,normal,20260823,45.8010427444328,1219.892006811918,0.0649232243412691,0.33898723102114076,0.020288507606646595,0.06492322434129824,0.02364898709614635,45.481615350950996,53.60446071187299,0.1575352022658575,False,,False,completed_normally,2001,20.0,0,
traj_02080,normal,20260823,34.89816799832395,812.7524998491693,0.13519799625032977,0.3277551388637022,0.04224937382822805,0.21633514831431924,0.1120748573943625,27.535348881225595,40.610397975647494,0.1998963120455077,False,,False,completed_normally,2001,20.0,0,
traj_02081,gradual_approach_v3,20260823,66.18834392848551,1039.6698581753571,0.012286451490720763,0.5231921367762176,0.0038395160908502386,0.11959626884267038,0.012286451490720763,44.46643827687957,66.18834392848962,0.7863064645651126,False,,True,validity_envelope_gamma_exceeded,970,9.69,0,
traj_02082,gradual_approach_v3,20260823,60.47736879765938,1876.3351407011244,0.021932292408999646,0.4567406082277241,0.006853841377812389,0.021932292408999646,-0.0839705833807568,60.477368797643486,79.19328369383909,0.7870104328871653,False,,True,validity_envelope_gamma_exceeded,1121,11.200000000000001,0,
traj_02083,gradual_approach_v3,20260823,45.761109220842116,1111.9446868766072,0.06509749899873543,0.33879683872311944,0.020342968437104824,0.2603800509542499,0.050465438483924485,17.32469161522499,48.727876590918946,0.641901586799446,False,,False,completed_normally,2001,20.0,0,
traj_02084,gradual_approach_v3,20260823,54.16229834444894,1440.975306612076,0.03628642301671087,0.3956111971423403,0.011339507192722146,0.14142465064930618,0.0362864230165698,25.212682086359735,54.16229834444894,0.521537552505251,False,,False,completed_normally,2001,20.0,0,
traj_02085,gradual_approach_v3,20260823,35.9816101972167,956.5002469409993,0.12552612643179364,0.32426992965473295,0.03922691450993551,0.266151396563712,0.10135435657113379,23.03751150905221,42.04968251722307,0.35173233786184827,False,,False,completed_normally,2001,20.0,0,
traj_02086,gradual_approach_v3,20260823,64.04849803735453,1912.2530500486182,0.015603371057360971,0.4971366427148796,0.004876053455425303,0.015603371057360971,-0.08465457129932308,64.0484980373537,81.64646370126529,0.7858296441797952,False,,True,validity_envelope_gamma_exceeded,766,7.65,0,
traj_02087,gradual_approach_v3,20260823,73.21273443824296,667.1580407651388,0.0033480102648010537,0.6178274193579976,0.0010462532077503293,0.003348010264912732,-0.07882271990044287,73.21273443824296,91.63464574220308,0.787634586075765,False,,True,validity_envelope_gamma_exceeded,863,8.620000000000001,0,
traj_02088,gradual_approach_v3,20260823,65.15637214323841,1748.0354392214474,0.013845772843982793,0.5104582549756124,0.004326804013744623,0.12237531972135948,0.013845772843982793,25.95961785485047,65.15637214324215,0.6679481608912594,False,,False,completed_normally,2001,20.0,0,
traj_02089,gradual_approach_v3,20260823,58.95188859632354,1409.4323781669318,0.0249877974202827,0.44071906895099294,0.007808686693838344,0.024987797420417922,-0.06239181751715306,58.95188859632354,108.45555404298463,0.7042688782060228,False,,False,completed_normally,2001,20.0,0,
traj_02090,gradual_approach_v3,20260823,35.97398938267792,830.2545768851377,0.12559145368769017,0.32428992047506244,0.03924732927740318,0.4229559496219716,0.11002740987999737,22.665923133235903,39.34893333816695,0.3630871957195928,True,11.78,False,completed_normally,2001,20.0,0,
traj_02091,gradual_approach_v3,20260823,73.69027286297424,591.2544914270737,0.002830539225892638,0.6247465618617492,0.0008845435080914493,0.10161768993105613,0.002830539225892638,50.8324062380983,73.69027286299499,0.786338263238933,False,,True,validity_envelope_gamma_exceeded,1208,12.07,0,
traj_02092,gradual_approach_v3,20260823,31.83354262774504,1302.2859671297483,0.16736307389485564,0.3456212936338814,0.05230096059214239,0.18037785060587935,0.017871662962220924,27.00360778065317,49.877994491761484,0.49086595969045704,False,,False,completed_normally,2001,20.0,0,
traj_02093,gradual_approach_v3,20260823,35.351270986474766,1489.5506559572134,0.13105717587315904,0.3261370595218167,0.040955367460362206,0.13105717587315904,-0.02995000556367422,35.35127098646631,61.72205491654865,0.5135750119828277,False,,False,completed_normally,2001,20.0,0,
traj_02094,stall,20260823,30.5757072503257,1284.722986687539,0.18309355411489361,0.3570573651993131,0.05721673566090425,0.1830935541149962,-0.35289268134627727,30.5757072503257,35.071140418440315,0.7887743900706033,True,4.44,True,validity_envelope_gamma_exceeded,506,5.05,0,
traj_02095,normal,20260823,48.015232753268776,1760.644876136927,0.05590851076906425,0.35084665347508825,0.01747140961533258,0.10191850939903893,0.05590851076899784,38.03938347696554,48.015232753268776,0.20781128434281865,False,,False,completed_normally,2001,20.0,0,
traj_02096,gradual_approach_v3,20260823,65.55959400510537,886.2623114705448,0.0132278311017693,0.5153967636679074,0.004133697219302906,0.14407294321410669,0.013227831101602755,43.310232122027976,65.55959400510537,0.7865653295997197,False,,True,validity_envelope_gamma_exceeded,845,8.44,0,
traj_02097,gradual_approach_v3,20260823,53.63093873252543,623.405921344678,0.037726206297751905,0.3911242747100931,0.011789439468047471,0.037726206297751905,-0.06580172228688608,53.630938732524946,98.52591267089906,0.688201728350812,False,,False,completed_normally,2001,20.0,0,
traj_02098,gradual_approach_v3,20260823,58.20111140076352,1901.835208516545,0.02657923639563387,0.4331172745572465,0.008306011373635585,0.20166733904940284,0.02657923639559713,18.976516036148535,58.20111140076352,0.7600415290904287,False,,False,completed_normally,2001,20.0,0,
traj_02099,normal,20260823,59.89263702793296,1766.5203245254627,0.02307632344265637,0.45050940572051335,0.007211351075830115,0.023359392745003277,0.022881511186807275,59.66675493233085,60.052250408416725,0.002931817799501974,False,,False,completed_normally,2001,20.0,0,
traj_02100,gradual_approach_v3,20260823,63.6799107867848,1282.1004619596592,0.016208305897757205,0.49278580841903113,0.005065095593049127,0.13415479589260826,0.016208305897715717,41.58715113306775,63.6799107867848,0.7865325800738705,False,,True,validity_envelope_gamma_exceeded,815,8.14,0,
traj_02101,gradual_approach_v3,20260823,68.65816751012949,568.8743538242658,0.008832887325991894,0.5549102219808234,0.0027602772893724667,0.008832887326159378,-0.05504606855410302,68.65816751012949,115.29974059496884,0.6362408744573596,False,,True,ground_contact,1994,19.93,0,
traj_02102,gradual_approach_v3,20260823,73.79108228762067,1766.1187791695163,0.0027225703239078226,0.6262148839924447,0.0008508032262211946,0.0027225703239078226,-0.08423360330122998,73.79108228760934,92.03366300286181,0.7858813308477062,False,,True,validity_envelope_gamma_exceeded,977,9.76,0,
traj_02103,gradual_approach_v3,20260823,49.80522694221849,885.6926606451472,0.04945805630901436,0.3621876934518776,0.015455642596566989,0.04945805630901436,-0.07201626372550052,49.80522694221828,70.39687669040988,0.7854848238071334,False,,True,validity_envelope_gamma_exceeded,709,7.08,0,
traj_02104,gradual_approach_v3,20260823,31.586974191275196,988.77065630259,0.17031253315936576,0.3476525096153151,0.0532226666123018,0.4716423034284951,0.14030554669616083,25.00463110471192,37.52177640925172,0.2014611144403039,True,2.0,False,completed_normally,2001,20.0,0,
traj_02105,gradual_approach_v3,20260823,36.27096625864295,1376.8626206309323,0.1230728845387164,0.3235564128404221,0.03846027641834888,0.1230728845388141,-0.030006614818879784,36.27096625864295,68.5863822459706,0.5606132177211897,False,,False,completed_normally,2001,20.0,0,
traj_02106,gradual_approach_v3,20260823,45.44869895402078,1004.5360808847298,0.06647620312072389,0.3373373618500353,0.020773813475226215,0.06647620312086767,-0.05595507378207387,45.44869895402078,85.59244323791694,0.673281156974575,False,,False,completed_normally,2001,20.0,0,
traj_02107,gradual_approach_v3,20260823,55.48942547198183,1811.7731913464042,0.032866095170053115,0.4072846633954966,0.010270654740641599,0.03286609517008344,-0.06301083643901817,55.48942547198183,104.31518905069541,0.7187906227351525,False,,False,completed_normally,2001,20.0,0,
traj_02108,normal,20260823,73.04037969580072,987.5047357518689,0.003537251436703291,0.6153449243214952,0.0011053910739697785,0.003543263623969662,0.0033243853148919008,73.02857602195245,73.33041239121039,0.002804258488274098,False,,False,completed_normally,2001,20.0,0,
traj_02109,gradual_approach_v3,20260823,42.97529660833147,507.348198554807,0.07842844922309736,0.32776227419899123,0.024508890382217922,0.24280140657104604,0.07091412006878023,21.758064634596543,43.93653230619515,0.48853345977443907,False,,False,completed_normally,2001,20.0,0,
traj_02110,gradual_approach_v3,20260823,66.81110300091586,1975.0695031852415,0.011379827430285091,0.5310259667998546,0.003556196071964091,0.01137982743041961,-0.0762492022365342,66.81110300091586,86.57881020756709,0.7857248026025442,False,,True,validity_envelope_gamma_exceeded,1145,11.44,0,
traj_02111,gradual_approach_v3,20260823,67.07589407905465,725.1055388457246,0.011001884827892761,0.5343905622358496,0.0034380890087164877,0.12061776081674214,0.011001884827892761,54.85188904257128,67.07589407906438,0.78563989824463,False,,True,validity_envelope_gamma_exceeded,681,6.8,0,
traj_02112,gradual_approach_v3,20260823,52.702984566986444,1065.0501593427732,0.040343708102145506,0.38355267035472695,0.012607408781920472,0.21815481676729295,0.040343708102145506,18.488516061097,52.702984566998474,0.660249509710144,False,,False,completed_normally,2001,20.0,0,
traj_02113,gradual_approach_v3,20260823,72.6692457972862,1435.7101129926837,0.003949284587931982,0.6100260511883161,0.0012341514337287443,0.003949284587931982,-0.0622098042117577,72.66924579728378,95.45331365145229,0.7856412943906577,False,,True,validity_envelope_gamma_exceeded,876,8.75,0,
traj_02114,normal,20260823,67.00379468362938,1550.5300875977277,0.011104355110205095,0.5334724381799709,0.0034701109719390924,0.011162254099237849,0.010689703472356479,66.93414169391693,67.45505481227802,0.0051617787604302055,False,,False,completed_normally,2001,20.0,0,
traj_02115,gradual_approach_v3,20260823,49.58702443190375,850.6076510479753,0.0502081515251918,0.36072604354375454,0.015690047351622438,0.05020815152520107,-0.03984730219684296,49.58702443190375,86.59763606371703,0.5684418057687786,False,,False,completed_normally,2001,20.0,0,
traj_02116,gradual_approach_v3,20260823,30.297582747159254,1811.0010842898048,0.18682058964910628,0.35996462004628477,0.058381434265345714,0.18682058964910944,0.0575203843785273,30.29758274714777,46.34396420573627,0.43833109077991617,False,,False,completed_normally,2001,20.0,0,
traj_02117,gradual_approach_v3,20260823,66.35885929969669,936.4481180262131,0.012035701140900867,0.5253259815248539,0.0037611566065315206,0.1355007751338685,0.012035701140900867,42.86082829287711,66.35885929969669,0.7859473611854559,False,,True,validity_envelope_gamma_exceeded,773,7.72,0,
traj_02118,gradual_approach_v3,20260823,33.95783094194341,1641.7884663214593,0.14426054963372673,0.3318969162580575,0.04508142176053961,0.4144708974708274,0.108011940233535,21.361654821153586,42.80124005126332,0.3659035986345945,True,7.63,False,completed_normally,2001,20.0,0,
traj_02119,gradual_approach_v3,20260823,31.346545815904992,1728.8340079863094,0.17324880434029666,0.3497292162317268,0.0541402513563427,0.29539586655555083,0.03535247867722324,18.79155554474658,49.23457151836557,0.4963452272513207,True,19.71,False,completed_normally,2001,20.0,0,
traj_02120,gradual_approach_v3,20260823,62.75541296104,1055.1079904598246,0.017772196519140568,0.482054005502515,0.0055538114122314275,0.15889427222956284,0.017772196519081823,22.040424437124482,62.75541296104,0.7325625815207434,False,,False,completed_normally,2001,20.0,0,
traj_02121,gradual_approach_v3,20260823,33.52343568615813,1483.6618246669125,0.1486738009455524,0.3341886178633011,0.046460562795485126,0.45838774618408784,0.10903047638177776,21.974996451664317,43.27429521127104,0.3383346276985821,True,9.63,False,completed_normally,2001,20.0,0,
traj_02122,gradual_approach_v3,20260823,68.51551500818084,1173.0070616597302,0.009022358452217431,0.5530313588192854,0.002819487016317947,0.009022358452217431,-0.06385857398726935,68.51551500817841,122.73908860957162,0.7140834057296379,False,,False,completed_normally,2001,20.0,0,
traj_02123,gradual_approach_v3,20260823,30.079819090984525,513.1169873904905,0.18980965134253325,0.3623431750830395,0.05931551604454164,0.18980965134260366,0.02663703070548573,29.08959328819548,49.668741995687114,0.5705438339917662,False,,False,completed_normally,2001,20.0,0,
traj_02124,gradual_approach_v3,20260823,51.505116213787545,537.3728654044072,0.04392943502649577,0.3742911846831015,0.013727948445779927,0.043929435026497515,-0.050405804077856,51.505116213787545,91.18775999108018,0.6078732987346273,False,,False,completed_normally,2001,20.0,0,
traj_02125,gradual_approach_v3,20260823,51.11680876876534,704.3859168023658,0.045145025695253936,0.3714167126595333,0.014107820529766855,0.17160615676121727,0.026604426865325215,22.46277325638349,60.832903882482185,0.548282836979359,False,,False,completed_normally,2001,20.0,0,
traj_02126,normal,20260823,57.2111249416655,1902.8604705672653,0.028772753586422353,0.42338691866888756,0.008991485495756985,0.05703332514297168,0.028772753586385747,51.78401301833337,57.2111249416655,0.0961837538529173,False,,False,completed_normally,2001,20.0,0,
traj_02127,gradual_approach_v3,20260823,37.09647804831786,738.5109212333954,0.1163555532558885,0.3219928904117528,0.03636111039246516,0.44270708446669144,0.07281377692198618,21.537496321752535,51.89657251221191,0.4157931010495564,True,6.36,False,completed_normally,2001,20.0,0,
traj_02128,gradual_approach_v3,20260823,40.97173696886587,720.4065822706187,0.08965481527399333,0.32283992666058137,0.028017129773122915,0.08965481527413015,-0.059685724965383935,40.97173696886587,80.10290083752892,0.6904712527184349,False,,False,completed_normally,2001,20.0,0,
traj_02129,stall,20260823,39.123646785395806,878.1722170460199,0.10147499718255903,0.32087507579657265,0.0317109366195497,1.1912309286971818,-0.2670569669854582,37.691069241727824,53.78059005181531,0.7910006654170435,True,5.51,True,validity_envelope_gamma_exceeded,1177,11.76,0,
traj_02130,gradual_approach_v3,20260823,39.249515426760865,1709.876991414585,0.10062039183863833,0.32092344281649504,0.03144387244957448,0.10062039183863833,-0.056253244195848096,39.249515426744104,73.2485474765884,0.6452867530044796,False,,False,completed_normally,2001,20.0,0,
traj_02131,gradual_approach_v3,20260823,49.173053562096435,633.3033364508774,0.05165803572131801,0.35801241178789295,0.01614313616291188,0.2331028371909516,0.02404242881183366,18.459137007797697,64.84151470456565,0.6368394078991743,False,,False,completed_normally,2001,20.0,0,
traj_02132,gradual_approach_v3,20260823,64.83722607742318,970.9400244935808,0.014342966876499948,0.506583366012613,0.004482177148906234,0.14114973417577656,0.014342966876499948,23.66890758087278,64.83722607743127,0.7057143284379818,False,,False,completed_normally,2001,20.0,0,
traj_02133,gradual_approach_v3,20260823,35.69099389219275,1045.2113278410588,0.12804382182143242,0.3250765806363642,0.040013694319197636,0.12804382182143242,-0.02416163915441122,35.69099389219167,65.35446351620045,0.5379087335800157,False,,False,completed_normally,2001,20.0,0,
traj_02134,gradual_approach_v3,20260823,73.65083282156154,1262.0356110349837,0.002872899877973954,0.6241728319507303,0.0008977812118668606,0.002872899877973954,-0.0870296870932521,73.65083282153904,90.71713771927917,0.7870845140558136,False,,True,validity_envelope_gamma_exceeded,1111,11.1,0,
traj_02135,gradual_approach_v3,20260823,34.49459089827874,1513.5932082256088,0.13900783996895266,0.3293996732197083,0.043439949990297703,0.47056952705902916,0.1030536953904384,22.789926425465183,43.773571893120966,0.3304260820776938,True,9.58,False,completed_normally,2001,20.0,0,
traj_02136,gradual_approach_v3,20260823,53.50836068839432,823.2543190215396,0.03806433047510799,0.3901046981413568,0.011895103273471246,0.20963028005337542,0.03806433047510799,18.958018799452432,53.50836068839672,0.6543528354497288,False,,False,completed_normally,2001,20.0,0,
traj_02137,gradual_approach_v3,20260823,59.62152619685764,801.5237056247165,0.0236180473232428,0.44765806942619996,0.007380639788513375,0.1830144843491481,0.017722837834597382,20.23795281286046,59.62152619685764,0.6973557473214658,False,,False,completed_normally,2001,20.0,0,
traj_02138,normal,20260823,51.591604804142065,755.3433566131729,0.04366233039364527,0.3749400599685941,0.013644478248014145,0.061886952988684775,0.043662330393610324,47.437025876540176,51.591604804142065,0.07890422094331145,False,,False,completed_normally,2001,20.0,0,
traj_02139,normal,20260823,47.09892104900927,501.5866565643294,0.05949012929862403,0.3456352694543967,0.01859066540582001,0.060048218807689784,0.05900133368882879,46.86030364044005,47.31628521039151,0.004971147455176006,False,,False,completed_normally,2001,20.0,0,
traj_02140,gradual_approach_v3,20260823,61.80171706680076,1348.320239021266,0.01945862284219529,0.4712584207567083,0.006080819638186029,0.01945862284236303,-0.0810464990824809,61.80171706680076,84.23107658499421,0.786537442830746,False,,True,validity_envelope_gamma_exceeded,847,8.46,0,
traj_02141,gradual_approach_v3,20260823,72.34070110155447,707.737964037182,0.0043192886647167635,0.6053480856319298,0.0013497777077239885,0.10448163740104377,0.004319288664525914,50.56524372183937,72.34070110155447,0.7858078439143844,False,,True,validity_envelope_gamma_exceeded,1005,10.040000000000001,0,
traj_02142,stall,20260823,59.502096910662175,1258.6441093112883,0.023859005638103177,0.44640965094898427,0.007455939261907242,1.0509729658647669,0.023859005638103177,41.52963769493102,59.502096910681864,0.41791809482851183,True,5.08,False,completed_normally,2001,20.0,0,
traj_02143,gradual_approach_v3,20260823,65.08824347774167,617.6302571572605,0.01395130319504817,0.5096285550396868,0.004359782248452553,0.13572110265863524,0.013951303194953324,42.004913206608364,65.08824347774167,0.7858958118425755,False,,True,validity_envelope_gamma_exceeded,901,9.0,0,
traj_02144,gradual_approach_v3,20260823,31.701739791891608,779.2963231345808,0.16893206036023273,0.34669482502144133,0.05279126886257273,0.45271216256526203,0.1319704501264137,23.164996096304797,39.42844187547717,0.2618532218370434,True,6.93,False,completed_normally,2001,20.0,0,
traj_02145,gradual_approach_v3,20260823,38.461958458728894,1257.6858159136202,0.10609567886620933,0.3208392705549348,0.03315489964569041,0.10609567886620933,-0.04164475415533142,38.4619584587276,74.62771983113096,0.6446459626961359,False,,False,completed_normally,2001,20.0,0,
traj_02146,gradual_approach_v3,20260823,48.400451711504246,1295.1886549144228,0.0544613919809428,0.35316022451753587,0.017019184994044624,0.2154081525342189,0.05096930666037419,22.116243736019175,48.400451711504246,0.5341961710253519,False,,False,completed_normally,2001,20.0,0,
traj_02147,gradual_approach_v3,20260823,38.17722521326441,799.5991777594465,0.10815232796591301,0.3209399716270114,0.033797602489347815,0.10815232796591301,-0.009403725987325418,38.17722521326407,67.1140161602904,0.5104051803881405,False,,False,completed_normally,2001,20.0,0,
traj_02148,normal,20260823,38.61808859950608,1800.6187856804197,0.1049856434542866,0.3208140954031486,0.032808013579464564,0.10587948278556888,0.10417211332987697,38.388691147259394,38.83815186416197,0.0060642261592721075,False,,False,completed_normally,2001,20.0,0,
traj_02149,normal,20260823,74.94533287171842,1502.2670683900901,0.0015169519797667292,0.6432165418870095,0.00047404749367710284,0.0015169519799251388,0.0013663611335142526,74.94533287171842,75.164767085053,0.002006137602379244,False,,False,completed_normally,2001,20.0,0,
traj_02150,gradual_approach_v3,20260823,60.25886311515181,1190.7127477356557,0.0223559587156623,0.45439913924665803,0.006986237098644469,0.022355958715663884,-0.04899930637875516,60.25886311515181,104.44096820941122,0.61130909695626,False,,False,completed_normally,2001,20.0,0,
traj_02151,gradual_approach_v3,20260823,56.139211253168455,1055.6028803613112,0.031277678863080756,0.41323713591944317,0.009774274644712738,0.2415181971889513,0.0228956911403585,16.746262091493364,56.139211253168455,0.7768793932654836,False,,False,completed_normally,2001,20.0,0,
traj_02152,gradual_approach_v3,20260823,34.085431792251356,1096.9002671292646,0.14299214567609445,0.33127036333137694,0.04468504552377951,0.4555488205995607,0.09854992097460241,21.469900336036915,45.9549191053251,0.3649697583441864,True,5.08,False,completed_normally,2001,20.0,0,
traj_02153,gradual_approach_v3,20260823,43.92170174804905,1082.535720129363,0.07362645560520892,0.3309962267509946,0.023008267376627787,0.27055911189492754,0.04366099088485803,19.979627094446627,56.94771274803525,0.5482423990406812,False,,False,completed_normally,2001,20.0,0,
traj_02154,gradual_approach_v3,20260823,30.372637258800967,1836.0132505782565,0.18580503616005997,0.3591658021123078,0.05806407380001874,0.5321431280468509,0.15095545058630333,24.407014999417317,36.77323104569407,0.22667022413113236,True,3.16,False,completed_normally,2001,20.0,0,
traj_02155,gradual_approach_v3,20260823,55.09768840561606,1991.2103253191574,0.033850493176396226,0.40377062820781745,0.01057827911762382,0.033850493176396226,-0.04709626319682336,55.09768840561581,96.97846798802759,0.6117980430949024,False,,False,completed_normally,2001,20.0,0,
traj_02156,gradual_approach_v3,20260823,68.36257928540594,870.1529317810556,0.009226792670764327,0.5510233751391495,0.002883372709613852,0.0924152672407384,0.009226792670702498,30.35073314983369,68.36257928540594,0.6088574728519991,False,,False,completed_normally,2001,20.0,0,
traj_02157,gradual_approach_v3,20260823,55.10045192510131,533.1535091384607,0.033843476409451775,0.40379521963405235,0.010576086377953679,0.2340052785398914,0.033843476409430924,17.25550863878466,55.10045192510131,0.7139972645192727,False,,False,completed_normally,2001,20.0,0,
traj_02158,gradual_approach_v3,20260823,37.382022931245004,974.7791753867812,0.11412515305423762,0.321608480612595,0.03566411032944926,0.45640907227215255,0.08400002878674373,19.895954689950006,45.69724076679906,0.4702452228135595,True,11.25,False,completed_normally,2001,20.0,0,
traj_02159,gradual_approach_v3,20260823,55.69908145568401,1864.296401986959,0.03234761270485148,0.40918849488370074,0.010108628970266088,0.0323476127049733,-0.07098683661972421,55.69908145568401,76.80230272446231,0.7866987270037651,False,,True,validity_envelope_gamma_exceeded,691,6.9,0,
traj_02160,gradual_approach_v3,20260823,42.80102289358528,1889.2303698496369,0.07934594545225013,0.3272279249477721,0.024795607953828163,0.2982449995456333,0.03687558384845724,16.267793998985276,63.80803713300505,0.647859062679299,True,8.1,False,completed_normally,2001,20.0,0,
traj_02161,stall,20260823,30.59071560717591,1975.4480349033292,0.18289520998233813,0.35690456567668033,0.057154753119480664,1.2521096594132004,-0.20679074086738936,30.139204577834874,48.4898952675325,0.7878841568891698,True,3.93,True,validity_envelope_gamma_exceeded,934,9.33,0,
traj_02162,gradual_approach_v3,20260823,50.39154680539551,956.3766855570376,0.04748936442222065,0.36622044991826325,0.014840426381943954,0.04748936442228034,-0.06707854622100501,50.39154680539551,72.52909852145285,0.7855003062902858,False,,True,validity_envelope_gamma_exceeded,1061,10.6,0,
traj_02163,normal,20260823,32.650307390495854,803.7186384670498,0.1580126848299708,0.33957316759864586,0.049378964009365874,0.1851046997724646,0.12318427826187597,28.352565325669183,36.6816887543383,0.14626985375429555,False,,False,completed_normally,2001,20.0,0,
traj_02164,gradual_approach_v3,20260823,48.24261047888052,1232.3121406870223,0.0550502710537933,0.3522036247417118,0.017203209704310406,0.1903649152134403,0.036032971917105305,22.951576508834876,56.9628737664291,0.5117752890643815,False,,False,completed_normally,2001,20.0,0,
traj_02165,gradual_approach_v3,20260823,66.3950424194885,1374.778329921205,0.011982737805334868,0.5257798599302144,0.0037446055641671464,0.011982737805334868,-0.07470588174239279,66.39504241947708,86.55714213537527,0.7855722724678166,False,,True,validity_envelope_gamma_exceeded,995,9.94,0,
traj_02166,gradual_approach_v3,20260823,73.19796234795339,1975.9351232193817,0.0033641777819881148,0.6176143431938672,0.0010513055568712858,0.0033641777819881148,-0.07790984761355624,73.19796234794636,92.3890276168876,0.7866340906204098,False,,True,validity_envelope_gamma_exceeded,877,8.76,0,
traj_02167,stall,20260823,31.61433127378894,1940.4546825703255,0.16998224329142836,0.34742227069140486,0.05311945102857136,1.200095213069581,-0.23159314432350564,31.614331273787936,53.738622442035194,0.7916459546290356,True,5.37,True,validity_envelope_gamma_exceeded,1174,11.73,0,
traj_02168,stall,20260823,49.25512961558485,1805.0813570464109,0.051367743276494814,0.3585442001576624,0.016052419773904626,1.1500789594582832,-0.37607523844022683,45.413604947586656,53.43553704264918,0.7901343379723678,True,2.67,True,validity_envelope_gamma_exceeded,946,9.450000000000001,0,
traj_02169,gradual_approach_v3,20260823,35.532787643265685,1650.7423332229391,0.1294375696800312,0.32555446549114564,0.04044924052500975,0.37726481761934805,0.10256493013151533,22.18244194669679,42.186766107678345,0.37019323322002745,True,10.9,False,completed_normally,2001,20.0,0,
traj_02170,gradual_approach_v3,20260823,60.754977791011726,1672.341292683037,0.02140051794463668,0.45973758059451936,0.006687661857698962,0.02140051794463668,-0.08903220514663157,60.754977791009416,78.33532086809133,0.7854512375889569,False,,True,validity_envelope_gamma_exceeded,768,7.67,0,
traj_02171,gradual_approach_v3,20260823,32.55276528037439,1624.7280968273424,0.1590968928229151,0.3402423510048672,0.04971777900716096,0.585091754470681,0.11497656565998628,22.435093809849203,42.87341417471423,0.33500233104054744,True,2.77,False,completed_normally,2001,20.0,0,
traj_02172,normal,20260823,33.18304559000118,1492.9732965718026,0.1522380935927322,0.3361609735484195,0.04757440424772881,0.15386605548349147,0.15059955351868984,32.897285923250095,33.49457246123827,0.01019281781208512,False,,False,completed_normally,2001,20.0,0,
traj_02173,gradual_approach_v3,20260823,45.107072105433325,699.5436008247405,0.06801551132816921,0.33580307165302525,0.021254847290052878,0.1980421611404291,0.06751452986939971,22.6676523011942,45.107072105433325,0.4879207734666839,False,,False,completed_normally,2001,20.0,0,
traj_02174,gradual_approach_v3,20260823,59.898053545890996,1893.0738098240308,0.02306557418031401,0.45056661734259434,0.0072079919313481275,0.02306557418031401,-0.08347256742907416,59.8980535458823,81.11599004204128,0.7860360719703559,False,,True,validity_envelope_gamma_exceeded,1018,10.17,0,
traj_02175,normal,20260823,56.31740686055262,1808.0638172260935,0.030851491055225635,0.41489616061495604,0.009641090954758012,0.030851491055225635,0.014817173363894452,56.31740686055002,60.7944640513676,0.07329739253671108,False,,False,completed_normally,2001,20.0,0,
traj_02176,normal,20260823,56.69200443112333,1492.376271566306,0.029968422923530677,0.41842066512333487,0.009365132163603336,0.07717005935673131,-0.003944447666374612,49.85140706173926,59.64792906325725,0.1979976814147087,False,,False,completed_normally,2001,20.0,0,
traj_02177,gradual_approach_v3,20260823,44.481348427292964,947.6414083300612,0.07092375894641062,0.33316388032731437,0.02216367467075332,0.26511663795825813,0.0709237589463401,19.477522069525907,44.481348427292964,0.5680616795354815,False,,False,completed_normally,2001,20.0,0,
traj_02178,gradual_approach_v3,20260823,47.36974473104199,1261.6777376432246,0.05841055861833076,0.34713205964151167,0.018253299568228364,0.05841055861848734,-0.05373593897726736,47.36974473104199,85.05846465563722,0.624168071087787,False,,False,completed_normally,2001,20.0,0,
traj_02179,gradual_approach_v3,20260823,37.149329440285555,891.5410938339301,0.11593921229683235,0.3219158247840233,0.03623100384276011,0.3663748189459338,0.0827085333054457,21.256371642490866,46.953578659146075,0.4248728413857717,True,9.950000000000001,False,completed_normally,2001,20.0,0,
traj_02180,gradual_approach_v3,20260823,59.932535383817076,1519.2555744520407,0.022997211163650323,0.45093105387722277,0.0071866284886407256,0.022997211163650323,-0.07768713533150617,59.9325353838166,81.06788484786378,0.7866172356737525,False,,True,validity_envelope_gamma_exceeded,765,7.640000000000001,0,
traj_02181,gradual_approach_v3,20260823,32.09919061619965,612.0187290822876,0.16425282034550068,0.3435415655091621,0.05132900635796896,0.22361366090672002,0.03553822785175481,22.535307861694854,49.41579485139775,0.4669463754674006,False,,False,completed_normally,2001,20.0,0,
traj_02182,gradual_approach_v3,20260823,45.12522673436367,1623.9966276102227,0.0679328630333163,0.33588296678437385,0.021229019697911345,0.06793286303341078,-0.051295908323689465,45.12522673436367,83.4885955228324,0.6402727628952016,False,,False,completed_normally,2001,20.0,0,
traj_02183,gradual_approach_v3,20260823,40.11615866830908,1793.235350557256,0.09493765915059743,0.321602504035078,0.029668018484561697,0.0949376591506726,-0.05090890569503248,40.11615866830908,80.69598112977488,0.701321114414053,False,,False,completed_normally,2001,20.0,0,
traj_02184,gradual_approach_v3,20260823,59.33375388843837,1259.44756573838,0.02420108972659786,0.4446579049024919,0.007562840539561831,0.1412350914189766,0.024201089726459315,45.26055023380057,59.33375388843837,0.7856801207235703,False,,True,validity_envelope_gamma_exceeded,478,4.7700000000000005,0,
traj_02185,stall,20260823,46.76310939625151,1440.9377126499564,0.06085404755301875,0.3438310014490331,0.019016889860318357,1.0340171493518178,0.0243048962205224,32.25887426601164,62.0377833692682,0.6545053280995726,True,5.79,False,completed_normally,2001,20.0,0,
traj_02186,gradual_approach_v3,20260823,48.79326032283402,1031.6642783550728,0.05301992156372255,0.3555922348209949,0.016568725488663297,0.053019921563877054,-0.06132445148027588,48.79326032283402,91.62306238932266,0.6781386615292738,False,,False,completed_normally,2001,20.0,0,
traj_02187,gradual_approach_v3,20260823,36.257587487612234,1700.8030651702668,0.12318515552500217,0.3235874635503656,0.03849536110156317,0.3514754554770275,0.0875893709670437,22.6349027782932,46.66238824975885,0.3685643177370683,True,8.370000000000001,False,completed_normally,2001,20.0,0,
traj_02188,gradual_approach_v3,20260823,37.007041598392675,1985.9561379507734,0.11706377547873392,0.3221294875343089,0.03658242983710435,0.36906570991245524,0.07453875643756848,21.898465847747275,51.22505286560206,0.4030743406176397,True,6.29,False,completed_normally,2001,20.0,0,
traj_02189,gradual_approach_v3,20260823,54.65817555503896,1559.6669712933208,0.03497978033308459,0.39989577249183306,0.010931181354088935,0.15043251959187556,0.03497978033308459,24.048183773639018,54.65817555505168,0.550903841689848,False,,False,completed_normally,2001,20.0,0,
traj_02190,gradual_approach_v3,20260823,45.585090294632245,1904.2425472081466,0.06587093331029348,0.3379679663681282,0.020584666659466712,0.22786532246623778,0.03619404865841502,18.963159722884434,59.62157411336416,0.5930863708460532,False,,False,completed_normally,2001,20.0,0,
traj_02191,gradual_approach_v3,20260823,44.71112939644709,1814.9472313203191,0.06984215270804495,0.33410700049345676,0.021825672721264046,0.06984215270804495,-0.031696054792015926,44.71112939644249,75.1941260975993,0.5140305969305075,False,,False,completed_normally,2001,20.0,0,
traj_02192,normal,20260823,33.71331066446517,1087.9909360841161,0.14672642803958744,0.3331563617580472,0.04585200876237107,0.18815622809209723,0.12666471461988138,30.779317899381862,38.08425040440039,0.12891081034797028,False,,False,completed_normally,2001,20.0,0,
traj_02193,normal,20260823,33.00981390214181,933.8785605963304,0.15408905782990326,0.3372262173299359,0.04815283057184477,0.20573673437992746,0.13364871984344956,28.194932878761144,37.314749859271,0.146241237144915,False,,False,completed_normally,2001,20.0,0,
traj_02194,normal,20260823,39.863286625077684,1421.5206397254597,0.0965602010590772,0.3213430490895129,0.030175062830961625,0.14051775463425187,0.09009121013738211,33.00631567948375,41.85799771923387,0.1567703584975737,False,,False,completed_normally,2001,20.0,0,
traj_02195,gradual_approach_v3,20260823,43.2562202431577,1185.4686845573858,0.07697164628463418,0.32866421055393336,0.024053639463948184,0.2810282052162862,0.061000467691723126,19.316975647936392,47.21529770619978,0.5601929977128846,True,10.94,False,completed_normally,2001,20.0,0,
traj_02196,gradual_approach_v3,20260823,36.348406903118104,1375.765846256667,0.12242520557281761,0.32338033707059577,0.038257876741505506,0.12242520557293862,0.006484855513265997,36.348406903118104,57.118231637955326,0.39077600207567925,False,,False,completed_normally,2001,20.0,0,
traj_02197,gradual_approach_v3,20260823,50.14433964565347,1358.2674153357023,0.04831120654683098,0.3645015796296778,0.01509725204588468,0.048311206546973844,-0.06126669572767007,50.14433964565347,88.34094767987378,0.6148833677712277,False,,False,completed_normally,2001,20.0,0,
traj_02198,gradual_approach_v3,20260823,47.05804688672932,528.541340917475,0.059654633056745676,0.34541258348686577,0.018642072830233024,0.2532306784337951,0.059654633056745676,19.001893396793793,47.05804688674801,0.6041035333074855,False,,False,completed_normally,2001,20.0,0,
traj_02199,gradual_approach_v3,20260823,65.39832223816292,1468.0108874783205,0.013473626381774295,0.5134158497873285,0.004210508244304467,0.013473626381774295,-0.07584508698741221,65.39832223815083,85.30609960706639,0.7855554466119798,False,,True,validity_envelope_gamma_exceeded,912,9.11,0,
traj_02200,gradual_approach_v3,20260823,50.9936512122964,1290.738223225138,0.04553624654319902,0.3705183820592046,0.014230077044749696,0.04553624654319902,-0.0573943793329873,50.993651212293585,100.36311858801008,0.7536034191054444,False,,False,completed_normally,2001,20.0,0,
traj_02201,gradual_approach_v3,20260823,37.06138813993867,1602.3848008434975,0.11663286758454683,0.32204555447721345,0.036447771120170884,0.32355007379074496,0.07081644602121562,20.205587812200395,52.848259504617296,0.4557640374961556,True,7.51,False,completed_normally,2001,20.0,0,
traj_02202,gradual_approach_v3,20260823,63.525032208952496,1436.07535492415,0.01646560543812101,0.4909698289285596,0.005145501699412815,0.17246264636227418,0.01646560543812101,20.72284444111031,63.52503220898848,0.7711474258006248,False,,False,completed_normally,2001,20.0,0,
traj_02203,gradual_approach_v3,20260823,47.719401148390936,888.4639301491827,0.057042997780768254,0.349118755818448,0.01782593680649008,0.23622339370135625,0.03857316844723413,19.105901589744004,54.41934655964297,0.6076712743225765,False,,False,completed_normally,2001,20.0,0,
traj_02204,gradual_approach_v3,20260823,68.64692123502837,1440.8930917427479,0.008847782208049888,0.5547618920100648,0.00276493194001559,0.00884778220805385,-0.0718730638718561,68.64692123502837,88.79803093185782,0.78564858138184,False,,True,validity_envelope_gamma_exceeded,1056,10.55,0,
traj_02205,normal,20260823,32.340986886814164,1708.0741180050836,0.16148051940543576,0.34174396590799033,0.05046266231419867,0.1642534292840897,0.15862174340473048,31.889196440534356,32.856337612035915,0.017349958932258835,False,,False,completed_normally,2001,20.0,0,
traj_02206,gradual_approach_v3,20260823,45.78911396909538,665.1011832906751,0.06497523690849341,0.3389302672955952,0.020304761533904193,0.06497523690862868,-0.05628142722616425,45.78911396909538,87.48267406563403,0.6872234853846493,False,,False,completed_normally,2001,20.0,0,
traj_02207,gradual_approach_v3,20260823,62.72981062408516,1260.3126579752518,0.01781647973836494,0.48176052140213643,0.005567649918239043,0.017816479738460858,-0.05914054275239716,62.72981062408516,116.53148727420579,0.7226233746927442,False,,False,completed_normally,2001,20.0,0,
traj_02208,gradual_approach_v3,20260823,40.21712971843188,710.6771477861812,0.09429774836638327,0.3217198915636961,0.029468046364494772,0.09429774836638327,-0.03344698204675478,40.21712971842604,68.0484017343759,0.5140448918481652,False,,False,completed_normally,2001,20.0,0,
traj_02209,normal,20260823,35.33363147066304,925.374215600374,0.13121574745690107,0.3261956500166837,0.04100492108028159,0.13307424720864294,0.12914947921068795,34.9531191009161,35.789593955634146,0.01389385183834872,False,,False,completed_normally,2001,20.0,0,
traj_02210,gradual_approach_v3,20260823,63.863968948128985,552.1504815132943,0.015904931605779972,0.4949533373195368,0.004970291126806242,0.015904931605779972,-0.09108688721674107,63.86396894812837,80.07633880568861,0.7877898975819922,False,,True,validity_envelope_gamma_exceeded,662,6.61,0,
traj_02211,normal,20260823,42.02638129932832,887.4027151424182,0.0835561423463346,0.32509207675175716,0.026111294483229564,0.08414721616247844,0.08290091443231122,41.832016409109336,42.23736958133612,0.00487279507498207,False,,False,completed_normally,2001,20.0,0,
traj_02212,gradual_approach_v3,20260823,48.69906319027735,1515.8263013463227,0.053362503942495684,0.35500239195625505,0.016675782482029902,0.1855582021754979,0.04384702162935489,22.031454485290453,50.88571038774975,0.5389717883411834,False,,False,completed_normally,2001,20.0,0,
traj_02213,gradual_approach_v3,20260823,63.537366899843946,1502.5849425892711,0.016445045702091158,0.4911141895835729,0.005139076781903487,0.016445045702118587,-0.07627188944008861,63.537366899843946,86.06271934938135,0.7856239777225573,False,,True,validity_envelope_gamma_exceeded,1071,10.700000000000001,0,
traj_02214,gradual_approach_v3,20260823,35.68782637347951,1890.881245862406,0.12807156507476644,0.3250858781886038,0.04002236408586451,0.1280715650749037,-0.021305112430371864,35.68782637347951,66.35435625099174,0.5487345572476121,False,,False,completed_normally,2001,20.0,0,
traj_02215,stall,20260823,71.19396914019732,901.8285642190947,0.0056507188805567585,0.589246715605418,0.001765849650173987,0.005650718880684942,-0.24757964552297362,71.19396914019732,72.27753721880522,0.7915085373823206,False,,True,validity_envelope_gamma_exceeded,465,4.64,0,
traj_02216,gradual_approach_v3,20260823,33.22461108167682,600.8421361702063,0.1517977256406982,0.3359116069361352,0.047436789262718194,0.15179772564074878,0.012449230369346642,29.50577224061832,58.40081342385308,0.638723222743524,False,,False,completed_normally,2001,20.0,0,
traj_02217,normal,20260823,56.259565019066855,1909.5006497927398,0.03098939417707866,0.41435639807547575,0.009684185680337081,0.031236193119903007,0.03029378915225295,56.07631218772875,56.73616916967481,0.00949476713193833,False,,False,completed_normally,2001,20.0,0,
traj_02218,gradual_approach_v3,20260823,72.8862128769405,528.7798129227741,0.003707650667197754,0.6131310601652781,0.001158640833499298,0.003707650667197754,-0.08251907392075192,72.8862128769277,92.96114461244193,0.7858648664767472,False,,True,validity_envelope_gamma_exceeded,1217,12.16,0,
traj_02219,gradual_approach_v3,20260823,61.05891413439647,1561.3515537635628,0.02082649712041681,0.4630470507537664,0.006508280350130254,0.02082649712042614,-0.07551705290124655,61.05891413439647,82.53833726429473,0.7868603736289267,False,,True,validity_envelope_gamma_exceeded,902,9.01,0,
traj_02220,gradual_approach_v3,20260823,61.4187377452617,725.6272240592867,0.020157765127080077,0.46700301131621336,0.006299301602212524,0.020157765127080077,-0.08146357086614403,61.41873774525565,81.16788473872967,0.786200218446179,False,,True,validity_envelope_gamma_exceeded,876,8.75,0,
traj_02221,gradual_approach_v3,20260823,55.33166710824537,1057.756595906095,0.033260057513491925,0.40586271112037864,0.010393767972966227,0.1823815162352515,0.033260057513322075,20.807985820105817,55.33166710824537,0.6353451689951619,False,,False,completed_normally,2001,20.0,0,
traj_02222,gradual_approach_v3,20260823,51.30907356921259,974.5622702214876,0.04453977281823257,0.37283200893187474,0.013918679005697678,0.1702705906307016,0.038250927522615163,24.47315088866536,52.40608483204134,0.5185937267385295,False,,False,completed_normally,2001,20.0,0,
traj_02223,gradual_approach_v3,20260823,41.27175778230531,662.7557847516949,0.08787496659084248,0.3234010574292658,0.027460927059638277,0.08787496659095559,-0.03150114485835265,41.27175778230531,73.24757585143487,0.5621088458645082,False,,False,completed_normally,2001,20.0,0,
traj_02224,gradual_approach_v3,20260823,36.110680666095455,1861.8734648206705,0.12442531387340366,0.3239407427021183,0.03888291058543864,0.520009194301735,0.08797755546450495,21.5401701874485,46.59106777756395,0.3982293399231298,True,10.03,False,completed_normally,2001,20.0,0,
traj_02225,gradual_approach_v3,20260823,49.005186520040134,1404.963925699655,0.05225618576018545,0.3569344426223538,0.016330058050057952,0.052256185760314294,-0.07522581775276815,49.005186520040134,96.93935237378955,0.7786468172156592,False,,False,completed_normally,2001,20.0,0,
traj_02226,gradual_approach_v3,20260823,38.72447050964733,942.5534980183284,0.10423637141324224,0.32080895940474957,0.0325738660666382,0.10423637141330473,-0.0366898559298397,38.72447050964733,71.34537380130016,0.5740242874367815,False,,False,completed_normally,2001,20.0,0,
traj_02227,gradual_approach_v3,20260823,70.19300416116636,1327.9664267377002,0.006866100052241368,0.5754823826388565,0.0021456562663254275,0.11446782135155431,0.006866100052241368,47.77018241319,70.19300416116877,0.7860531247253452,False,,True,validity_envelope_gamma_exceeded,884,8.83,0,
traj_02228,gradual_approach_v3,20260823,55.04387103994219,1320.0527326830222,0.03398734615885686,0.40329229418900175,0.01062104567464277,0.15604423941103093,0.02536120325638269,23.362994697176173,57.72200896998532,0.5639540937968223,False,,False,completed_normally,2001,20.0,0,
traj_02229,gradual_approach_v3,20260823,58.38786341079914,945.9525454508198,0.026177718651396554,0.43499042258834697,0.008180537078561423,0.026177718651536685,-0.059936620775512484,58.38786341079914,103.3777369580868,0.6370016818813029,False,,False,completed_normally,2001,20.0,0,
traj_02230,gradual_approach_v3,20260823,36.219690882108864,1351.831204904693,0.12350377857185382,0.3236764313522764,0.038594930803704325,0.12350377857195254,-0.035852924425939126,36.219690882108864,72.74102463286417,0.6724927210409414,False,,False,completed_normally,2001,20.0,0,
traj_02231,stall,20260823,57.65345221659376,1085.8138775792404,0.027778937483140028,0.4276927388639254,0.008680917963481258,0.027778937483305757,-0.3988663706798088,57.65345221659376,59.373559712769726,0.7893458926682151,True,3.63,True,validity_envelope_gamma_exceeded,414,4.13,0,
traj_02232,gradual_approach_v3,20260823,72.77071039734409,1292.1816581762012,0.003836018059496496,0.6114765522079936,0.001198755643592655,0.12457904604650742,0.003836018059496496,24.847481365057398,72.77071039736468,0.7696520982496825,False,,False,completed_normally,2001,20.0,0,
traj_02233,stall,20260823,74.73052624589411,1076.4504887175253,0.001737132729120606,0.6400261995941512,0.0005428539778501894,0.6674289962248792,0.0017371327289781185,64.89290165807637,74.73052624589411,0.786331843304169,True,4.87,True,validity_envelope_gamma_exceeded,574,5.73,0,
traj_02234,normal,20260823,62.3597604190772,1726.499613543548,0.018462564888141797,0.47754111618836537,0.0057695515275443116,0.018765834665271902,0.017780758371470536,62.074859173175284,62.974110454962315,0.010346851328385785,False,,False,completed_normally,2001,20.0,0,
traj_02235,gradual_approach_v3,20260823,33.07671030807654,686.1708897438012,0.15337126747199925,0.33680986691586745,0.047928521084999766,0.15337126747199925,0.006670304959472351,30.95809082389111,54.48978819401397,0.5504611068062985,False,,False,completed_normally,2001,20.0,0,
traj_02236,normal,20260823,68.85523984265166,1050.2155824522881,0.008573050160264068,0.5575151811293905,0.0026790781750825215,0.008573050160264068,-0.017241608456642812,68.85523984265166,81.34132910731898,0.17130561258542973,False,,False,completed_normally,2001,20.0,0,
traj_02237,gradual_approach_v3,20260823,49.29466156539333,1995.6203407892478,0.05122842718824287,0.358801440336859,0.016008883496325895,0.1913447278092658,0.05122842718819042,21.34169722888864,49.29466156539333,0.5615522208121196,False,,False,completed_normally,2001,20.0,0,
traj_02238,gradual_approach_v3,20260823,36.15958803395813,1609.3800025916155,0.12401094517530253,0.3238206144577523,0.03875342036728204,0.5056399736180874,0.08750627333680389,21.398193870894534,46.67704008805987,0.40345330246223643,True,9.86,False,completed_normally,2001,20.0,0,
traj_02239,gradual_approach_v3,20260823,46.0532549633323,1756.5124692986233,0.06383262051914612,0.3402095875955533,0.019947693912233163,0.22997125280671382,0.04380926809493546,20.7416804042214,53.713440213867926,0.5484690548912892,False,,False,completed_normally,2001,20.0,0,
traj_02240,gradual_approach_v3,20260823,63.00459049687207,604.2738046983018,0.01734398547122516,0.4849208710367819,0.005419995459757862,0.017343985471355645,-0.08075017925800232,63.00459049687207,83.34664695176976,0.7875341474059999,False,,True,validity_envelope_gamma_exceeded,1069,10.68,0,
traj_02241,normal,20260823,55.793577367430544,668.2751614226731,0.03211579841716172,0.4100518248615896,0.010036187005363038,0.03211579841717869,0.001314850715686211,55.793577367430544,68.91468194337763,0.18801205400755142,False,,False,completed_normally,2001,20.0,0,
traj_02242,gradual_approach_v3,20260823,51.60081672650988,1199.7376239920538,0.043633958354770505,0.3750093561452244,0.013635611985865782,0.043633958354783384,-0.0699275632669284,51.60081672650988,100.20533002755886,0.7517127918760556,False,,False,completed_normally,2001,20.0,0,
traj_02243,gradual_approach_v3,20260823,46.6725409458143,1500.6921520635326,0.06122678031637059,0.3433543028645509,0.01913336884886581,0.24833230766008918,0.039416448976823504,18.621444961130727,55.095462910571385,0.6123340187096802,False,,False,completed_normally,2001,20.0,0,
traj_02244,gradual_approach_v3,20260823,48.66168520555987,1315.9203600215367,0.05349897895160691,0.3547694946353039,0.01671843092237716,0.2655522025528146,0.032436702669141226,16.383808217567793,56.534246259054335,0.6919992242855207,False,,False,completed_normally,2001,20.0,0,
traj_02245,stall,20260823,69.54211271750378,1423.6643735402345,0.007684442646414905,0.5666787568078949,0.0024013883270046577,0.008389826265821066,-0.30339977095363835,68.70819164318934,69.54211271750378,0.7922380388552187,True,5.8100000000000005,True,validity_envelope_gamma_exceeded,607,6.0600000000000005,0,
traj_02246,gradual_approach_v3,20260823,61.56902788546021,1605.255740634333,0.019881870051270203,0.468667438156398,0.006213084391021939,0.019881870051375077,-0.06568076885424368,61.56902788546021,111.32688474507279,0.7226171558635471,False,,False,completed_normally,2001,20.0,0,
traj_02247,gradual_approach_v3,20260823,70.48399653795553,674.2377240450228,0.006507484237677201,0.5794557338114369,0.0020335888242741253,0.006507484237677201,-0.0891763196230102,70.4839965379467,91.69176780154682,0.7863368305748284,False,,True,validity_envelope_gamma_exceeded,993,9.92,0,
traj_02248,gradual_approach_v3,20260823,71.84381746760984,1568.7310699043294,0.004888454151357525,0.5983279685330777,0.0015276419222992265,0.004888454151357525,-0.08345526921389523,71.84381746759665,89.82670619362518,0.7861734385798046,False,,True,validity_envelope_gamma_exceeded,995,9.94,0,
traj_02249,gradual_approach_v3,20260823,61.368451414703934,1093.31135777822,0.020250525093704796,0.46644769244359974,0.006328289091782748,0.020250525093704796,-0.0492819567147284,61.368451414692224,102.76323929030592,0.5871999445101133,False,,False,completed_normally,2001,20.0,0,
traj_02250,gradual_approach_v3,20260823,39.57239044065874,590.3571029178263,0.09846265067667168,0.32110657884607596,0.030769578336459897,0.09846265067667168,-0.045883320722640675,39.57239044065453,74.34240968978382,0.6516183104836353,False,,False,completed_normally,2001,20.0,0,
traj_02251,gradual_approach_v3,20260823,57.543539813537926,1247.1507328180644,0.028023782788610445,0.4266164721495714,0.008757432121440764,0.12310073287187889,0.028023782788610445,27.670386426246136,57.54353981353839,0.5230008179605208,False,,False,completed_normally,2001,20.0,0,
traj_02252,gradual_approach_v3,20260823,57.918694247831844,646.0157407657044,0.027193714655055153,0.43030712704717633,0.008498035829704735,0.11645813396802657,0.027193714655055153,27.975628297137092,57.91869424783955,0.5283666507099976,False,,False,completed_normally,2001,20.0,0,
traj_02253,gradual_approach_v3,20260823,36.885483786310466,798.4118288079412,0.11803383172199583,0.3223277007822707,0.03688557241312369,0.11803383172204933,-0.021953810474741653,36.885483786310466,67.82665823710919,0.649363640800407,False,,False,completed_normally,2001,20.0,0,
traj_02254,gradual_approach_v3,20260823,72.14778995589243,1812.3927646578136,0.0045388799754174855,0.6026147402245158,0.0014183999923179642,0.004538879975490865,-0.07188186843501232,72.14778995589243,91.75364129812979,0.7871431444229573,False,,True,validity_envelope_gamma_exceeded,868,8.67,0,
traj_02255,gradual_approach_v3,20260823,60.245389850317295,1239.9074464332064,0.022382231261558496,0.4542552669308783,0.00699444726923703,0.022382231261576617,-0.0656782642258732,60.245389850317295,81.80445607989597,0.7862563854290174,False,,True,validity_envelope_gamma_exceeded,973,9.72,0,
traj_02256,normal,20260823,55.94294873884024,1106.3454019323674,0.03175171754856508,0.4114231140408822,0.009922411733926587,0.03175171754871073,-0.015360615624417012,55.94294873884024,70.45996790898694,0.24421446589021842,False,,False,completed_normally,2001,20.0,0,
traj_02257,gradual_approach_v3,20260823,31.458672440941708,700.2142053291606,0.17187188955043994,0.34874875439138137,0.05370996548451248,0.4735348983362438,0.1404403350584115,23.90739986307788,37.726939598158424,0.23194284333147824,True,10.52,False,completed_normally,2001,20.0,0,
traj_02258,gradual_approach_v3,20260823,73.50163049447485,1388.6549842335937,0.003033762556532227,0.622006105829225,0.000948050798916321,0.11112484126624306,0.003033762556532227,26.60985258877351,73.50163049450529,0.7335457563890155,False,,False,completed_normally,2001,20.0,0,
traj_02259,gradual_approach_v3,20260823,46.94750515231831,652.3691140338574,0.060101608448421856,0.3448145989122281,0.018781752640131832,0.06010160844851035,-0.04409425971697872,46.94750515231831,86.8112739214469,0.6250816173997121,False,,False,completed_normally,2001,20.0,0,
traj_02260,gradual_approach_v3,20260823,32.16280559652185,1453.872289184187,0.16351810515326473,0.3430599184036066,0.051099407860395234,0.4741703255944513,0.12654824445204718,23.445551612037804,40.15548124331095,0.26432635238498325,True,4.86,False,completed_normally,2001,20.0,0,
traj_02261,gradual_approach_v3,20260823,68.82841902912827,1137.1095569227314,0.008608283245585005,0.557160019906179,0.002690088514245314,0.10983564810103419,0.008608283245532885,46.922275970435386,68.82841902912827,0.7867491702333334,False,,True,validity_envelope_gamma_exceeded,640,6.390000000000001,0,
traj_02262,gradual_approach_v3,20260823,70.66951578334867,646.5600885272253,0.006281138103811006,0.5820009544531314,0.0019628556574409397,0.09069139652389635,0.006281138103811006,44.62138352340214,70.66951578335787,0.7858722568065355,False,,True,validity_envelope_gamma_exceeded,1110,11.09,0,
traj_02263,stall,20260823,38.36986575820912,1612.3614984150138,0.10675627516287806,0.3208640474938749,0.03336133598839939,0.10675627516288097,-0.5573450089681924,38.36986575820912,42.744663789683365,0.7854908062402144,True,4.08,True,validity_envelope_gamma_exceeded,501,5.0,0,
traj_02264,gradual_approach_v3,20260823,34.71541340172404,884.0887609387194,0.13690875239949493,0.32847564417247477,0.04278398512484217,0.13690875239949493,-0.00505951218332229,34.715413401721754,58.860518405761006,0.5588391153630908,False,,False,completed_normally,2001,20.0,0,
traj_02265,gradual_approach_v3,20260823,39.71018013120324,903.6124980140952,0.09755666358844856,0.3212102382294579,0.030486457371390174,0.2676782807977889,0.06177722168578015,19.94929557633695,52.61993228936436,0.5003711872535775,False,,False,completed_normally,2001,20.0,0,
traj_02266,gradual_approach_v3,20260823,30.32731796426845,1407.6075152699987,0.18641736499494851,0.3596468693503193,0.05825542656092141,0.5021332912942046,0.1517404257296057,23.46872967963036,36.72836776184395,0.23800980424642584,True,8.120000000000001,False,completed_normally,2001,20.0,0,
traj_02267,normal,20260823,46.181616697695794,1345.12458916974,0.06328417254298799,0.3408447798524107,0.019776303919683744,0.08847191708638118,0.03481921713031938,41.69884855581515,51.01747822378473,0.1603037673156545,False,,False,completed_normally,2001,20.0,0,
traj_02268,gradual_approach_v3,20260823,39.08441949820155,612.9355783678734,0.10174289979045245,0.3208626744656689,0.03179465618451639,0.10174289979045245,-0.03385815273088566,39.08441949820155,72.27423612698985,0.5832206233120908,False,,False,completed_normally,2001,20.0,0,
traj_02269,stall,20260823,71.36703907082904,1655.9486251987985,0.005445694007214468,0.5916541541377065,0.001701779377254521,0.32208940234656236,0.005445694007214468,63.53774641565701,71.36703907082904,0.7899665019933064,True,3.42,True,validity_envelope_gamma_exceeded,382,3.81,0,
traj_02270,normal,20260823,41.211174381092924,1775.6611209140701,0.0882314270961857,0.323282557888367,0.02757232096755803,0.11466821151649609,0.08823142709617547,38.66252223575982,41.211174381092924,0.0625589329571491,False,,False,completed_normally,2001,20.0,0,
traj_02271,gradual_approach_v3,20260823,63.108791303529195,1520.701986526622,0.017166400040827052,0.4861253668866984,0.0053645000127584535,0.16991602683506293,0.017166400040732378,20.984703091086672,63.108791303529195,0.7602617159785315,False,,False,completed_normally,2001,20.0,0,
traj_02272,gradual_approach_v3,20260823,65.87352048013729,1428.5918696358901,0.01275448172947629,0.5192745238629355,0.00398577554046134,0.14384082269703746,0.01275448172947629,44.179181192313,65.87352048015265,0.7871715986057447,False,,True,validity_envelope_gamma_exceeded,1122,11.21,0,
traj_02273,normal,20260823,56.944774980074726,1001.8083364076303,0.029382208244013445,0.42082701147186496,0.009181940076254202,0.03000991675345667,0.028980305568652595,56.50640902537402,57.23700394971585,0.006528461354223925,False,,False,completed_normally,2001,20.0,0,
traj_02274,gradual_approach_v3,20260823,33.07397926447732,1304.7072734827796,0.15340049682199955,0.33682674107531607,0.047937655256874864,0.15340049682199955,-0.020760036814911564,33.0739792644751,61.236296134302165,0.5988421475972598,False,,False,completed_normally,2001,20.0,0,
traj_02275,gradual_approach_v3,20260823,49.75742706687826,1594.5913556368494,0.04962155156918528,0.3618656682747056,0.015506734865370402,0.19925566158593572,0.030317806063363095,20.278178961388303,58.5618816346574,0.5926850545626421,False,,False,completed_normally,2001,20.0,0,
traj_02276,gradual_approach_v3,20260823,65.89702548161307,503.5552762062963,0.01271930893577829,0.519566022826875,0.0039747840424307155,0.1392776833171504,0.012719308935705595,47.15919573582378,65.89702548161307,0.7871184002275818,False,,True,validity_envelope_gamma_exceeded,1229,12.280000000000001,0,
traj_02277,gradual_approach_v3,20260823,43.72438584438791,846.329781061294,0.07460310683122756,0.330276545958304,0.023313470884758613,0.07460310683128007,-0.05581908435975713,43.72438584438791,83.65816714683554,0.6555763103802876,False,,False,completed_normally,2001,20.0,0,
traj_02278,gradual_approach_v3,20260823,46.22421306674965,1801.324814325758,0.06310314587011312,0.341057501958768,0.01971973308441035,0.06310314587011312,-0.03318877753695326,46.22421306674463,77.57377694342982,0.5127841338610354,False,,False,completed_normally,2001,20.0,0,
traj_02279,gradual_approach_v3,20260823,30.391321850229236,1762.541783534043,0.18555335664499636,0.3589685901864653,0.057985423951561366,0.2645963128349274,0.019825178628791296,19.482822352591104,50.21364935973712,0.570045948167683,False,,False,completed_normally,2001,20.0,0,
traj_02280,gradual_approach_v3,20260823,68.97136662861844,649.0300178771934,0.008420969549971402,0.5590552407153493,0.002631552984366063,0.08463669174145483,0.008420969549971402,31.821099627807282,68.97136662861844,0.5805838398223143,False,,False,completed_normally,2001,20.0,0,
traj_02281,normal,20260823,30.620193984627083,1019.0004681980835,0.18250644450042194,0.35660564966544606,0.05703326390638185,0.1855828987963064,0.18004030604090707,30.161154909856922,31.010106504157502,0.014004766678925093,False,,False,completed_normally,2001,20.0,0,
traj_02282,gradual_approach_v3,20260823,69.40939336002639,1711.158750253202,0.007854108756308771,0.5648979702741405,0.002454408986346491,0.09595240371345637,0.007854108756144666,47.58026001287526,69.40939336002639,0.7864055792229272,False,,True,validity_envelope_gamma_exceeded,1097,10.96,0,
traj_02283,normal,20260823,45.11411261187117,1846.8812964632684,0.0679834482884639,0.33583403362634207,0.02124482759014497,0.11934129557943543,0.06320365501143733,37.51529783058228,47.07359856896667,0.17171579750492702,False,,False,completed_normally,2001,20.0,0,
traj_02284,stall,20260823,40.650434303584085,1875.9308964287443,0.09160211031599447,0.3223113363226174,0.02862565947374827,0.09160211031611698,-0.3691710957166824,40.650434303584085,44.37433035686415,0.7917016418395887,True,6.45,True,validity_envelope_gamma_exceeded,707,7.0600000000000005,0,
traj_02285,gradual_approach_v3,20260823,61.807523786477525,1843.6136053758098,0.019448121070512924,0.47132329537714385,0.006077537834535288,0.14676424767981114,0.019448121070512924,23.40088276142244,61.807523786478725,0.6969748883938193,False,,False,completed_normally,2001,20.0,0,
traj_02286,stall,20260823,71.44690817587178,1469.6597602875963,0.005351575322249806,0.5927678748553509,0.0016723672882030642,0.26922866142481483,0.005351575322243965,63.65967727537055,71.44690817587178,0.7884227091879864,False,,True,validity_envelope_gamma_exceeded,350,3.49,0,
traj_02287,gradual_approach_v3,20260823,33.452603055235684,807.1181822452912,0.1494076860841365,0.3345860525720959,0.04668990190129265,0.171976192929651,0.025824793421689973,27.344945442365038,50.97737476158979,0.44820861522201627,False,,False,completed_normally,2001,20.0,0,
traj_02288,gradual_approach_v3,20260823,57.73585395912512,690.4065201673893,0.027596278107880914,0.42850235207003445,0.008623836908712785,0.027596278107995267,-0.07608375374344156,57.73585395912512,78.98204484360382,0.7856838346908409,False,,True,validity_envelope_gamma_exceeded,1021,10.200000000000001,0,
traj_02289,normal,20260823,56.260542641934606,1005.4346247867821,0.030987059911498964,0.41436551100725627,0.009683456222343427,0.0313695747156963,0.0306042322809768,55.99828489994898,56.52307581634638,0.0032591699020632576,False,,False,completed_normally,2001,20.0,0,
traj_02290,gradual_approach_v3,20260823,37.17436273530566,1332.5741758817258,0.11574257155035655,0.32188026548829574,0.03616955360948642,0.37282240077241047,0.07978705686141563,19.770430254890012,47.89093909460674,0.47147431166447534,True,10.27,False,completed_normally,2001,20.0,0,
traj_02291,gradual_approach_v3,20260823,42.059177987151564,1409.4052421930999,0.0833734097665137,0.32517442871114866,0.02605419055203553,0.0833734097665137,-0.05751506011118124,42.059177987146576,78.56670084401942,0.6351319733144066,False,,False,completed_normally,2001,20.0,0,
traj_02292,stall,20260823,60.55389031461808,1184.9743369196722,0.021784991119395396,0.45756423778255273,0.006807809724811062,1.0583712074194256,-0.7165225591773848,39.49433208615984,60.55389031461808,0.7871653402989464,True,4.0,True,validity_envelope_gamma_exceeded,1185,11.84,0,
traj_02293,gradual_approach_v3,20260823,56.06117858526467,1569.7867730222995,0.03146556748022107,0.412514230750476,0.009832989837569084,0.1635526519765632,0.031465567480157636,23.738662037567998,56.06117858526467,0.6034829174532665,False,,False,completed_normally,2001,20.0,0,
traj_02294,gradual_approach_v3,20260823,55.987359278260385,802.0987376021701,0.03164402236316473,0.4118323774304244,0.009888756988488977,0.20029163029530425,0.03164402236305716,19.318292377919665,55.987359278260385,0.6664062961533734,False,,False,completed_normally,2001,20.0,0,
traj_02295,gradual_approach_v3,20260823,64.5429786775637,1305.5077156183197,0.0148078439693307,0.5030374677248678,0.004627451240415844,0.0148078439693307,-0.06782026252563567,64.54297867755659,116.2407219255592,0.7112238623236874,False,,False,completed_normally,2001,20.0,0,
traj_02296,normal,20260823,70.88943055413107,1008.372881695885,0.006015102662295436,0.5850301825645811,0.001879719581967324,0.006169730041192051,0.005691368096304536,70.69410652724244,71.29802892634483,0.003039896767577302,False,,False,completed_normally,2001,20.0,0,
traj_02297,gradual_approach_v3,20260823,50.94693249042498,1406.401995545171,0.04568537812229667,0.37017930270301214,0.01427668066321771,0.2632358823007884,0.04098632586777651,16.212809461695496,50.94693249044054,0.7120522440472061,False,,False,completed_normally,2001,20.0,0,
traj_02298,normal,20260823,42.04849076234311,1594.2504980044796,0.0834329110833126,0.3251475135711422,0.026072784713535187,0.12202193840992417,0.08131349351617809,36.07913750512455,42.805928256022156,0.14591857378380543,False,,False,completed_normally,2001,20.0,0,
traj_02299,gradual_approach_v3,20260823,53.57537736861893,1706.366824030955,0.03787918707275355,0.3906614030676728,0.011837245960235483,0.03787918707275355,-0.055111981661946696,53.57537736861021,102.00942150348372,0.6976048730115608,False,,False,completed_normally,2001,20.0,0,
traj_02300,stall,20260823,58.82160490266774,653.6249143135955,0.025259663979215776,0.439386334908523,0.00789364499350493,0.027158112585823267,0.024187726260331728,57.40690591835126,59.683883695140324,0.02569288328806996,False,,False,completed_normally,2001,20.0,0,
traj_02301,gradual_approach_v3,20260823,57.7806952571453,953.3040236444766,0.027497201768227595,0.42894390819781064,0.008592875552571124,0.027497201768227595,-0.05128568208942769,57.78069525714109,102.79745577434772,0.638785694999294,False,,False,completed_normally,2001,20.0,0,
traj_02302,gradual_approach_v3,20260823,62.153059855768895,1378.5339933919734,0.018828420430012857,0.47520269459626424,0.005883881384379018,0.1615394074799711,0.0188284204299359,35.16823543177384,62.153059855768895,0.7858481219592159,False,,True,validity_envelope_gamma_exceeded,834,8.33,0,
traj_02303,normal,20260823,68.2761999745714,932.0442726517158,0.009342859850755104,0.5498921445644472,0.00291964370336097,0.009693877214309464,0.009063137246186364,67.87976142990735,68.59546495289611,0.0028286083885374854,False,,False,completed_normally,2001,20.0,0,
traj_02304,gradual_approach_v3,20260823,63.24090399445944,1149.4481948650732,0.01694249054279918,0.4876572678428998,0.005294528294624744,0.14746863620472886,0.016942490542613046,23.153834889280972,63.24090399445944,0.6911876935246927,False,,False,completed_normally,2001,20.0,0,
traj_02305,gradual_approach_v3,20260823,61.704975172084055,500.57131182788305,0.019634016539683854,0.47017914150232143,0.006135630168651204,0.15965708044768412,0.01963401653950888,22.082506322732467,61.704975172084055,0.6954921818335288,False,,False,completed_normally,2001,20.0,0,
traj_02306,normal,20260823,35.12100722752647,969.6384149066258,0.13314381080733906,0.326929759300943,0.041607440877293456,0.13527783804021362,0.13104188079896237,34.691920153884745,35.57839799479969,0.014024787782895539,False,,False,completed_normally,2001,20.0,0,
traj_02307,stall,20260823,50.16217865841521,989.2086564559786,0.04825150363616858,0.36462471567799204,0.01507859488630268,0.04825150363616858,-0.39764946693232917,50.16217865840389,52.42293936930017,0.7912308533245536,True,5.18,True,validity_envelope_gamma_exceeded,583,5.82,0,
traj_02308,gradual_approach_v3,20260823,48.51593071733145,966.6079314425544,0.054034091449232755,0.35386761687944707,0.016885653577885237,0.20638091684771548,0.05403409144916058,21.126080676472814,48.51593071733145,0.5531741359219216,False,,False,completed_normally,2001,20.0,0,
traj_02309,normal,20260823,61.3689913166102,799.8373844087029,0.020249527975942216,0.46645365041387343,0.006327977492481942,0.020465937231463362,0.01979960626160135,61.17721996616809,61.75726597122667,0.0052468710625280185,False,,False,completed_normally,2001,20.0,0,
traj_02310,gradual_approach_v3,20260823,54.338781032513864,1945.9253626025225,0.035817363844471706,0.3971253951650337,0.011192926201397408,0.035817363844534544,-0.05245974129043662,54.338781032513864,94.10184513212687,0.6019140506923771,False,,False,completed_normally,2001,20.0,0,
traj_02311,gradual_approach_v3,20260823,32.504433077118584,1459.9387807797516,0.1596372884178638,0.34057914582463333,0.04988665263058243,0.387078935575868,0.12013667554833726,22.3026370956499,41.47451119249085,0.3068624919115775,True,6.2,False,completed_normally,2001,20.0,0,
traj_02312,gradual_approach_v3,20260823,54.454128000913535,814.5784322713255,0.03551320774505676,0.3981214499202697,0.011097877420330237,0.1995215193110389,0.03551320774501802,30.458623659309215,54.454128000913535,0.7858066114869615,False,,True,validity_envelope_gamma_exceeded,1007,10.06,0,
traj_02313,stall,20260823,32.87273804888174,923.4496377073681,0.15557182965874802,0.3380991633559109,0.04861619676835875,1.1801408510645457,0.06312620094823768,29.5414759800064,57.28430654090415,0.702863205648321,True,1.7,False,completed_normally,2001,20.0,0,
traj_02314,gradual_approach_v3,20260823,40.8575299668766,1731.8320780228507,0.09034204268592397,0.32264338702211287,0.02823188833935124,0.09034204268592397,-0.020630004171401872,40.857529966873294,67.15420707816598,0.4761517786514664,False,,False,completed_normally,2001,20.0,0,
traj_02315,gradual_approach_v3,20260823,52.08855872997471,931.4771171305273,0.04215270948404608,0.3787286726908681,0.0131727217137644,0.1892549238569698,0.02572873880852622,20.70437912103717,59.68672385643391,0.6005758948113301,False,,False,completed_normally,2001,20.0,0,
traj_02316,gradual_approach_v3,20260823,58.59473111908604,1103.5470909459473,0.025737358690582957,0.43707910358138424,0.008042924590807176,0.17241440833705834,0.02573735869050233,36.067365057031445,58.59473111908604,0.786423737439876,False,,True,validity_envelope_gamma_exceeded,1171,11.700000000000001,0,
traj_02317,gradual_approach_v3,20260823,49.94675717322737,1809.024860941712,0.04897664431945757,0.36314717565539545,0.01530520134983049,0.34534462727444987,0.03970607498177403,13.718037311323496,49.94675717322737,0.7840858494752564,True,11.73,False,completed_normally,2001,20.0,0,
traj_02318,stall,20260823,38.76288534141256,1486.2547956618523,0.10396720278813665,0.32080947995883924,0.0324897508712927,1.191726284647929,0.0468416529910729,37.83843900653607,57.94266220101565,0.5378003947399239,True,2.16,False,completed_normally,2001,20.0,0,
traj_02319,gradual_approach_v3,20260823,71.2621291774454,899.3485570780344,0.005569797479675861,0.5901938706147466,0.0017405617123987065,0.12792584382326067,0.005569797479675861,49.655111911440876,71.26212917746919,0.7863088864430948,False,,True,validity_envelope_gamma_exceeded,1177,11.76,0,
traj_02320,stall,20260823,51.15440123460123,691.2364167062673,0.04502615940845998,0.3716922046796684,0.014070674815143742,1.0794429878629592,0.02831262546850595,45.02867645339683,59.785300484694574,0.273047153490165,True,2.46,False,completed_normally,2001,20.0,0,
traj_02321,gradual_approach_v3,20260823,37.444766251406584,502.6928544876559,0.1136412585194731,0.3215344396134764,0.03551289328733535,0.1136412585194731,-0.022646395515093565,37.444766251400615,62.88324743811017,0.4736337480639239,False,,False,completed_normally,2001,20.0,0,
traj_02322,gradual_approach_v3,20260823,46.4890804920139,1037.529145559667,0.061988270992753364,0.3424017123727685,0.019371334685235424,0.22427319273769297,0.04161559598121595,19.38696203096534,54.098270590823766,0.5893995053219448,False,,False,completed_normally,2001,20.0,0,
traj_02323,gradual_approach_v3,20260823,64.79961589116988,1556.8531399946414,0.014402038017844038,0.506128705550243,0.004500636880576262,0.014402038017943354,-0.05824781547705282,64.79961589116988,117.72217677242776,0.7534044139316345,False,,False,completed_normally,2001,20.0,0,
traj_02324,gradual_approach_v3,20260823,33.59020826771452,1030.8923343167753,0.14798568910046708,0.33382013478525463,0.04624552784389596,0.14798568910046708,0.0021789013851462036,33.59020826768689,59.744124631002116,0.4591550176938574,False,,False,completed_normally,2001,20.0,0,
traj_02325,gradual_approach_v3,20260823,40.360907905271574,560.3096024899756,0.09339427819767387,0.321900466310291,0.029185711936773086,0.3868325449114647,0.0518958578194173,17.02388578040968,56.870023206392304,0.5988900538004394,True,9.63,False,completed_normally,2001,20.0,0,
traj_02326,gradual_approach_v3,20260823,52.04050273727842,685.1416445061769,0.042296846243536954,0.37835785694213386,0.013217764451105297,0.042296846243624245,-0.07380942066420737,52.04050273727842,76.9574122239049,0.785715543949412,False,,True,validity_envelope_gamma_exceeded,965,9.64,0,
traj_02327,gradual_approach_v3,20260823,50.24337247339632,1657.7812795570833,0.04798055040348381,0.36518694128173534,0.014993922001088691,0.04798055040348381,-0.05248182516423461,50.24337247339464,90.4725421724669,0.6160384281138607,False,,False,completed_normally,2001,20.0,0,
traj_02328,gradual_approach_v3,20260823,38.73522717422078,1179.651128275348,0.10416092621112583,0.32080897850839796,0.03255028944097682,0.317917883795295,0.06357705146630599,20.163977674160414,53.54972233876731,0.480939986658117,True,7.82,False,completed_normally,2001,20.0,0,
traj_02329,gradual_approach_v3,20260823,74.63089671391339,1702.3099079244707,0.0018398949392901783,0.638550561529871,0.0005749671685281808,0.0018398949392901783,-0.08080112495206804,74.63089671389666,91.27373039474648,0.7860305358192491,False,,True,validity_envelope_gamma_exceeded,1065,10.64,0,
traj_02330,stall,20260823,42.60748657794846,1118.9651211793544,0.08037742234536144,0.3266574079758432,0.02511794448292545,0.08037742234540521,-0.2643230682488126,42.60748657794846,46.37212085748121,0.7922248832854469,False,,True,validity_envelope_gamma_exceeded,711,7.1000000000000005,0,
traj_02331,gradual_approach_v3,20260823,51.604542479548314,1458.9835650719056,0.04362248752975074,0.3750373929806791,0.013632027353047105,0.04362248752982828,-0.07634441031011974,51.604542479548314,70.35664832843918,0.7868843216939733,False,,True,validity_envelope_gamma_exceeded,742,7.41,0,
traj_02332,gradual_approach_v3,20260823,50.622966805979786,683.6165806134778,0.046730628356579804,0.36785379961017967,0.014603321361431188,0.046730628356579804,-0.06365687217834881,50.622966805966506,100.19223251516289,0.767185582066618,False,,False,completed_normally,2001,20.0,0,
traj_02333,gradual_approach_v3,20260823,41.804650134436,585.3930430326502,0.08480224923102936,0.3245544475249032,0.026500702884696675,0.29505355578837916,0.043505443757710816,18.7171419829617,60.98110510456353,0.5622257303781414,True,6.87,False,completed_normally,2001,20.0,0,
traj_02334,gradual_approach_v3,20260823,60.96133493101603,1533.7816739799193,0.021009864552202245,0.46198133048416534,0.006565582672563202,0.02100986455226408,-0.0634794657366402,60.96133493101603,111.26980382505953,0.7179924775239487,False,,False,completed_normally,2001,20.0,0,
traj_02335,stall,20260823,38.9561272204503,1758.296538341541,0.102624301299796,0.32083104988730704,0.03207009415618625,0.9836907982276003,-0.33260806474581806,37.2699367010909,55.40640507341805,0.7913426140663005,True,2.34,True,validity_envelope_gamma_exceeded,997,9.96,0,
traj_02336,stall,20260823,48.87720985043832,986.8582522166262,0.05271623002206937,0.3561214129571439,0.01647382188189668,1.1362899415791055,0.028504949308915284,44.78694556753481,58.334046909297705,0.30724448592389314,True,3.85,False,completed_normally,2001,20.0,0,
traj_02337,gradual_approach_v3,20260823,46.910019436250366,1488.1729472586683,0.06025387654521378,0.34461323230057833,0.018829336420379306,0.2247884069547531,0.06025387654521378,19.933757975482127,46.910019436278475,0.5779307860704525,False,,False,completed_normally,2001,20.0,0,
traj_02338,gradual_approach_v3,20260823,49.11637205182423,1084.1450398942964,0.05185933819415732,0.3576469712474309,0.01620604318567416,0.05185933819415732,-0.061884012693870005,49.116372051822765,92.53944860265821,0.6680978306156745,False,,False,completed_normally,2001,20.0,0,
traj_02339,gradual_approach_v3,20260823,43.5198546355225,1646.0920975856843,0.07562889668662956,0.3295555392657978,0.023634030214571736,0.07562889668671176,-0.04760950717930412,43.5198546355225,81.22069386303215,0.6541539862609179,False,,False,completed_normally,2001,20.0,0,
traj_02340,gradual_approach_v3,20260823,46.35513830416479,905.3913605564733,0.06254975111768155,0.34171733805060733,0.019546797224275485,0.22986613693057828,0.029790985335768128,19.846756032115916,64.63601725685598,0.5755516147254945,False,,False,completed_normally,2001,20.0,0,
traj_02341,gradual_approach_v3,20260823,73.04170784750717,1947.404923623087,0.0035357880838399135,0.615364024177717,0.001104933776199973,0.0035357880839299773,-0.08094338041364146,73.04170784750717,91.76915811739971,0.7869079697171792,False,,True,validity_envelope_gamma_exceeded,1130,11.290000000000001,0,
traj_02342,stall,20260823,68.4874953231135,836.9718992007924,0.00905971192267472,0.5526629821556128,0.00283115997583585,0.3089707462907697,0.00905971192267472,60.621306451181795,68.4874953231202,0.7867885809949496,True,3.92,True,validity_envelope_gamma_exceeded,430,4.29,0,
traj_02343,gradual_approach_v3,20260823,60.27153869301777,1271.5826042425317,0.02233125749982958,0.45453454719780684,0.006978517968696744,0.19970347727568127,0.02233125749974755,18.91083836890874,60.27153869301777,0.7625751628548731,False,,False,completed_normally,2001,20.0,0,
traj_02344,gradual_approach_v3,20260823,60.458382915402325,1096.9038232688506,0.021968925011146462,0.45653654790539616,0.006865289065983269,0.1852651461706615,0.01931521457500507,19.970351690673045,60.458382915402325,0.751114319210322,False,,False,completed_normally,2001,20.0,0,
traj_02345,gradual_approach_v3,20260823,36.24045331168127,1136.2888520564632,0.12332910354527585,0.323627502758152,0.0385403448578987,0.12332910354527585,0.012516526849478793,36.240453311678564,57.296763526409244,0.3870595364085634,False,,False,completed_normally,2001,20.0,0,
traj_02346,gradual_approach_v3,20260823,71.6419219130657,1452.1138085347188,0.005123077141829952,0.5954944278548544,0.00160096160682186,0.11373293665098183,0.005123077141829952,50.89938244657634,71.64192191310296,0.7870625364638081,False,,True,validity_envelope_gamma_exceeded,1213,12.120000000000001,0,
traj_02347,gradual_approach_v3,20260823,39.98111549676874,1125.1169992956718,0.09580058584718568,0.32145776996100817,0.029937683077245522,0.0958005858471996,-0.04660798215073869,39.98111549676874,76.1821283512211,0.6403882560572817,False,,False,completed_normally,2001,20.0,0,
traj_02348,gradual_approach_v3,20260823,57.63244929654346,1194.963832096393,0.027825617890160418,0.4274867551971901,0.008695505590675131,0.1710761677716623,0.027825617890160418,21.498393585751987,57.63244929655042,0.6715281670505923,False,,False,completed_normally,2001,20.0,0,
traj_02349,gradual_approach_v3,20260823,37.46616244046356,1820.5231655844425,0.11347674983563252,0.32151004103469394,0.03546148432363516,0.25344950523251497,0.09427889055244848,23.83838632189454,42.460817006537,0.3536473722478971,False,,False,completed_normally,2001,20.0,0,
traj_02350,gradual_approach_v3,20260823,31.006949876354977,1183.6697907535076,0.17750219804082787,0.3528290616240713,0.05546943688775871,0.17750219804082787,0.04292307276825508,31.006949876352717,47.07419732988184,0.44577378022221154,False,,False,completed_normally,2001,20.0,0,
traj_02351,gradual_approach_v3,20260823,65.28243910558636,1723.1981387037495,0.013651357380626186,0.5119971516550863,0.004266049181445683,0.01365135738080754,-0.07033358993000027,65.28243910558636,120.55865005468175,0.7529988563075498,False,,False,completed_normally,2001,20.0,0,
traj_02352,gradual_approach_v3,20260823,43.13151392076719,695.6548792962927,0.07761499702546043,0.32825768620772644,0.024254686570456385,0.38322772045247955,0.0519379201274881,17.13017147318263,51.531171216168815,0.6240235110106445,True,10.450000000000001,False,completed_normally,2001,20.0,0,
traj_02353,gradual_approach_v3,20260823,73.59406127556692,649.8444965575147,0.0029339939644867016,0.6233477010692523,0.0009168731139020943,0.09543603968061753,0.00293399396439954,53.924564954680235,73.59406127556692,0.7862570545238748,False,,True,validity_envelope_gamma_exceeded,1003,10.02,0,
traj_02354,gradual_approach_v3,20260823,45.12580149462621,1226.1774449310512,0.06793024802404457,0.3358854992203019,0.02122820250751393,0.26528636768073205,0.06793024802404457,18.843866908420516,45.125801494641635,0.5922292943010182,False,,False,completed_normally,2001,20.0,0,
traj_02355,gradual_approach_v3,20260823,55.06024657309116,1153.887181857451,0.03394566285685341,0.4034377277919509,0.01060801964276669,0.03394566285685341,-0.058263109730221085,55.06024657308387,97.83603815970523,0.6232201464735423,False,,False,completed_normally,2001,20.0,0,
traj_02356,gradual_approach_v3,20260823,61.50363285269675,922.3041342960639,0.020001673711124917,0.4679423296625725,0.006250523034726537,0.020001673711124917,-0.07450067950451983,61.5036328526736,83.8078567857494,0.7856096494729591,False,,True,validity_envelope_gamma_exceeded,1111,11.1,0,
traj_02357,normal,20260823,71.74809737774041,578.548809396985,0.004999446036615128,0.5969832027014248,0.0015623268864422275,0.005287288678951395,0.004984782240342888,71.3785554395001,71.77138336719352,0.0035973257688238594,False,,False,completed_normally,2001,20.0,0,
traj_02358,stall,20260823,73.32337216763281,802.2566301418904,0.003227228866021681,0.6194251171484227,0.0010085090206317752,0.003227228866021681,-0.23442719203795337,73.32337216762068,74.9040411961112,0.787428703709531,False,,True,validity_envelope_gamma_exceeded,558,5.57,0,
traj_02359,normal,20260823,54.77112134942717,802.8367700409367,0.03468702691586249,0.40088464083196945,0.010839695911207028,0.03468702691586249,-7.060645842088542e-05,54.77112134942534,71.94208198006316,0.24120113620992084,False,,False,completed_normally,2001,20.0,0,
traj_02360,gradual_approach_v3,20260823,42.20211062469234,1446.4082531303027,0.08258174045139058,0.3255417733485671,0.025806793891059557,0.08258174045151502,-0.03821934201820765,42.20211062469234,77.73993435129114,0.6073990956657086,False,,False,completed_normally,2001,20.0,0,
traj_02361,gradual_approach_v3,20260823,70.35366133388962,1373.843933884285,0.006667563298871798,0.5776732155812225,0.002083613530897437,0.10996690872226011,0.006667563298726708,27.116186229541682,70.35366133388962,0.6938575039598605,False,,False,completed_normally,2001,20.0,0,
traj_02362,stall,20260823,47.46779454843311,1263.984093674989,0.05802411397871009,0.34768303609827306,0.018132535618346903,0.058024113978716346,-0.22064583584527975,47.46779454843311,51.422214521002914,0.79135973403513,False,,True,validity_envelope_gamma_exceeded,396,3.95,0,
traj_02363,gradual_approach_v3,20260823,63.473015827676974,1475.7127309932575,0.016552437762324682,0.490361555209608,0.005172636800726464,0.01655243776250278,-0.08935456243086476,63.473015827676974,83.53729243415246,0.7870188373255962,False,,True,validity_envelope_gamma_exceeded,684,6.83,0,
traj_02364,normal,20260823,37.98309089322533,1935.8284781981495,0.10957893172209018,0.3210498856366219,0.034243416163153184,0.10957893172209018,0.06531759743038736,37.98309089321232,44.98845413291433,0.12357363745033188,False,,False,completed_normally,2001,20.0,0,
traj_02365,gradual_approach_v3,20260823,34.62276707355834,515.5629406520675,0.13778512842793136,0.3288561392709096,0.04305785263372855,0.13778512842793136,-0.0381733188789124,34.62276707355787,67.3118711015364,0.7435548424442645,False,,False,completed_normally,2001,20.0,0,
traj_02366,gradual_approach_v3,20260823,70.00280510964586,1191.6376380309634,0.007102895435647103,0.572897822749821,0.00221965482363972,0.007102895435648064,-0.06383433164997832,70.00280510964586,124.00422334139066,0.7393246149182506,False,,False,completed_normally,2001,20.0,0,
traj_02367,gradual_approach_v3,20260823,71.76843607009754,546.4025705671531,0.004975825579184468,0.597268734041844,0.0015549454934951463,0.004975825579276038,-0.07656704017956367,71.76843607009754,92.6548648096335,0.7872414195541243,False,,True,validity_envelope_gamma_exceeded,874,8.73,0,
traj_02368,gradual_approach_v3,20260823,74.51309686596814,1912.0918656750225,0.001961926159101784,0.636809135192519,0.0006131019247193074,0.09560476139851648,0.001961926159101784,61.24559645998237,74.51309686596817,0.7854362770057803,False,,True,validity_envelope_gamma_exceeded,489,4.88,0,
traj_02369,gradual_approach_v3,20260823,42.31299331442529,1234.3874038386753,0.0819728176794357,0.32583615035322167,0.025616505524823658,0.08197281767953044,-0.026452114386165515,42.31299331442529,73.59455253420131,0.524132669148106,False,,False,completed_normally,2001,20.0,0,
traj_02370,gradual_approach_v3,20260823,46.13588893667594,1756.6212357878858,0.06347904591932926,0.340617492042276,0.019837201849790393,0.06347904591937613,-0.036650796433278704,46.13588893667594,80.31371142032827,0.5585318081025665,False,,False,completed_normally,2001,20.0,0,
traj_02371,gradual_approach_v3,20260823,61.452415606810916,1850.172530946682,0.020095767325728854,0.46737536671620883,0.006279927289290267,0.1575610388886493,0.020095767325642583,22.31759235277697,61.452415606810916,0.7204706985525495,False,,False,completed_normally,2001,20.0,0,
traj_02372,gradual_approach_v3,20260823,72.60789205324956,1391.6968276937807,0.004018003035308566,0.6091502877095899,0.001255625948533927,0.0040180030353762965,-0.0625158505409611,72.60789205324956,127.94841985556043,0.7525747396840478,False,,False,completed_normally,2001,20.0,0,
traj_02373,gradual_approach_v3,20260823,31.146611947752167,1586.3134911884679,0.17573753962399638,0.3515302216163803,0.054917981132498864,0.26351598120254227,-0.006245199796167111,17.3721217039335,58.07193596290885,0.743807671701415,False,,False,completed_normally,2001,20.0,0,
traj_02374,gradual_approach_v3,20260823,66.41508758445498,554.7364017011572,0.011953433368266899,0.5260314675145664,0.0037354479275834057,0.011953433368299432,-0.07310637785465815,66.41508758445498,115.03967111444287,0.7279029763967402,False,,True,ground_contact,1723,17.22,0,
traj_02375,gradual_approach_v3,20260823,62.064435173026965,984.0980859187142,0.018986390462827924,0.47420413986084153,0.005933247019633726,0.018986390462827924,-0.07639273541319075,62.06443517301975,82.43548673469199,0.786678338980676,False,,True,validity_envelope_gamma_exceeded,1077,10.76,0,
traj_02376,normal,20260823,35.76907492706522,698.4260797795754,0.12736200845299678,0.3248508595381657,0.03980062764156149,0.12875454666239122,0.1260993461256493,35.47449953439843,36.05446694989107,0.008577064012728041,False,,False,completed_normally,2001,20.0,0,
traj_02377,gradual_approach_v3,20260823,50.08175984136896,692.6434959730534,0.04852113830778151,0.36407072798896367,0.015162855721181721,0.2545318672694512,0.01978492156207634,16.734198266380357,67.30952814176698,0.6915389973336867,False,,False,completed_normally,2001,20.0,0,
traj_02378,normal,20260823,52.37706832394665,931.7893294692143,0.04129551428179517,0.380974757717258,0.01290484821306099,0.08502586463553599,0.02074979694142162,44.95940939499883,53.20532571325879,0.14665073698282038,False,,False,completed_normally,2001,20.0,0,
traj_02379,gradual_approach_v3,20260823,45.249967545668795,535.3000634709549,0.06736756939094271,0.33643692253411506,0.021052365434669595,0.06736756939105949,-0.05629341575765079,45.249967545668795,89.10509665784137,0.7012594340433699,False,,False,completed_normally,2001,20.0,0,
traj_02380,normal,20260823,70.33839258325456,1247.2091410801704,0.006686374204078251,0.5774646970944675,0.0020894919387744533,0.04691258042109614,0.00668637420404373,50.98674629862779,70.33839258325456,0.2824576059094259,False,,False,completed_normally,2001,20.0,0,
traj_02381,gradual_approach_v3,20260823,36.385446351766994,1349.86278976246,0.12211673454074187,0.323298316928335,0.03816147954398184,0.12211673454074187,-0.012300130874146664,36.38544635176683,64.33110344910179,0.6169619992013403,False,,False,completed_normally,2001,20.0,0,
traj_02382,gradual_approach_v3,20260823,48.353822918577315,602.2397302870735,0.054634773363648886,0.3528763896848016,0.01707336667614028,0.054634773363648886,-0.06729585669313776,48.35382291855742,70.69992256559387,0.7864362626512543,False,,True,validity_envelope_gamma_exceeded,1236,12.35,0,
traj_02383,gradual_approach_v3,20260823,32.60826909850979,1898.287172964135,0.15847890777735127,0.3398598501567123,0.04952465868042227,0.48383685461836395,0.12122613276598831,22.7545394782674,41.01553265750171,0.2968658959797473,True,7.44,False,completed_normally,2001,20.0,0,
traj_02384,gradual_approach_v3,20260823,60.356766868947894,1550.7397750384846,0.022165569508918136,0.45544635326621624,0.006926740471536918,0.16098222939507267,0.0221655695088273,35.48134510366184,60.356766868947894,0.7856532149674529,False,,True,validity_envelope_gamma_exceeded,1246,12.450000000000001,0,
traj_02385,gradual_approach_v3,20260823,36.22889885581757,744.104237336846,0.12342627838653597,0.323654676304393,0.03857071199579249,0.12342627838653597,-0.019714440882927786,36.2288988558095,69.87833508921287,0.5651829010272613,False,,False,completed_normally,2001,20.0,0,
traj_02386,normal,20260823,72.70459580611973,937.560202312895,0.0039097694978013926,0.6105310916212614,0.0012218029680629353,0.003995694436528555,0.003553997996385262,72.58372062823297,73.18515128989762,0.004728840986123989,False,,False,completed_normally,2001,20.0,0,
traj_02387,gradual_approach_v3,20260823,73.24633330710239,1760.1311473065837,0.0033112735996262024,0.6183122722077434,0.0010347729998831882,0.003311273599688933,-0.060484153725685164,73.24633330710239,124.450743967576,0.693836853474478,False,,False,completed_normally,2001,20.0,0,
traj_02388,gradual_approach_v3,20260823,50.62309900461817,1340.2314590644155,0.04673019782851234,0.36785473931928836,0.014603186821410107,0.04673019782851234,-0.05570693660693832,50.62309900460646,95.14248058837639,0.690332703001769,False,,False,completed_normally,2001,20.0,0,
traj_02389,normal,20260823,69.60375462648807,587.641835124238,0.007605967188175104,0.5675075009235975,0.00237686474630472,0.007605967188175104,-0.025586948902643347,69.60375462648294,82.10927195751124,0.17449905656503334,False,,False,completed_normally,2001,20.0,0,
traj_02390,gradual_approach_v3,20260823,32.57617722835873,1987.0380295145142,0.15883588450935646,0.3400804540883196,0.04963621390917389,0.15883588450935687,0.008907284105234614,32.57617722834989,52.24570351814725,0.3817238318007082,False,,False,completed_normally,2001,20.0,0,
traj_02391,normal,20260823,42.86537501791369,1074.1541310659873,0.07900591182014172,0.3274229752601657,0.024689347443794286,0.07900591182024654,0.044525218293218656,42.86537501791369,48.387410571300485,0.11723073860799808,False,,False,completed_normally,2001,20.0,0,
traj_02392,gradual_approach_v3,20260823,65.08093961930126,1258.0973744845403,0.013962636213664815,0.5095396866328116,0.004363323816770255,0.1257252507163713,0.01396263621355692,25.520057395434257,65.08093961930126,0.6691709379869715,False,,False,completed_normally,2001,20.0,0,
traj_02393,normal,20260823,56.187893443390166,665.4554137185346,0.03116085052321,0.4136892430725499,0.009737765788503126,0.03116085052321,-0.013636877081048576,56.18789344338448,73.62031150176092,0.2842074307291249,False,,False,completed_normally,2001,20.0,0,
traj_02394,stall,20260823,34.40180825479409,1389.4979773934072,0.1399004174391153,0.32980564213322017,0.04371888044972353,1.0032632039419975,0.06584397883363591,26.82309000830475,55.97956425003828,0.5651351274148804,True,2.5100000000000002,False,completed_normally,2001,20.0,0,
traj_02395,stall,20260823,57.1672594119417,591.3445483684878,0.02887254927020787,0.42296361733953947,0.00902267164693996,0.5623848509691507,0.02887254927020787,46.10192046479067,57.16725941194406,0.7861868970601977,True,4.34,True,validity_envelope_gamma_exceeded,569,5.68,0,
traj_02396,gradual_approach_v3,20260823,41.41579194105247,1579.5371298745922,0.08703340769107804,0.3236932242599786,0.027197939903461886,0.08703340769107804,-0.019063545861744913,41.41579194105169,68.56647667820879,0.4630064557118836,False,,False,completed_normally,2001,20.0,0,
traj_02397,gradual_approach_v3,20260823,67.19747616522706,1358.093558699951,0.010829826250183475,0.5359421649978278,0.0033843207031823363,0.010829826250183475,-0.06288484191991672,67.19747616521757,120.82736261113216,0.7525918149371978,False,,False,completed_normally,2001,20.0,0,
traj_02398,stall,20260823,49.44348592702729,1061.1085635961979,0.05070686399872955,0.35977627577310395,0.015845894999602983,0.8688096035140342,0.03183955702820768,31.512352284288077,60.01915756163013,0.5169579486846994,True,4.32,False,completed_normally,2001,20.0,0,
traj_02399,gradual_approach_v3,20260823,47.47654666924195,925.6381526105806,0.05798973190777823,0.3477324504415255,0.018121791221180697,0.2229610866159094,0.02803763219888694,19.529361670482484,64.14363781805706,0.5940674301779602,False,,False,completed_normally,2001,20.0,0,
traj_02400,gradual_approach_v3,20260823,59.16856174256749,936.9384199766656,0.02453957197211816,0.44294805191294545,0.007668616241286925,0.024539571972246103,-0.0779529326943516,59.16856174256749,79.49470710110135,0.7855363623462902,False,,True,validity_envelope_gamma_exceeded,1151,11.5,0,
traj_02401,gradual_approach_v3,20260823,46.1966613596226,1554.5976530366434,0.06322018030551674,0.34091980150422097,0.01975630634547398,0.06322018030551674,-0.049101071165020105,46.1966613596099,78.43909179353045,0.5442641692445668,False,,False,completed_normally,2001,20.0,0,
traj_02402,normal,20260823,31.353174402347893,1741.5955903747945,0.1731670336389414,0.3496706676959406,0.054114698012169185,0.17316703363897945,0.08442640031465828,31.052945962151373,40.67178230697298,0.2647472893689998,False,,False,completed_normally,2001,20.0,0,
traj_02403,gradual_approach_v3,20260823,70.2659957723276,1932.7187030767718,0.006775731445302467,0.576476872827729,0.0021174160766570206,0.11012148815967882,0.006775731445302467,27.102777999349442,70.26599577232813,0.6894846132065031,False,,False,completed_normally,2001,20.0,0,
traj_02404,gradual_approach_v3,20260823,54.2732138547114,698.8966898396923,0.03599110550988671,0.3965614536209011,0.011247220471839597,0.22273911450551612,0.028181179040698945,18.008050173113165,54.2732138547114,0.7107866384278847,False,,False,completed_normally,2001,20.0,0,
traj_02405,gradual_approach_v3,20260823,31.324488915177714,526.6430160815908,0.17352123857248017,0.34992457231054896,0.05422538705390005,0.17352123857248017,-0.013872688745514505,30.683321789263637,60.33931815916694,0.7855558049037527,False,,True,validity_envelope_gamma_exceeded,1864,18.63,0,
traj_02406,gradual_approach_v3,20260823,50.996879375569975,620.6990390308022,0.04552595665401206,0.37054184619036096,0.01422686145437877,0.04552595665401206,-0.062150226326562974,50.99687937555326,99.57592230675967,0.7224414288721935,False,,False,completed_normally,2001,20.0,0,
traj_02407,gradual_approach_v3,20260823,52.78208910350371,501.28566759774685,0.04011529091748438,0.3841848107331461,0.012536028411713869,0.04011529091748438,-0.036787220898857,52.78208910349312,86.54154120735286,0.517048882454221,False,,False,completed_normally,2001,20.0,0,
traj_02408,gradual_approach_v3,20260823,42.11608966659188,1214.6959411087105,0.08305727496439352,0.32531905236152964,0.025955398426372976,0.08305727496439352,-0.054569895880820285,42.11608966658986,81.15764523903651,0.6524609857731865,False,,False,completed_normally,2001,20.0,0,
traj_02409,gradual_approach_v3,20260823,35.51512020975797,1627.8597145218066,0.12959424213880044,0.3256095522204629,0.04049820066837514,0.5110082744645617,0.08106336732254074,19.99033173328892,50.601610437794406,0.4400361826439084,True,4.49,False,completed_normally,2001,20.0,0,
traj_02410,gradual_approach_v3,20260823,33.76281185291934,843.2499471149125,0.1462234499820177,0.33289509454819455,0.04569482811938053,0.1462234499820177,0.006265643724859549,33.76281185291156,55.30599589528484,0.5071828176040286,False,,False,completed_normally,2001,20.0,0,
traj_02411,gradual_approach_v3,20260823,33.16588614580241,1929.548800878103,0.15242031170438244,0.3362646187896758,0.04763134740761951,0.47089372959129183,0.11926267113143155,24.05412210665297,40.801032647365616,0.2656517073163013,True,9.1,False,completed_normally,2001,20.0,0,
traj_02412,gradual_approach_v3,20260823,37.34505423818695,1405.109835718504,0.11441130372436628,0.3216538526955705,0.03575353241386446,0.11441130372441279,-0.006139356963437204,37.34505423818695,66.8212085308922,0.5222681998498391,False,,False,completed_normally,2001,20.0,0,
traj_02413,gradual_approach_v3,20260823,71.70872237017687,1287.353099054661,0.00504523100405061,0.5964307395374097,0.0015766346887658158,0.11644797780895355,0.00504523100405061,51.747778280166465,71.70872237018408,0.7870427721542365,False,,True,validity_envelope_gamma_exceeded,986,9.85,0,
traj_02414,normal,20260823,48.49656652503066,1986.0912244905946,0.05410553678410884,0.3537485549039967,0.016907980245034013,0.054623935712156596,0.0535281302163167,48.25952011346526,48.77174731156979,0.005906462977454856,False,,False,completed_normally,2001,20.0,0,
traj_02415,normal,20260823,61.339374880276516,1220.297238468459,0.02030426344562853,0.4661269606327268,0.006345082326758915,0.020474238083873518,0.01990039523591032,61.18709046110523,61.68661512785638,0.005147904292217829,False,,False,completed_normally,2001,20.0,0,
traj_02416,normal,20260823,37.09001856751586,1908.3433615777199,0.11640654882645382,0.32200249511622353,0.03637704650826682,0.1652166747902435,0.1058839929327053,31.50783224010607,39.91084622044312,0.1467158368711459,False,,False,completed_normally,2001,20.0,0,
traj_02417,stall,20260823,38.05634532426981,767.3377011935198,0.10903827105156769,0.321004439187375,0.0340744597036149,0.109038271051641,-0.25963544349498757,38.05634532426981,42.21032476723732,0.7915595098421054,False,,True,validity_envelope_gamma_exceeded,565,5.64,0,
traj_02418,gradual_approach_v3,20260823,73.91029228206084,1902.6893368694473,0.0025954584424496305,0.6279546613370255,0.0008110807632655094,0.0025954584425241178,-0.09120177571754984,73.91029228206084,84.28043850892011,0.7859046446649175,False,,True,validity_envelope_gamma_exceeded,524,5.23,0,
traj_02419,stall,20260823,38.527050032891935,1573.9934263381053,0.10563138987987594,0.3208262118538521,0.033009809337461234,1.067480192521113,0.06608796239224235,37.30663791539427,51.31625412079774,0.40411567267095355,True,5.5600000000000005,False,completed_normally,2001,20.0,0,
traj_02420,gradual_approach_v3,20260823,44.2033457406658,973.9481139382995,0.0722540266640028,0.33206395438026587,0.022579383332500876,0.24437839998017408,0.0569474682951403,19.8921107960573,48.21836796776266,0.5535918618327621,False,,False,completed_normally,2001,20.0,0,
traj_02421,gradual_approach_v3,20260823,42.538261057980165,1572.9186925507781,0.08074962025587284,0.3264592446652479,0.025234256329960264,0.08074962025587284,-0.047627173170238346,42.53826105796363,78.76360466394038,0.6503396660101557,False,,False,completed_normally,2001,20.0,0,
traj_02422,normal,20260823,70.92208193555282,1879.817338948145,0.005975812372171025,0.5854810598502178,0.0018674413663034455,0.03910105793108956,0.005975812372078215,57.04782373396676,70.92208193555282,0.20356928542440142,False,,False,completed_normally,2001,20.0,0,
traj_02423,normal,20260823,60.65317257891338,961.2905257877611,0.02159469505954539,0.4586356544025571,0.006748342206107935,0.02169801931747535,0.02084857426731656,60.55305721185969,61.27978462905645,0.009249646972729477,False,,False,completed_normally,2001,20.0,0,
traj_02424,gradual_approach_v3,20260823,58.11961902663032,1150.7422655392822,0.026755641028501077,0.43230360639517573,0.008361137821406586,0.026755641028501077,-0.07647845579920187,58.11961902662253,77.60690323494104,0.7856683114020347,False,,True,validity_envelope_gamma_exceeded,1148,11.47,0,
traj_02425,gradual_approach_v3,20260823,64.93765810550028,1494.0017332860025,0.014185723541248543,0.5077995138630129,0.00443303860664017,0.014185723541289164,-0.07595932297370711,64.93765810550028,86.06776383900447,0.7865866116602689,False,,True,validity_envelope_gamma_exceeded,1139,11.38,0,
traj_02426,gradual_approach_v3,20260823,59.871633513870734,740.7879187033983,0.023118032827138934,0.450287647988026,0.007224385258480916,0.023118032827138934,-0.05276288412352248,59.87163351386029,105.31890338167447,0.63539642796898,False,,False,completed_normally,2001,20.0,0,
traj_02427,normal,20260823,62.89315745358916,866.5523157787027,0.017534861768080688,0.483636447688394,0.0054796443025252155,0.01799588454959894,0.01710022004735528,62.47493352971452,63.295711661489804,0.003874544255430529,False,,False,completed_normally,2001,20.0,0,
traj_02428,stall,20260823,65.21447098863771,888.2081658476587,0.01375603666701089,0.5111668861421801,0.004298761458440903,0.4439124353064122,0.013534614508784341,57.46034688926047,65.54064441965798,0.7870810440757606,True,5.3500000000000005,True,validity_envelope_gamma_exceeded,601,6.0,0,
traj_02429,gradual_approach_v3,20260823,42.70393400400571,1529.588849599932,0.07986172722501594,0.3269386924112107,0.024956789757817482,0.07986172722510052,-0.043814763373064,42.70393400400571,83.70651372249465,0.6895995159171834,False,,False,completed_normally,2001,20.0,0,
traj_02430,normal,20260823,49.26656508742514,1877.042888876614,0.05132740952490189,0.3586185387475002,0.01603981547653184,0.05132740952501292,0.03605626194054886,49.26656508742514,52.8781268629581,0.06895782177122368,False,,False,completed_normally,2001,20.0,0,
traj_02431,normal,20260823,56.35783000681795,1696.5887997949944,0.03075536429197395,0.41527408741066574,0.00961105134124186,0.03075536429197395,-0.011289337506703065,56.35783000678935,63.57681319883983,0.12639939409675854,False,,False,completed_normally,2001,20.0,0,
traj_02432,gradual_approach_v3,20260823,71.15273820638939,1632.187115922631,0.005699781148437727,0.5886743779686537,0.0017811816088867895,0.005699781148437727,-0.0878009242599952,71.15273820638325,89.13456365344219,0.7855063037101653,False,,True,validity_envelope_gamma_exceeded,1078,10.77,0,
traj_02433,gradual_approach_v3,20260823,71.12418096449333,1305.5056246734907,0.0057338120365820824,0.5882782366249136,0.0017918162614319008,0.005733812036704336,-0.0774539957527155,71.12418096449333,91.21691122410348,0.785890065678864,False,,True,validity_envelope_gamma_exceeded,1206,12.05,0,
traj_02434,normal,20260823,47.91691512385257,963.5318050903435,0.05628328894592686,0.35026765711669644,0.017588527795602143,0.05628328894592686,0.025761092605609937,47.91691512385257,55.56157388824341,0.14592863310583123,False,,False,completed_normally,2001,20.0,0,
traj_02435,gradual_approach_v3,20260823,67.72085685688461,899.8570421372456,0.010099593227310653,0.5426694111940039,0.003156122883534579,0.010099593227310653,-0.08809286140028061,67.72085685687318,83.46578186714416,0.7854545642693751,False,,True,validity_envelope_gamma_exceeded,914,9.13,0,
traj_02436,gradual_approach_v3,20260823,70.38861127947993,987.4354035845603,0.006624551019721111,0.5781507508448016,0.0020701721936628474,0.006624551019832197,-0.07575618062737899,70.38861127947993,88.83039329107173,0.7856916095882727,False,,True,validity_envelope_gamma_exceeded,998,9.97,0,
traj_02437,gradual_approach_v3,20260823,71.11328564086628,1556.848344776992,0.005746806396932534,0.5881271566151403,0.0017958769990414167,0.005746806396932534,-0.05740694720082895,71.11328564085686,125.1616955655258,0.7346434523432369,False,,False,completed_normally,2001,20.0,0,
traj_02438,stall,20260823,52.57326419136258,1772.9019320826942,0.040720467890199646,0.38252148433901234,0.01272514621568739,1.1067800433652761,0.024349752039699912,38.115064811995744,63.71646035867699,0.42392586477822386,True,2.7800000000000002,False,completed_normally,2001,20.0,0,
traj_02439,gradual_approach_v3,20260823,65.4252788090701,1194.8467396184433,0.013432416618011499,0.5137464296550471,0.004197630193128593,0.013432416618149685,-0.06974362384235722,65.4252788090701,86.74038784899632,0.7860673244548576,False,,True,validity_envelope_gamma_exceeded,1269,12.68,0,
traj_02440,gradual_approach_v3,20260823,37.307692487585534,1047.9064552898508,0.11470128155525039,0.3217010280776156,0.03584415048601575,0.11470128155538953,-0.0342686720596993,37.307692487585534,66.98602638364913,0.5617258562380193,False,,False,completed_normally,2001,20.0,0,
traj_02441,gradual_approach_v3,20260823,59.01956509887124,1073.5932569686815,0.02484727452802966,0.441413599851657,0.007764773290009269,0.15155811824818366,0.02484727452802966,23.66148287286124,59.019565098877145,0.6488042915296852,False,,False,completed_normally,2001,20.0,0,
traj_02442,gradual_approach_v3,20260823,54.01558513774168,1287.474263609577,0.036679798408073075,0.3943614654140637,0.011462437002522837,0.19799385494293936,0.035740217320608836,19.733858039136976,54.01558513774168,0.666104393570301,False,,False,completed_normally,2001,20.0,0,
traj_02443,gradual_approach_v3,20260823,56.892539492355795,1498.2754739132126,0.029502720777061422,0.42032789039692003,0.009219600242831694,0.19604909237876023,0.022760619720882058,19.526303277180666,56.89253949235851,0.6835927612878955,False,,False,completed_normally,2001,20.0,0,
traj_02444,gradual_approach_v3,20260823,59.1343288185006,1108.5789979545016,0.024610065841999654,0.44259484900804935,0.007690645575624892,0.024610065842170747,-0.0884488815301504,59.1343288185006,76.29365744768161,0.7854664613770381,False,,True,validity_envelope_gamma_exceeded,897,8.96,0,
traj_02445,stall,20260823,49.473232271993524,1846.9072643148081,0.05060316548019518,0.3599723330234774,0.015813489212560993,0.7028500653480908,-0.29395811742578193,24.493703817742695,49.47323227201069,0.787293350552541,True,4.9,True,validity_envelope_gamma_exceeded,1143,11.42,0,
traj_02446,stall,20260823,65.01636716743941,1797.7229997791517,0.014062994200929841,0.5087546964235253,0.004394685687790576,1.0965233409740536,0.013940623384322318,36.21330122736898,65.28685364004201,0.5339562895191038,True,6.32,False,completed_normally,2001,20.0,0,
traj_02447,gradual_approach_v3,20260823,69.1069946110984,1389.9639744524998,0.00824430961353042,0.5608586656497672,0.002576346754228256,0.08627323044429148,0.00824430961341785,31.459012902294695,69.1069946110984,0.593422790418333,False,,False,completed_normally,2001,20.0,0,
traj_02448,normal,20260823,37.427593604374906,1309.3860569750484,0.11377347919501102,0.32155433441017234,0.03555421224844094,0.11518773340435691,0.1124403659282496,37.09242046638999,37.76327452774756,0.009290584654700076,False,,False,completed_normally,2001,20.0,0,
traj_02449,normal,20260823,34.714563686142505,673.7440290366238,0.13691676213685977,0.3284790870698166,0.04278648816776868,0.15495048211110893,0.10624980231301481,33.76068566041097,38.57398079386279,0.12121654285996654,False,,False,completed_normally,2001,20.0,0,
traj_02450,gradual_approach_v3,20260823,58.63702963902183,1228.762925880064,0.025647882532021975,0.43750795479399446,0.008014963291256868,0.025647882532021975,-0.06643051434482139,58.6370296390133,82.15549281147001,0.7869488355889455,False,,True,validity_envelope_gamma_exceeded,1220,12.19,0,
traj_02451,gradual_approach_v3,20260823,35.118616603301724,511.8989721995474,0.13316566504505542,0.3269383078523333,0.04161427032657982,0.1331656650451438,-0.013987188433405462,35.118616603301724,58.3490324701881,0.5423583331558659,False,,False,completed_normally,2001,20.0,0,
traj_02452,gradual_approach_v3,20260823,39.34435671283553,1608.4833891976562,0.09998146459631327,0.3209684688078144,0.031244207686347895,0.33190526369010925,0.05602178382438694,18.437340325236566,56.70406710007573,0.5420578255383324,True,8.22,False,completed_normally,2001,20.0,0,
traj_02453,gradual_approach_v3,20260823,43.7623138502923,1602.010571893849,0.07441439442802553,0.3304130534206019,0.023254498258757975,0.07441439442814386,-0.05952469822854567,43.7623138502923,68.22205414155125,0.7858100956663587,False,,True,validity_envelope_gamma_exceeded,1075,10.74,0,
traj_02454,gradual_approach_v3,20260823,48.79731151524833,856.6131396270486,0.053005231167294845,0.3556176959024445,0.016564134739779638,0.053005231167463765,-0.04553296246497046,48.79731151524833,90.80914465735714,0.6420708283328885,False,,False,completed_normally,2001,20.0,0,
traj_02455,gradual_approach_v3,20260823,74.23194176517822,872.8299460152822,0.0022555103237711814,0.6326674769674872,0.0007048469761784942,0.09257094701093183,0.0022555103237460643,48.30814123851889,74.23194176517822,0.7856757773802056,False,,True,validity_envelope_gamma_exceeded,845,8.44,0,
traj_02456,stall,20260823,53.275994209241844,1891.1777185060787,0.0387115892530058,0.3881880331481174,0.012097371641564313,1.063084066419005,0.0356077381123004,32.232562970135504,53.275994209241844,0.3913224662617916,True,4.84,False,completed_normally,2001,20.0,0,
traj_02457,gradual_approach_v3,20260823,55.38649914160456,989.8105373462288,0.0331227531148065,0.4063559023683694,0.010350860348377032,0.171499967389093,0.029254264147363096,21.766538721164714,55.386499141607146,0.6303861342693803,False,,False,completed_normally,2001,20.0,0,
traj_02458,gradual_approach_v3,20260823,39.12651159820547,1873.3217048424685,0.1014554611542588,0.32087603139221277,0.03170483161070587,0.4169816948751549,0.05373182017843316,18.67429427604775,59.01694840151528,0.5321431064887475,True,6.95,False,completed_normally,2001,20.0,0,
traj_02459,gradual_approach_v3,20260823,37.28728159053784,939.418518034465,0.11486003192847441,0.3217273625316969,0.03589375997764825,0.3641795711157755,0.07054039133481652,19.216853309584575,52.28990045466725,0.49031518098376664,True,9.43,False,completed_normally,2001,20.0,0,
traj_02460,gradual_approach_v3,20260823,63.717800247713406,1000.2906266920373,0.01614564217680787,0.49323117234182945,0.0050455131802524585,0.016145642176974204,-0.08607569710794238,63.717800247713406,82.78500759138777,0.7861528911115906,False,,True,validity_envelope_gamma_exceeded,752,7.51,0,
traj_02461,normal,20260823,62.96612635345214,1963.6387987799978,0.01740975853240446,0.48447708804109635,0.0054405495413763945,0.06084809842197833,0.017409758532340842,46.345806519216964,62.96612635345214,0.26831853586894583,False,,False,completed_normally,2001,20.0,0,
traj_02462,gradual_approach_v3,20260823,56.595525109535174,1822.0216108965249,0.03019421333640152,0.41750814523415963,0.009435691667625475,0.030194213336479828,-0.04922512919841571,56.595525109535174,95.28430632684596,0.5673039947677196,False,,False,completed_normally,2001,20.0,0,
traj_02463,normal,20260823,69.21033840630656,604.3325424726216,0.008110390273036346,0.5622362375565436,0.002534496960323858,0.024381775965101105,0.008110390273036346,61.00248340150623,69.21033840631299,0.11731183787368618,False,,False,completed_normally,2001,20.0,0,
traj_02464,stall,20260823,50.25881327552994,1236.7209906365958,0.047929167532192445,0.36529418979918005,0.01497786485381014,0.04792916753226696,-0.5029698777143399,50.25881327552994,53.17554980322721,0.7873076807745751,True,3.67,True,validity_envelope_gamma_exceeded,436,4.3500000000000005,0,
traj_02465,gradual_approach_v3,20260823,73.4204222638783,913.0515741781726,0.0031217258981589553,0.6208292588940716,0.0009755393431746735,0.11240427372045625,0.003121725897971871,51.89302814914972,73.4204222638783,0.7862983295163067,False,,True,validity_envelope_gamma_exceeded,1217,12.16,0,
traj_02466,gradual_approach_v3,20260823,47.811843248627454,994.2452474705068,0.05668629573688977,0.34965409493168054,0.017714467417778053,0.23576161930472245,0.02408379887929396,18.079187073190692,67.28541174950517,0.6369454626967921,False,,False,completed_normally,2001,20.0,0,
traj_02467,gradual_approach_v3,20260823,40.65969432081888,1383.6474631816118,0.09154538206695334,0.322325508553246,0.02860793189592292,0.09154538206699192,-0.05875728651097922,40.65969432081888,62.982382653847395,0.7863697851618192,False,,True,validity_envelope_gamma_exceeded,915,9.14,0,
traj_02468,gradual_approach_v3,20260823,70.32792040337274,1216.329704864225,0.006699282808113202,0.5773217200209971,0.0020935258775353757,0.1061144409673972,0.006699282808113202,46.425874679758515,70.32792040337274,0.7868284410513872,False,,True,validity_envelope_gamma_exceeded,879,8.78,0,
traj_02469,normal,20260823,65.75610282816967,1458.5334378564592,0.012930743789668644,0.5178207668281398,0.004040857434271451,0.0242282235794347,-0.0078142351734182,65.75610282816967,73.89657216325024,0.1730453040134466,False,,False,completed_normally,2001,20.0,0,
traj_02470,gradual_approach_v3,20260823,42.16967561945255,542.9738827519045,0.08276072142672145,0.32545721258856525,0.02586272544585045,0.08276072142672145,-0.04207457533124981,42.16967561944632,77.68227603177041,0.6047678967738247,False,,False,completed_normally,2001,20.0,0,
traj_02471,gradual_approach_v3,20260823,36.686729191683774,1458.005730459225,0.11963871164078552,0.3226833200892398,0.037387097387745476,0.11963871164093476,-0.01814364915473532,35.57962697121672,63.08213983986958,0.5821383051243678,False,,False,completed_normally,2001,20.0,0,
traj_02472,gradual_approach_v3,20260823,40.479103834253245,587.2847690504871,0.09265829573150733,0.3220606197314929,0.02895571741609604,0.28988751137553403,0.08607467969273452,18.908859853953544,40.479103834253245,0.5412615465520917,True,12.49,False,completed_normally,2001,20.0,0,
traj_02473,gradual_approach_v3,20260823,67.5105827869724,1772.883082565248,0.010390954241110258,0.5399573259834692,0.0032471732003469555,0.13291542191285144,0.010390954241110258,45.806449158752486,67.51058278700195,0.7862282367496947,False,,True,validity_envelope_gamma_exceeded,1126,11.25,0,
traj_02474,gradual_approach_v3,20260823,65.15097292957229,988.5060093510072,0.013854124214446789,0.5103924512165999,0.004329413817014622,0.013854124214497825,-0.08027385098728412,65.15097292957229,85.77497627176065,0.7863183449675134,False,,True,validity_envelope_gamma_exceeded,1096,10.950000000000001,0,
traj_02475,gradual_approach_v3,20260823,68.88882191307519,1944.4679376941474,0.008528992570857222,0.5579601571295462,0.002665310178392882,0.15279287564051663,0.008528992570743492,22.04325534375868,68.88882191307519,0.7793746741183473,False,,False,completed_normally,2001,20.0,0,
traj_02476,gradual_approach_v3,20260823,49.696037732221995,1830.938613103943,0.04983220301773676,0.36145359799003685,0.015572563443042737,0.04983220301788149,-0.059649883332202724,49.696037732221995,98.60457364151354,0.7493887129565122,False,,False,completed_normally,2001,20.0,0,
traj_02477,gradual_approach_v3,20260823,39.87990683165083,1576.7784349372648,0.09645267432366394,0.3213585743690417,0.030141460726144983,0.09645267432381761,-0.01878177816786747,39.87990683165083,67.35610446496236,0.4943839848755948,False,,False,completed_normally,2001,20.0,0,
traj_02478,gradual_approach_v3,20260823,69.24262834386063,738.5950848557525,0.008068668579685606,0.5626672688046183,0.002521458931151752,0.008068668579685606,-0.08681660734725433,69.2426283438546,91.33241202952351,0.7866206490533239,False,,True,validity_envelope_gamma_exceeded,881,8.8,0,
traj_02479,gradual_approach_v3,20260823,44.41857042808413,779.3147555826499,0.07122206582114743,0.3329115400814941,0.02225689556910857,0.07122206582118773,-0.07427292097615212,44.41857042808413,65.89526942727493,0.785664380089722,False,,True,validity_envelope_gamma_exceeded,957,9.56,0,
traj_02480,gradual_approach_v3,20260823,74.68368646126326,1617.1999664687044,0.001785394552526993,0.6393321218000321,0.0005579357976646852,0.09946840900538301,0.0017853945523471644,54.63944395168531,74.68368646126326,0.7865058949497739,False,,True,validity_envelope_gamma_exceeded,833,8.32,0,
traj_02481,normal,20260823,47.64331135810124,1164.7445223185944,0.05733811380688501,0.3486812685595411,0.017918160564651564,0.057338113807023215,0.025817605989163276,47.64331135810124,56.35189982102766,0.14183621176261768,False,,False,completed_normally,2001,20.0,0,
traj_02482,gradual_approach_v3,20260823,69.917655552079,1244.398596392132,0.007209525939382834,0.5717439624190996,0.0022529768560571356,0.1154714353979989,0.00720952593929332,26.357403357654583,69.917655552079,0.7092147017073701,False,,False,completed_normally,2001,20.0,0,
traj_02483,gradual_approach_v3,20260823,44.13938080694816,909.6920318038744,0.07256351679012565,0.3318173158367263,0.022676098996914265,0.07256351679027326,-0.06305556770526533,44.13938080694816,86.51258441116957,0.7159795478268932,False,,False,completed_normally,2001,20.0,0,
traj_02484,normal,20260823,39.70058654028302,783.3195520706673,0.09761945888592952,0.32120253223871237,0.030506080901852976,0.09851946473622664,0.09662445745751656,39.44349547276885,39.978285756604606,0.006877347348247899,False,,False,completed_normally,2001,20.0,0,
traj_02485,gradual_approach_v3,20260823,33.70524985507597,1103.4260785950596,0.14680851663012198,0.3331992121160592,0.04587766144691312,0.14680851663012198,-0.0015135106017106215,30.08403986451956,58.3257305159872,0.613297907754375,False,,False,completed_normally,2001,20.0,0,
traj_02486,gradual_approach_v3,20260823,53.76846117389699,1604.7135033043876,0.037349554501185274,0.3922751024520447,0.0116717357816204,0.03734955450130357,-0.05361554004188429,53.76846117389699,100.75753629272903,0.6917215430527814,False,,False,completed_normally,2001,20.0,0,
traj_02487,stall,20260823,54.076529468929415,1695.551913327225,0.03651600977987648,0.3948796008549487,0.011411253056211398,1.1533530956700753,0.022108579770599324,19.365946130948835,59.39450503317575,0.7350206328326979,True,5.86,False,completed_normally,2001,20.0,0,
traj_02488,gradual_approach_v3,20260823,60.72103753661819,622.4043169394649,0.02146514650395869,0.4593698468386369,0.006707858282487092,0.15561945675271874,0.021465146503859472,22.599964311155087,60.72103753661819,0.7006080041044432,False,,False,completed_normally,2001,20.0,0,
traj_02489,gradual_approach_v3,20260823,53.751110784095765,929.8541486003666,0.03739691820983672,0.3921295054954288,0.011686536940573974,0.17758447607749928,0.025846236641809295,21.454547271135144,57.93359124716028,0.6284096785763075,False,,False,completed_normally,2001,20.0,0,
traj_02490,normal,20260823,35.0162029776542,1023.5262756162527,0.13410560969170368,0.32731073769817925,0.041908003028657395,0.1359236678354779,0.13240082689877256,34.65209033430968,35.383712928965714,0.011310855724587985,False,,False,completed_normally,2001,20.0,0,
traj_02491,gradual_approach_v3,20260823,31.430073612087696,1326.6128989277977,0.17222181885648635,0.3489968311635678,0.053819318392651985,0.4003282783252924,0.1395330400896434,24.289153295894817,37.9135164489034,0.22099434515954844,True,2.79,False,completed_normally,2001,20.0,0,
traj_02492,gradual_approach_v3,20260823,43.031523466777415,1713.888475254859,0.07813469379039698,0.3279388061121674,0.024417091809499056,0.24860923711217364,0.06228791742466744,20.891168196503475,47.37709283317104,0.5131239853814812,False,,False,completed_normally,2001,20.0,0,
traj_02493,normal,20260823,41.88128041020886,1423.3822858027002,0.08436947754628779,0.3247364678098675,0.026365461733214936,0.08543112611029982,0.08306041196674882,41.55260480473799,42.314514863541135,0.010880347698607892,False,,False,completed_normally,2001,20.0,0,
traj_02494,gradual_approach_v3,20260823,46.537291255804455,607.4008338199118,0.0617873189231818,0.34265034218281387,0.019308537163494316,0.06178731892329409,-0.029483890226709608,46.537291255804455,76.65404791715233,0.4974501820761701,False,,False,completed_normally,2001,20.0,0,
traj_02495,gradual_approach_v3,20260823,48.88037096201521,590.9747558955919,0.052704824264088235,0.35614140344798567,0.016470257582527573,0.052704824264131714,-0.07327585391879199,48.88037096201521,69.60041547498044,0.7863058890100134,False,,True,validity_envelope_gamma_exceeded,846,8.45,0,
traj_02496,gradual_approach_v3,20260823,41.87021343936779,1108.5745678065834,0.08443183980797944,0.32470993258992775,0.026384949939993574,0.08443183980812129,-0.06244412452502068,41.87021343936779,85.55570643001751,0.7419069375711677,False,,False,completed_normally,2001,20.0,0,
traj_02497,gradual_approach_v3,20260823,45.72902532983608,1539.0453733107515,0.06523783581894038,0.3386444982109907,0.02038682369341887,0.06523783581894038,-0.06710486402840976,45.729025329835125,90.70216999208098,0.7428484151915857,False,,False,completed_normally,2001,20.0,0,
traj_02498,stall,20260823,35.76190361398275,1675.4696802120814,0.12742446348496708,0.3248713133569192,0.03982014483905221,0.12742446348496708,-0.31536851950518596,35.76190361398173,39.59130930572821,0.7899555244346789,True,5.29,True,validity_envelope_gamma_exceeded,580,5.79,0,
traj_02499,gradual_approach_v3,20260823,67.29805229681591,1337.4157772748235,0.010688191056982113,0.5372288771470705,0.0033400597053069104,0.1430348623771852,0.010688191056982113,43.62006359338047,67.29805229681617,0.7857530508417769,False,,True,validity_envelope_gamma_exceeded,862,8.61,0,
traj_02500,gradual_approach_v3,20260823,36.898103935768326,1326.0241779799835,0.11793271737141178,0.3223064454355902,0.03685397417856618,0.11793271737148375,-0.030689662872690926,36.898103935768326,72.12341392040547,0.6041734555044302,False,,False,completed_normally,2001,20.0,0,
traj_02501,gradual_approach_v3,20260823,62.55958311915603,1824.5465707491364,0.018112280899470038,0.4798143001130238,0.0056600877810843876,0.18674273628421204,0.018112280899435514,19.652714507199608,62.55958311915603,0.7715306218624747,False,,False,completed_normally,2001,20.0,0,
traj_02502,gradual_approach_v3,20260823,66.074045242783,1233.5611391627524,0.012455608294762128,0.5217664996725586,0.0038923775921131647,0.13168970205356656,0.012455608294749803,39.716665535118125,66.074045242783,0.7860312499826682,False,,True,validity_envelope_gamma_exceeded,902,9.01,0,
traj_02503,gradual_approach_v3,20260823,36.557321976149886,650.0269973199199,0.12069632661435206,0.32293615926936453,0.03771760206698502,0.47261031075230825,0.07375795198873598,20.159105042077872,52.27612100744489,0.4489112581154601,True,7.8,False,completed_normally,2001,20.0,0,
traj_02504,gradual_approach_v3,20260823,32.3442329712357,1878.7448549430685,0.16144367346690927,0.34172044075777736,0.050451147958409145,0.5073872410354544,0.122665433775022,23.01811424828324,40.952244241654,0.2824471220471387,True,7.4,False,completed_normally,2001,20.0,0,
traj_02505,normal,20260823,48.94226770658396,1021.8660972327883,0.05248192458130799,0.35653376985361424,0.016400601431658748,0.05248192458138439,-0.00513342068609135,48.94226770658396,63.708824801537226,0.2536918504359306,False,,False,completed_normally,2001,20.0,0,
traj_02506,gradual_approach_v3,20260823,64.44529181549481,1959.376303936848,0.014963570889512733,0.5018659526985232,0.0046761159029727285,0.13036318382650813,0.014963570889474394,41.61601144841424,64.44529181549481,0.7854615353474524,False,,True,validity_envelope_gamma_exceeded,1205,12.040000000000001,0,
traj_02507,gradual_approach_v3,20260823,55.934161866704315,1222.948988048465,0.031773055523615285,0.41134222344805915,0.009929079851129776,0.031773055523615285,-0.07359610662565075,55.9341618666968,104.75746599198567,0.7279355703856659,False,,False,completed_normally,2001,20.0,0,
traj_02508,gradual_approach_v3,20260823,69.96527052853749,1396.5908426031742,0.00714985148976344,0.5723889471218566,0.0022343285905510753,0.00714985148976344,-0.08914764972379113,69.96527052853439,89.83780406183166,0.7857940769525357,False,,True,validity_envelope_gamma_exceeded,764,7.63,0,
traj_02509,gradual_approach_v3,20260823,45.16118126382522,1190.2368550366236,0.06776946408898163,0.33604174197688497,0.021177957527806757,0.06776946408902658,-0.028236783911705643,45.16118126382522,76.81706938824121,0.5206823428731521,False,,False,completed_normally,2001,20.0,0,
traj_02510,gradual_approach_v3,20260823,54.1340587083364,1858.2293530291513,0.036361896883322656,0.3953700065837602,0.01136309277603833,0.036361896883322656,-0.0734475976758755,54.13405870830758,74.24754735888142,0.7855553802825215,False,,True,validity_envelope_gamma_exceeded,1178,11.77,0,
traj_02511,stall,20260823,62.56069910947815,1438.891451942503,0.018110333897469168,0.479827030237017,0.0056594793429591145,0.8992835164055709,-0.7194297901699253,28.331250552292616,62.56069910947815,0.7854555258425674,True,2.42,True,validity_envelope_gamma_exceeded,1069,10.68,0,
traj_02512,gradual_approach_v3,20260823,34.978918920023894,1613.9579019815906,0.13444961102043265,0.3274493499464836,0.0420155034438852,0.4138128723164512,0.09387615367865548,22.886294058974265,46.30302127258989,0.3382061361054433,True,7.34,False,completed_normally,2001,20.0,0,
traj_02513,gradual_approach_v3,20260823,35.87573158116233,683.3992309540427,0.1264370703683255,0.32455324361398585,0.03951158449010172,0.40621410112150724,0.10783554154714825,22.838910604385983,40.14180679679772,0.3558112556111177,True,10.71,False,completed_normally,2001,20.0,0,
traj_02514,gradual_approach_v3,20260823,71.14637958379771,1889.783808817489,0.005707355034826799,0.5885861531236583,0.0017835484483833747,0.1040594747792144,0.005707355034747084,27.94794615196496,71.14637958379771,0.6889907193292396,False,,False,completed_normally,2001,20.0,0,
traj_02515,gradual_approach_v3,20260823,46.68274748876754,836.9631368898896,0.06118467058849371,0.3434078120472455,0.019120209558904287,0.29118752625369226,0.04038818141248934,15.59420947168155,52.93542165647632,0.7015194290053348,True,12.97,False,completed_normally,2001,20.0,0,
traj_02516,gradual_approach_v3,20260823,39.08445718384032,1990.8979254894427,0.10174264205859468,0.3208626857679785,0.031794575643310834,0.28831377219327947,0.09608590611019652,21.164662542256465,39.42487813131395,0.45591529824164573,True,12.23,False,completed_normally,2001,20.0,0,
traj_02517,gradual_approach_v3,20260823,51.117404981648704,1908.3910200812024,0.045143138487675,0.3714210772469871,0.014107230777398437,0.04514313848784753,-0.041637119561838465,51.117404981648704,91.72269731149493,0.6274600612257866,False,,False,completed_normally,2001,20.0,0,
traj_02518,gradual_approach_v3,20260823,63.61590784655443,1139.0510642893503,0.01631440885979334,0.4920344833223013,0.005098252768685419,0.016314408859818042,-0.06152488190868455,63.61590784655443,117.70689625770636,0.7341707035449332,False,,False,completed_normally,2001,20.0,0,
traj_02519,gradual_approach_v3,20260823,57.03687004164521,1250.4687682996735,0.029170528528913473,0.42170933330481963,0.009115790165285461,0.16613480888831833,0.029170528528913473,22.400119254729226,57.03687004164788,0.6543940028713336,False,,False,completed_normally,2001,20.0,0,
traj_02520,gradual_approach_v3,20260823,34.18326120651739,950.2637074281454,0.14202809163654548,0.33080403018037835,0.04438377863642046,0.14202809163654548,-0.008188797610708648,34.183261206499886,61.10843882922019,0.4863637825775053,False,,False,completed_normally,2001,20.0,0,
traj_02521,gradual_approach_v3,20260823,66.79825570650925,1174.1213365702679,0.011398277819612466,0.5308632316210299,0.0035619618186288958,0.011398277819612466,-0.08821716569483296,66.7982557065029,85.2515416398733,0.7866870365278319,False,,True,validity_envelope_gamma_exceeded,802,8.01,0,
traj_02522,gradual_approach_v3,20260823,32.75498466583327,1657.924783629332,0.1568585872966826,0.3388705532070304,0.049018308530213314,0.18648027536036887,-0.011313976510750334,25.088649248826435,53.44488063238623,0.5395115530101019,False,,False,completed_normally,2001,20.0,0,
traj_02523,gradual_approach_v3,20260823,52.40650792171839,854.3036915745834,0.041208824060497126,0.3812058539116818,0.012877757518905351,0.041208824060497126,-0.08091667228468713,52.40650792171309,72.62203107946145,0.7877265361492383,False,,True,validity_envelope_gamma_exceeded,872,8.71,0,
traj_02524,normal,20260823,67.61681976074327,1710.6123023491334,0.010243413571508892,0.5413259909253891,0.003201066741096529,0.010364507429373846,0.009699696109531761,67.4701802612575,68.22356828061034,0.00902987082104559,False,,False,completed_normally,2001,20.0,0,
traj_02525,gradual_approach_v3,20260823,35.853107606475376,576.8220472186318,0.12663265331108386,0.3246153450520209,0.03957270415971371,0.12663265331108386,-0.030022745485148883,35.853107606467916,66.2228032606674,0.5676002461254257,False,,False,completed_normally,2001,20.0,0,
traj_02526,normal,20260823,52.04455215717049,1181.3919146181156,0.042284685541831415,0.37838906701219865,0.013213964231822316,0.04229604801659588,-0.01100812260604278,52.00087935253708,72.06219850716924,0.3416580624973249,False,,False,completed_normally,2001,20.0,0,
traj_02527,normal,20260823,66.47135873037246,830.2508012791678,0.01187130946788835,0.5267384036294608,0.0037097842087151093,0.01187769434040585,0.011502576954964825,66.45830857131232,66.86365703080028,0.004478272527251616,False,,False,completed_normally,2001,20.0,0,
traj_02528,gradual_approach_v3,20260823,63.09661149520682,1354.8577442605847,0.017187112787323957,0.4859844048705018,0.005370972746038737,0.13598740597113135,0.017187112787323957,24.476891427504786,63.09661149520755,0.6630979786839104,False,,False,completed_normally,2001,20.0,0,
traj_02529,normal,20260823,41.774533158117165,765.8254900164383,0.08497295226962767,0.3244840106974132,0.026554047584258646,0.08636811498988517,0.08354949242051017,41.32539321810035,42.229179996979965,0.01013724275726977,False,,False,completed_normally,2001,20.0,0,
traj_02530,gradual_approach_v3,20260823,51.63673931392014,1522.6531066771417,0.04352346122852118,0.37527992021477596,0.01360108163391287,0.04352346122852118,-0.05617415953620458,51.63673931391488,93.50443467552638,0.626254411569408,False,,False,completed_normally,2001,20.0,0,
traj_02531,normal,20260823,50.66457719548787,1466.4857979075825,0.0465952792500077,0.36814995340371476,0.014561024765627406,0.10130405504976484,0.046595279249967855,37.799771668150335,50.66457719548787,0.2353034629852159,False,,False,completed_normally,2001,20.0,0,
traj_02532,gradual_approach_v3,20260823,37.911408006645104,1170.6916702623873,0.1101107693064069,0.3210990498997235,0.03440961540825216,0.11011076930641904,-0.03536640803743696,37.911408006645104,64.14619002249543,0.5004844937790436,False,,False,completed_normally,2001,20.0,0,
traj_02533,normal,20260823,47.52477164703246,1238.7448548284658,0.05780061363596428,0.3480054114357544,0.018062691761238838,0.057800613636121545,0.019094424003168964,47.51659498624802,58.89395360631102,0.17204693985034922,False,,False,completed_normally,2001,20.0,0,
traj_02534,gradual_approach_v3,20260823,61.26298227063305,1094.4576744112908,0.020445809802154116,0.4652855773884542,0.006389315563173161,0.16342965948946434,0.02044580980211681,21.77084484281796,61.26298227063305,0.7123599465515524,False,,False,completed_normally,2001,20.0,0,
traj_02535,gradual_approach_v3,20260823,60.42156929454351,1298.078808253291,0.022040052675726004,0.45614120587154816,0.0068875164611643756,0.167777013526214,0.022040052675726004,36.625230519923335,60.421569294558054,0.7854664098687341,False,,True,validity_envelope_gamma_exceeded,1069,10.68,0,
traj_02536,stall,20260823,31.843594176976055,786.7448560329025,0.16724413114711909,0.34554056831056107,0.052263790983474716,0.16728831112161507,-0.28356055327517304,31.82435128682431,35.94577556590185,0.7892281640126322,True,6.38,True,validity_envelope_gamma_exceeded,656,6.55,0,
traj_02537,gradual_approach_v3,20260823,62.427132448356716,921.1647209803375,0.018344092361686496,0.4783061621183926,0.00573252886302703,0.1098903611609342,0.018344092361686496,29.260483232738032,62.427132448380874,0.567087924612556,False,,False,completed_normally,2001,20.0,0,
traj_02538,gradual_approach_v3,20260823,39.014391219871435,1906.245237344992,0.10222301634849967,0.3208437114688082,0.03194469260890615,0.34217057997913136,0.08248130863818781,21.427346312583033,44.18075723403143,0.447214932607463,True,10.5,False,completed_normally,2001,20.0,0,
traj_02539,gradual_approach_v3,20260823,34.63723227766647,725.8529985503005,0.13764788918143736,0.32879605025112496,0.04301496536919917,0.5245412560871865,0.089666809633796,20.458143715992875,48.414256254863844,0.4142140863878539,True,4.04,False,completed_normally,2001,20.0,0,
traj_02540,gradual_approach_v3,20260823,51.74293399995973,1061.7559188337102,0.04319812341404598,0.3760829081236847,0.01349941356688937,0.1720897408461689,0.025756915643546374,22.71509503410539,60.87588594694445,0.5470327123240404,False,,False,completed_normally,2001,20.0,0,
traj_02541,gradual_approach_v3,20260823,43.735219540669874,1644.5398954480138,0.07454915544524518,0.3303154485847226,0.02329661107663912,0.2247193965141126,0.04468471045471367,20.131492852097992,56.565224430819626,0.5420249827337478,False,,False,completed_normally,2001,20.0,0,
traj_02542,gradual_approach_v3,20260823,44.15319233527624,1849.078185554693,0.07249658157873926,0.3318703656380841,0.02265518174335602,0.24777744107702815,0.052908734660502776,20.153599380214278,50.55400379642946,0.5457516066852192,False,,False,completed_normally,2001,20.0,0,
traj_02543,gradual_approach_v3,20260823,47.26468910222481,1494.6802066860635,0.058827203411779605,0.34654705400248714,0.018383501066181127,0.05882720341192367,-0.06281562460548329,47.26468910222481,92.2116393457223,0.7176421777501403,False,,False,completed_normally,2001,20.0,0,
traj_02544,gradual_approach_v3,20260823,30.035088874268475,681.1773896285705,0.19043167735271535,0.362843103688525,0.05950989917272355,0.47154401558599535,0.15692183390323775,24.062256912118098,35.966715537298924,0.2135591928367239,True,7.53,False,completed_normally,2001,20.0,0,
traj_02545,gradual_approach_v3,20260823,45.97486292469608,1193.8289739627808,0.06416974617914736,0.3398259953822715,0.020053045680983553,0.06416974617914736,-0.04496690944446147,45.97486292469608,87.02313877009148,0.6640204199853413,False,,False,completed_normally,2001,20.0,0,
traj_02546,stall,20260823,63.599561811529405,1678.0580734869977,0.016341557767043113,0.4918427969944495,0.005106736802200973,0.2503137198462454,0.016341557767043113,55.37400443814604,63.59956181153948,0.7855620013845869,False,,True,validity_envelope_gamma_exceeded,502,5.01,0,
traj_02547,normal,20260823,42.7561833897926,788.7480920078706,0.0795837388540952,0.3270935904780419,0.02486991839190475,0.10007467519710075,0.07958373885395907,38.28541420980651,42.7561833897926,0.09658831180959566,False,,False,completed_normally,2001,20.0,0,
traj_02548,gradual_approach_v3,20260823,42.76786349994915,1753.3292391057182,0.07952172825296128,0.3271284581534164,0.0248505400790504,0.07952172825311983,-0.03442555115542428,42.76786349994915,76.60041928804675,0.5642246935691558,False,,False,completed_normally,2001,20.0,0,
traj_02549,normal,20260823,33.87468620845325,1163.9012589171145,0.14509379272947268,0.3323164401203983,0.04534181022796021,0.15944820905934726,0.07551747360246483,30.639722531140226,41.65646848922866,0.20242899082155294,False,,False,completed_normally,2001,20.0,0,
traj_02550,normal,20260823,60.73879536323917,770.7241654390956,0.021431318969312208,0.4595622022360294,0.006697287177910065,0.021508530099445998,0.02119234601080396,60.67062588367116,60.938819987804074,0.002726794361942701,False,,False,completed_normally,2001,20.0,0,
traj_02551,gradual_approach_v3,20260823,55.149037888724656,575.9436952869147,0.033720282451364283,0.404228028327224,0.01053758826605134,0.03372028245139725,-0.0570463454579036,55.149037888724656,97.63976579264119,0.6183790380171232,False,,False,completed_normally,2001,20.0,0,
traj_02552,gradual_approach_v3,20260823,44.52945949328599,1048.2187523756563,0.07069596443057483,0.33335881875987156,0.022092488884554635,0.210466291389371,0.03622788340773764,20.438426978002738,62.1998341460421,0.5417016440646312,False,,False,completed_normally,2001,20.0,0,
traj_02553,normal,20260823,54.30450023254465,792.6163067067637,0.035908124999607514,0.39683034314189397,0.011221289062377349,0.035908124999607514,0.006007135720807369,54.30450023254465,66.75781204066811,0.18975196900384927,False,,False,completed_normally,2001,20.0,0,
traj_02554,normal,20260823,52.0964840009248,1624.9265556693601,0.04212897629800247,0.3787899176815407,0.013165305093125771,0.08162019979150884,0.042128976297913796,41.551812464883305,52.0964840009248,0.20161756823375976,False,,False,completed_normally,2001,20.0,0,
traj_02555,stall,20260823,65.18240437878349,1885.8876980790203,0.013805535605963516,0.5107756472354833,0.004314229876863598,0.013918303929800114,-0.21958238537426544,64.99528643379799,67.05125489440204,0.7907544279550757,False,,True,validity_envelope_gamma_exceeded,679,6.78,0,
traj_02556,gradual_approach_v3,20260823,59.74290766593808,1071.0779308421977,0.023374608383970784,0.4489316925486461,0.0073045651199908695,0.023374608383970784,-0.08493073853630895,59.74290766593724,77.28525029534424,0.7857961416293302,False,,True,validity_envelope_gamma_exceeded,814,8.13,0,
traj_02557,gradual_approach_v3,20260823,39.71329041304565,1936.830719718354,0.0975363141787321,0.3212127521907507,0.03048009818085378,0.4007484053004803,0.05432059450944399,17.42559065676325,56.72406380210526,0.5786423394070839,True,8.9,False,completed_normally,2001,20.0,0,
traj_02558,gradual_approach_v3,20260823,59.823666127297436,550.0040780522717,0.023213450292004754,0.4497817423566855,0.007254203216251485,0.13541179275900117,0.023213450291936437,24.995868710623064,59.823666127297436,0.6094532520037707,False,,False,completed_normally,2001,20.0,0,
traj_02559,gradual_approach_v3,20260823,47.048269571163964,614.9783823097526,0.05969404474392544,0.3453594415563738,0.0186543889824767,0.22373500297737303,0.047414446219357864,18.96962324958205,49.57040917713269,0.6058086088408036,False,,False,completed_normally,2001,20.0,0,
traj_02560,gradual_approach_v3,20260823,64.7631646230286,1249.0861062157444,0.014459386018797968,0.5056884544151754,0.004518558130874365,0.13259005628658072,0.014459386018797968,24.685411744090693,64.76316462303275,0.6699908170668764,False,,False,completed_normally,2001,20.0,0,
traj_02561,gradual_approach_v3,20260823,58.481148774021094,650.1198811247401,0.025978571971263322,0.43593050925491356,0.00811830374101979,0.025978571971285287,-0.055863904376688256,58.481148774021094,108.44309881605045,0.7094771277886642,False,,False,completed_normally,2001,20.0,0,
traj_02562,gradual_approach_v3,20260823,36.123263609963416,607.2260055533981,0.12431856077132922,0.3239095950408896,0.038849550241040386,0.3188150999005513,0.08003976213002684,21.14584326434467,50.0908106197543,0.41179394452876317,True,7.22,False,completed_normally,2001,20.0,0,
traj_02563,gradual_approach_v3,20260823,71.44467111865477,942.3319217597405,0.0053542072426422645,0.592736657201061,0.0016731897633257076,0.0053542072426738425,-0.07041843301427386,71.44467111865477,91.2441237437216,0.7858712377280745,False,,True,validity_envelope_gamma_exceeded,1147,11.46,0,
traj_02564,gradual_approach_v3,20260823,49.46171688521887,1018.4306021271943,0.050643287575033405,0.35989638769352067,0.015826027367197938,0.050643287575033405,-0.05556303702795928,49.46171688521477,87.40186139406876,0.6098981940210353,False,,False,completed_normally,2001,20.0,0,
traj_02565,gradual_approach_v3,20260823,33.57232674316438,1269.0278685057813,0.14816961236240345,0.3339182287385941,0.04630300386325108,0.48459570210288794,0.1072057869290051,22.478846061919846,43.816064084239656,0.3242490856571158,True,5.54,False,completed_normally,2001,20.0,0,
traj_02566,gradual_approach_v3,20260823,63.32761518969815,827.6646331644808,0.016796280848864482,0.4886656076633714,0.00524883776527015,0.01679628084899707,-0.07879253952831439,63.32761518969815,87.93657128477214,0.7862963829233619,False,,True,validity_envelope_gamma_exceeded,1168,11.67,0,
traj_02567,gradual_approach_v3,20260823,63.44440560666462,1417.8873488984661,0.01660028750667848,0.4900273399151432,0.005187589845837025,0.09950425481515252,0.01660028750667848,30.64263008607319,63.444405606664816,0.5384047735840001,False,,False,completed_normally,2001,20.0,0,
traj_02568,gradual_approach_v3,20260823,39.67402282674983,944.1835555905847,0.09779355401382722,0.3211815758283421,0.030560485629321007,0.23353075076608198,0.06481469311773214,23.773445906700285,51.81113450363876,0.39000121065209015,False,,False,completed_normally,2001,20.0,0,
traj_02569,gradual_approach_v3,20260823,55.54522854446727,1809.7271405756912,0.03272752980331746,0.4077898283128066,0.010227353063536705,0.20798888254449302,0.020100593782659937,18.825108672415386,59.989562486457565,0.6965655959587127,False,,False,completed_normally,2001,20.0,0,
traj_02570,gradual_approach_v3,20260823,68.88130954850978,838.3960555399864,0.008538842789764616,0.557860588023276,0.0026683883718014428,0.1417100616973695,0.008538842789730902,23.193093751630116,68.88130954850978,0.7628506319324394,False,,False,completed_normally,2001,20.0,0,
traj_02571,normal,20260823,32.381357782900636,1163.1040338115731,0.1610229660063038,0.3414525215865845,0.05031967687696994,0.1620277040963216,0.1600020801681745,32.20334422495349,32.55203473314589,0.006001453734664158,False,,False,completed_normally,2001,20.0,0,
traj_02572,gradual_approach_v3,20260823,54.364499777468396,1379.332601262664,0.035749381998102764,0.39734704719047137,0.011171681874407114,0.035749381998149386,-0.06350318817603484,54.364499777468396,100.81609945854447,0.6761562280800776,False,,False,completed_normally,2001,20.0,0,
traj_02573,gradual_approach_v3,20260823,55.0146655522672,1133.0756039119738,0.0340617783739261,0.403033162969513,0.010644305741851906,0.20626641699888815,0.02504703161026156,19.006446229979066,56.21926912702668,0.6886442468686393,False,,False,completed_normally,2001,20.0,0,
traj_02574,gradual_approach_v3,20260823,45.190384469866785,1285.8413023869855,0.06763702313453773,0.3361712365686789,0.02113656972954304,0.06763702313453773,-0.07347235519121442,45.19038446985464,68.09159240492691,0.7869216351254507,False,,True,validity_envelope_gamma_exceeded,1235,12.34,0,
traj_02575,gradual_approach_v3,20260823,35.96907905101502,1861.7211169334369,0.12563356574212484,0.324302834073221,0.03926048929441402,0.3272887374809729,0.09856067671808111,21.716300911717916,42.803373650824824,0.3915777097053402,True,10.19,False,completed_normally,2001,20.0,0,
traj_02576,gradual_approach_v3,20260823,49.373181524631626,955.1248442148477,0.0509526774425732,0.35931450412048405,0.015922711700804126,0.20026788500329534,0.0509526774425732,22.65259967389107,49.37318152463686,0.5415116844237957,False,,False,completed_normally,2001,20.0,0,
traj_02577,gradual_approach_v3,20260823,52.680368967142975,1596.8312315610356,0.04040919674434579,0.3833724055544545,0.012627873982608059,0.16477483420247419,0.04040919674427825,22.857618157296837,52.680368967142975,0.5442666428449586,False,,False,completed_normally,2001,20.0,0,
traj_02578,gradual_approach_v3,20260823,73.95405188977995,1624.9356694152725,0.002548950947081009,0.6285942346886088,0.0007965471709628154,0.10974921699397383,0.002548950947081009,26.76764010738368,73.95405188980487,0.7328668209213347,False,,False,completed_normally,2001,20.0,0,
traj_02579,gradual_approach_v3,20260823,52.13082759247973,1162.1138418302135,0.04202625259690823,0.3790556158910584,0.013133203936533822,0.26254017779785876,0.036640039566015026,16.114911699286594,52.13082759247973,0.721970048507568,False,,False,completed_normally,2001,20.0,0,
traj_02580,normal,20260823,36.79070154733595,1607.5955420314087,0.11879624281345597,0.3224923787037482,0.037123825879204986,0.22071570099075166,0.0940505544942655,26.40056035481278,43.76990930243532,0.2694112227642756,False,,False,completed_normally,2001,20.0,0,
traj_02581,gradual_approach_v3,20260823,50.305060959813844,958.5543043393196,0.04777554359625449,0.36561604392742864,0.014929857373829528,0.15478422463457875,0.040924849469763824,26.498421264358246,52.23844084994195,0.45261958105018013,False,,False,completed_normally,2001,20.0,0,
traj_02582,gradual_approach_v3,20260823,35.786353080537076,1637.6450734160233,0.12721167017105273,0.3248018090865541,0.03975364692845398,0.3457129890228283,0.0871059247499622,20.703514569794315,47.407942723630626,0.4202033518480657,True,9.24,False,completed_normally,2001,20.0,0,
traj_02583,stall,20260823,31.192589689082514,1061.9447865030454,0.175161354407779,0.35111001191932983,0.05473792325243094,0.175161354407779,-0.1857855876848935,31.192589689078357,37.821661324208755,0.7888408190988181,False,,True,validity_envelope_gamma_exceeded,498,4.97,0,
traj_02584,gradual_approach_v3,20260823,45.44705396699457,1420.496553923401,0.06648353518854488,0.33732981875574325,0.020776104746420276,0.06648353518860999,-0.07162193326033828,45.44705396699457,64.47540847400052,0.7863792715386739,False,,True,validity_envelope_gamma_exceeded,1213,12.120000000000001,0,
traj_02585,gradual_approach_v3,20260823,58.46154285187441,1217.5078990605728,0.026020349004229257,0.4357326858765304,0.008131359063821644,0.17598680611010697,0.02602034900406762,35.61147821960292,58.46154285187441,0.785527707329549,False,,True,validity_envelope_gamma_exceeded,986,9.85,0,
traj_02586,gradual_approach_v3,20260823,50.321392064967114,1076.7160990861464,0.04772139418425446,0.36572992248433106,0.01491293568257952,0.22880457343766153,0.047721394184083,18.13022763129859,50.321392064967114,0.6576401932885536,False,,False,completed_normally,2001,20.0,0,
traj_02587,gradual_approach_v3,20260823,60.08541654097263,1196.3834364653012,0.022695508423743915,0.45255151001861743,0.007092346382419973,0.022695508423743915,-0.08371732087621009,60.0854165409724,80.1405088968356,0.785404332782973,False,,True,validity_envelope_gamma_exceeded,712,7.11,0,
traj_02588,normal,20260823,33.03059399683367,947.8051148752552,0.1538656822994694,0.3370962105648765,0.04808302571858419,0.15510361424500815,0.15252889606528908,32.801295963428544,33.26587576870476,0.0075582400665290496,False,,False,completed_normally,2001,20.0,0,
traj_02589,gradual_approach_v3,20260823,66.32313204201131,780.5566769567203,0.012088081324263242,0.524878192014146,0.003777525413832263,0.13556451970738392,0.012088081324197851,44.633989606083176,66.32313204201131,0.7855060966880738,False,,True,validity_envelope_gamma_exceeded,831,8.3,0,
traj_02590,gradual_approach_v3,20260823,34.101399764638906,1450.1700328790068,0.14283429416342672,0.33119341920083034,0.04463571692607085,0.14283429416342672,0.010259842960490956,34.10139976463402,55.90112944229779,0.5352595166130425,False,,False,completed_normally,2001,20.0,0,
traj_02591,gradual_approach_v3,20260823,63.24837118659253,1655.1363250925217,0.01692987622461153,0.48774401171424875,0.0052905863201911036,0.01692987622461153,-0.06013735914777396,63.2483711865919,116.5358243494096,0.7177789719717627,False,,False,completed_normally,2001,20.0,0,
traj_02592,gradual_approach_v3,20260823,43.695087960581496,693.4485300983079,0.0747492012608241,0.3301716980173761,0.023359125394007533,0.0747492012608241,-0.03894813605173708,43.69508796057294,84.1536051400547,0.6797387787334849,False,,False,completed_normally,2001,20.0,0,
traj_02593,gradual_approach_v3,20260823,70.08172153762399,1818.022342824081,0.007004413830694918,0.573968992834797,0.002188879322092162,0.10214795929149342,0.007004413830520553,28.387992117652463,70.08172153762399,0.661864426442906,False,,False,completed_normally,2001,20.0,0,
traj_02594,gradual_approach_v3,20260823,64.78842853194672,1509.2162949235299,0.014419628678048808,0.505993545029601,0.004506133961890253,0.16691264018633814,0.014419628677964088,21.089191778757534,64.78842853194672,0.7802168908818001,False,,False,completed_normally,2001,20.0,0,
traj_02595,normal,20260823,32.91634769555549,1001.0072777732422,0.1550983421200098,0.3378185382272352,0.04846823191250307,0.1568625304253379,0.15388316012922196,32.59306566518951,33.12787995297692,0.010705717401428673,False,,False,completed_normally,2001,20.0,0,
traj_02596,gradual_approach_v3,20260823,58.74484772103749,905.11217603178,0.025420670141412575,0.43860380698865725,0.00794395941919143,0.025420670141412575,-0.0712055153744825,58.744847721037075,80.48188974114306,0.7861507546900749,False,,True,validity_envelope_gamma_exceeded,824,8.23,0,
traj_02597,gradual_approach_v3,20260823,57.07529759534753,1350.5633717605447,0.0290825010603581,0.422078369910525,0.009088281581361907,0.1427981770520639,0.027966241636851574,24.52517036913951,57.07529759534753,0.6078609420432699,False,,False,completed_normally,2001,20.0,0,
traj_02598,gradual_approach_v3,20260823,59.38055380530842,1746.5405506663853,0.024105701399425597,0.4451439576148118,0.007533031687320499,0.024105701399436453,-0.08377144949204351,59.38055380530842,77.94990929014152,0.7860354245080281,False,,True,validity_envelope_gamma_exceeded,1016,10.15,0,
traj_02599,normal,20260823,74.62175198337553,788.5227519660474,0.001849347651134981,0.638415246169611,0.0005779211409796816,0.0378243196982722,-0.031754155632300995,68.00984457288398,80.41526208895387,0.20017428195973597,False,,False,completed_normally,2001,20.0,0,
traj_02600,gradual_approach_v3,20260823,66.65250932065582,832.8217791136242,0.01160832792754734,0.5290203931332651,0.0036276024773585435,0.14313308108054978,0.01160832792754734,44.64753823381542,66.65250932065919,0.7863614280230947,False,,True,validity_envelope_gamma_exceeded,840,8.39,0,
traj_02601,gradual_approach_v3,20260823,46.321527682471995,742.379480972342,0.06269138429521856,0.34154708452359434,0.019591057592255802,0.19458557109923347,0.046084351298644244,22.36413698523753,52.407543542968185,0.5083148352238668,False,,False,completed_normally,2001,20.0,0,
traj_02602,gradual_approach_v3,20260823,45.0156649263422,1329.5494190550714,0.06843310058579385,0.33540362396763995,0.021385343933060578,0.21979248346903002,0.0684331005856863,23.47814324537939,45.0156649263422,0.44848909791609026,False,,False,completed_normally,2001,20.0,0,
traj_02603,gradual_approach_v3,20260823,37.61586068172529,1324.479457514144,0.11233290031291901,0.3213513564763277,0.03510403134778719,0.11233290031291901,-0.029578761238601314,37.61586068172436,65.62302081533853,0.5181367200825333,False,,False,completed_normally,2001,20.0,0,
traj_02604,gradual_approach_v3,20260823,68.31467298869391,1867.5605094491784,0.009291110171420189,0.5503957320123379,0.002903471928568809,0.009291110171420189,-0.08870819231247462,68.31467298868495,88.89986481056471,0.7860555590597618,False,,True,validity_envelope_gamma_exceeded,846,8.45,0,
traj_02605,gradual_approach_v3,20260823,52.96349575686236,1582.0816765440354,0.03959525286120291,0.38564390783031066,0.01237351651912591,0.2616725035825983,0.02171446964413193,16.068097324805684,60.04838405214164,0.728035014275542,False,,False,completed_normally,2001,20.0,0,
traj_02606,gradual_approach_v3,20260823,71.07441448324849,1304.7782467631662,0.0057932144903897085,0.5875884113289411,0.0018103795282467838,0.005793214490442014,-0.07509033909007712,71.07441448324849,90.34876080552164,0.7862648563931669,False,,True,validity_envelope_gamma_exceeded,919,9.18,0,
traj_02607,normal,20260823,64.39978139259907,593.4869624962492,0.015036360262154637,0.5013211363704744,0.004698862581923324,0.058023217836138105,0.015036360262154637,51.48027827084643,64.39978139260538,0.20378461730561234,False,,False,completed_normally,2001,20.0,0,
traj_02608,normal,20260823,55.970257600336566,1589.0112406364542,0.03168546395632725,0.41167469332348716,0.009901707486352265,0.061918336177217925,-0.0021146994587303188,52.60223566695127,59.47734373067425,0.10872863096888129,False,,False,completed_normally,2001,20.0,0,
traj_02609,gradual_approach_v3,20260823,44.4180676065296,1636.4649322851467,0.07122446001202151,0.33290952823934317,0.02225764375375672,0.21775042178319198,0.07122446001192302,21.607628333569068,44.4180676065296,0.5086598323026537,False,,False,completed_normally,2001,20.0,0,
traj_02610,normal,20260823,56.79600679302255,1114.1370548197856,0.029726292797904758,0.4194080275528774,0.009289466499345237,0.030007822072984153,0.02908482768580197,56.58956453551268,57.248585116513595,0.006823760272231801,False,,False,completed_normally,2001,20.0,0,
traj_02611,gradual_approach_v3,20260823,55.66392360367952,784.5387386412551,0.03243415705308869,0.40886811622978947,0.010135674079090216,0.16059791937481904,0.0235147027331295,22.787357337332853,58.46470721743366,0.6144519555016237,False,,False,completed_normally,2001,20.0,0,
traj_02612,stall,20260823,47.55952727319983,605.8270760481098,0.057664662137224,0.3482028501296121,0.0180202069178825,0.057664662137224,-0.20480176571262731,47.5595272731993,52.0264802965909,0.7874525265826007,False,,True,validity_envelope_gamma_exceeded,286,2.85,0,
traj_02613,gradual_approach_v3,20260823,72.81786923068621,607.6031602187563,0.0037835334844962378,0.6121516483327671,0.0011823542139050743,0.0037835334844986317,-0.08431749378508119,72.81786923068621,91.2847111988303,0.7874884701636765,False,,True,validity_envelope_gamma_exceeded,759,7.58,0,
traj_02614,gradual_approach_v3,20260823,64.60806019594631,715.5582147147728,0.01470448184271109,0.5038195360428663,0.0045951505758472155,0.1605296127375117,0.01470448184271109,21.692543972473054,64.60806019595186,0.759642194393106,False,,False,completed_normally,2001,20.0,0,
traj_02615,gradual_approach_v3,20260823,48.96039487764179,1555.1567881235862,0.05241680146985901,0.35664901662474896,0.01638025045933094,0.24205848362537877,0.0462041008201044,17.543742386384405,48.96039487766056,0.6607473646770387,False,,False,completed_normally,2001,20.0,0,
traj_02616,gradual_approach_v3,20260823,62.887373557174335,763.1994128781896,0.01754479650144405,0.4835698838750734,0.005482748906701266,0.1781531158047224,0.017544796501432328,20.30526019984864,62.887373557174335,0.7744807898218646,False,,False,completed_normally,2001,20.0,0,
traj_02617,gradual_approach_v3,20260823,64.64390623053727,1270.7599326515854,0.014647683058563236,0.5042508260391354,0.004577400955801012,0.014647683058563236,-0.08067534568502704,64.64390623053134,85.51117666881876,0.7854335716470553,False,,True,validity_envelope_gamma_exceeded,892,8.91,0,
traj_02618,gradual_approach_v3,20260823,47.40856176731853,1249.765080778321,0.0582572908600502,0.3473496122622906,0.01820540339376569,0.05825729086008241,-0.05330054888591956,47.40856176731853,89.3630626021917,0.6608981938546584,False,,False,completed_normally,2001,20.0,0,
traj_02619,gradual_approach_v3,20260823,73.04774781653605,779.6549494118541,0.0035291342656305147,0.6154508895306354,0.0011028544580095358,0.003529134265820631,-0.06632139686643851,73.04774781653605,96.23492872271655,0.7854636585470718,False,,True,validity_envelope_gamma_exceeded,790,7.890000000000001,0,
traj_02620,gradual_approach_v3,20260823,48.03710500037843,1359.2036040870537,0.05582543919442016,0.3509760986662373,0.0174454497482563,0.2352469282526154,0.026367449360467254,18.424715412655434,64.37595171161941,0.6290546852492757,False,,False,completed_normally,2001,20.0,0,
traj_02621,gradual_approach_v3,20260823,30.57789653286997,624.3670856923662,0.18306460412613793,0.35703505042497063,0.0572076887894181,0.390725655059619,0.15319798301877258,24.542241084844786,36.00793470871441,0.1916808007571546,True,4.8500000000000005,False,completed_normally,2001,20.0,0,
traj_02622,gradual_approach_v3,20260823,59.485893836419116,1546.3273572537114,0.023891806904720626,0.4462406384066912,0.007466189657725196,0.21390221922378497,0.017053076223442654,18.033825641653248,59.48589383641938,0.7655255219163609,False,,False,completed_normally,2001,20.0,0,
traj_02623,gradual_approach_v3,20260823,50.178171105859775,895.2139414921813,0.04819803351504484,0.36473522511600576,0.015061885473451513,0.04819803351504484,-0.08032845002744116,50.17817110585924,70.86371456759507,0.7865100001268445,False,,True,validity_envelope_gamma_exceeded,718,7.17,0,
traj_02624,gradual_approach_v3,20260823,67.1486556874649,1226.5593383068865,0.010898804170192868,0.5353186228885517,0.003405876303185271,0.1233015776858607,0.01089880417001075,46.92419711932344,67.1486556874649,0.7871337130273203,False,,True,validity_envelope_gamma_exceeded,889,8.88,0,
traj_02625,gradual_approach_v3,20260823,66.5916455314195,1567.3983112577102,0.011696448947615637,0.5282526274722816,0.0036551402961298865,0.011696448947615637,-0.05306906563789471,66.591645531418,115.01425670664061,0.6315774279257456,False,,False,completed_normally,2001,20.0,0,
traj_02626,gradual_approach_v3,20260823,36.68718715914105,1876.5172359048456,0.11963498666055225,0.3226824552970373,0.03738593333142258,0.11963498666062687,-0.00092963054761111,36.68718715914105,60.87960637000292,0.5174570799042019,False,,False,completed_normally,2001,20.0,0,
traj_02627,gradual_approach_v3,20260823,45.66967611902443,1733.4833425003692,0.06549818435304766,0.3383641722674868,0.020468182610327394,0.06549818435317475,-0.05991543602297622,45.66967611902443,81.34088414155231,0.616760496293114,False,,False,completed_normally,2001,20.0,0,
traj_02628,gradual_approach_v3,20260823,50.693265480230664,532.8773486237947,0.046502152209594055,0.36835457334260885,0.014531922565498142,0.1634743888154031,0.032038870297418975,24.787562647512846,57.4883184905745,0.4893798177723334,False,,False,completed_normally,2001,20.0,0,
traj_02629,gradual_approach_v3,20260823,48.88752085555506,1415.6227950024434,0.05267903432835086,0.3561866357199065,0.016462198227609644,0.05267903432848335,-0.04879413500634744,48.88752085555506,84.59473616053232,0.5812661389459668,False,,False,completed_normally,2001,20.0,0,
traj_02630,gradual_approach_v3,20260823,48.522480683273294,801.34531143011,0.05400994377128293,0.353907930027341,0.016878107428525916,0.1749254871244274,0.0317148403976803,23.37329314358214,60.226826260510165,0.5039010830765425,False,,False,completed_normally,2001,20.0,0,
traj_02631,gradual_approach_v3,20260823,34.76153807140992,1911.7954724122822,0.1364747394038594,0.3282900510432084,0.04264835606370606,0.1364747394038594,-0.008204675340306,31.647666493475793,60.80707312614029,0.6203859889985581,False,,False,completed_normally,2001,20.0,0,
traj_02632,gradual_approach_v3,20260823,72.24443022326092,1386.5233779718485,0.004428656309722683,0.6039827877510746,0.0013839550967883383,0.1129775072470447,0.004428656309580742,51.56117275721993,72.24443022326092,0.7867113487384108,False,,True,validity_envelope_gamma_exceeded,981,9.8,0,
traj_02633,gradual_approach_v3,20260823,62.250004252050324,1963.0503978234865,0.018656382964487073,0.47629778490893204,0.00583011967640221,0.018656382964581105,-0.08804558858333855,62.250004252050324,81.31756416712497,0.7870908571688429,False,,True,validity_envelope_gamma_exceeded,1238,12.370000000000001,0,
traj_02634,gradual_approach_v3,20260823,61.784455877836386,1738.694633944924,0.019489857907920582,0.47106563528757456,0.006090580596225182,0.019489857907931854,-0.07974856227106109,61.784455877836386,80.40594363019449,0.7855416756388489,False,,True,validity_envelope_gamma_exceeded,707,7.0600000000000005,0,
traj_02635,gradual_approach_v3,20260823,58.50009869515606,1399.8782845862354,0.02593823208123819,0.43612183688168277,0.008105697525386934,0.16629899818534102,0.02011820325562763,21.830573729690688,58.50009869515606,0.6914723143233633,False,,False,completed_normally,2001,20.0,0,
traj_02636,normal,20260823,32.401073035638255,990.3230984970377,0.1608000640815471,0.34131108776731023,0.05025002002548346,0.16857267068156356,0.1349588273749394,30.967126307028373,34.72604637128143,0.06532854712892514,False,,False,completed_normally,2001,20.0,0,
traj_02637,gradual_approach_v3,20260823,48.81616103075739,1925.1782749044958,0.05293692599111028,0.3557362630965835,0.01654278937222196,0.23554043147990603,0.033854920860959425,17.94036241345076,55.94554102492256,0.6485441744402058,False,,False,completed_normally,2001,20.0,0,
traj_02638,gradual_approach_v3,20260823,36.00191823009967,670.1952545443552,0.1253522224685397,0.32421696068988376,0.03917256952141865,0.45463496518235447,0.1036086449448908,23.18710301271972,41.31150082971577,0.34817347473350274,True,11.18,False,completed_normally,2001,20.0,0,
traj_02639,normal,20260823,32.8944663394976,875.1732641874299,0.15533571123108827,0.33795900322101924,0.048542409759715084,0.2090679912422338,0.08653852328480593,25.221347433558563,39.26607874482699,0.2638388670392689,False,,False,completed_normally,2001,20.0,0,
traj_02640,gradual_approach_v3,20260823,50.709848310886436,715.1120420734453,0.0464483918785283,0.36847301318431647,0.014515122462040094,0.19856749809232604,0.03278474667315556,20.173076812634346,55.31944210653633,0.6090349299165486,False,,False,completed_normally,2001,20.0,0,
traj_02641,gradual_approach_v3,20260823,48.16526403278368,1694.132189846995,0.055340892141624944,0.35173922799449997,0.017294028794257794,0.2803014149964848,0.055340892141459916,15.80254707803056,48.16526403278368,0.7058247043437169,False,,False,completed_normally,2001,20.0,0,
traj_02642,gradual_approach_v3,20260823,44.441018841040346,814.0442389203229,0.07111525681196285,0.3330015089757967,0.02222351775373839,0.07111525681196285,-0.05592652789710495,44.441018841033106,78.42387725710985,0.5788669757562293,False,,False,completed_normally,2001,20.0,0,
traj_02643,gradual_approach_v3,20260823,48.83100923734675,1383.1375269502184,0.05288317454679817,0.355829778351739,0.01652599204587443,0.1830480535441233,0.05288317454672551,22.798639691911692,48.83100923734675,0.5209030120573952,False,,False,completed_normally,2001,20.0,0,
traj_02644,normal,20260823,73.17020468388499,1675.016539370475,0.0033945837798911313,0.6172141160192985,0.0010608074312159785,0.0034220644288958406,0.00306423515801393,73.12683631469697,73.62411859881946,0.004502956716896227,False,,False,completed_normally,2001,20.0,0,
traj_02645,gradual_approach_v3,20260823,61.45800142491565,1944.8908035922307,0.020085494077916783,0.46743716025239945,0.0062767168993489945,0.020085494077916783,-0.08298361355135364,61.45800142489885,82.26773262711997,0.7864143910068756,False,,True,validity_envelope_gamma_exceeded,1003,10.02,0,
traj_02646,gradual_approach_v3,20260823,49.93782822308443,1443.2943577123215,0.04900689808984225,0.363086378747421,0.015314655653075705,0.04900689808988938,-0.07708404807387292,49.93782822308443,71.05645030768044,0.7854185843718712,False,,True,validity_envelope_gamma_exceeded,1157,11.56,0,
traj_02647,gradual_approach_v3,20260823,37.66259358370399,865.5608553811517,0.11197835320278901,0.32130610089147565,0.03499323537587156,0.2864088219605129,0.07053115533598481,20.524567818874097,51.81544852840759,0.4547537688292825,True,8.52,False,completed_normally,2001,20.0,0,
traj_02648,gradual_approach_v3,20260823,59.76082700992581,1870.7912332869219,0.02333879371062916,0.44912012433135157,0.007293373034571612,0.023338793710650785,-0.07973022997824214,59.76082700992581,80.68160586902486,0.7870730190338289,False,,True,validity_envelope_gamma_exceeded,1166,11.65,0,
traj_02649,gradual_approach_v3,20260823,46.20774295989063,1242.8854167181344,0.06317308347150663,0.3409751377663428,0.019741588584845822,0.2639278590582991,0.02585244044877444,16.806088055557236,68.09532825419774,0.660987217531119,False,,False,completed_normally,2001,20.0,0,
traj_02650,normal,20260823,69.92846981614814,1349.1501363180853,0.0071959621495765805,0.5718903960794796,0.0022487381717426814,0.0071959621495765805,-0.025402314448799146,69.92846981614724,87.69212695692852,0.2365278249615083,False,,False,completed_normally,2001,20.0,0,
traj_02651,gradual_approach_v3,20260823,36.18858835812153,1606.9035098316867,0.12376594898875698,0.3237505713789691,0.03867685905898656,0.12376594898877018,-0.0218879684975285,36.18858835812153,65.57200630216671,0.574323372901779,False,,False,completed_normally,2001,20.0,0,
traj_02652,normal,20260823,51.36047946806551,1572.7858236670786,0.0443790704178485,0.3732130662996059,0.013868459505577656,0.05955831847373473,0.01102222336399667,49.606513027364606,59.282875295686836,0.15362143801980474,False,,False,completed_normally,2001,20.0,0,
traj_02653,gradual_approach_v3,20260823,33.22355062184791,1573.1685823970424,0.1518089428171949,0.33591793926558705,0.04744029463037341,0.5164160902730787,0.11080133152971541,22.6763448244596,43.19330771065784,0.31997746976418584,True,6.32,False,completed_normally,2001,20.0,0,
traj_02654,gradual_approach_v3,20260823,43.360084021692785,1535.9735943441071,0.07643985502745007,0.32901021653908247,0.02388745469607815,0.28529780775922825,0.06246203082697144,19.70554823435847,46.51756089478205,0.5501359993775745,True,10.89,False,completed_normally,2001,20.0,0,
traj_02655,gradual_approach_v3,20260823,33.044123296505575,1280.9776278828638,0.153720446842907,0.3370118945656543,0.04803763963840844,0.153720446842973,-0.006994543873032111,33.044123296505575,57.198820588874305,0.502611821274032,False,,False,completed_normally,2001,20.0,0,
traj_02656,gradual_approach_v3,20260823,50.25294277522578,1864.961562846062,0.047948697548932474,0.36525340218962465,0.014983967984041398,0.14430354202672685,0.0479486975488088,28.696553921639108,50.25294277522578,0.39958622623755,False,,False,completed_normally,2001,20.0,0,
traj_02657,gradual_approach_v3,20260823,45.45434030888938,975.9931563155271,0.06645106418626842,0.33736324164545056,0.020765957558208883,0.06645106418626842,-0.03601339102687667,45.454340308885435,83.49778223541709,0.6086468752642601,False,,False,completed_normally,2001,20.0,0,
traj_02658,gradual_approach_v3,20260823,56.734532563463134,554.9072036098063,0.02986925397818935,0.41882395063953326,0.009334141868184173,0.029869253978236948,-0.04364773550309564,56.734532563463134,100.30269034747825,0.6162656809351218,False,,False,completed_normally,2001,20.0,0,
traj_02659,gradual_approach_v3,20260823,51.0791394504077,1455.5862939136352,0.04526439223141262,0.37114126039976925,0.014145122572316444,0.25608326409828697,0.04526439223141262,16.537542694904428,51.07913945041311,0.7035742747409983,False,,False,completed_normally,2001,20.0,0,
traj_02660,gradual_approach_v3,20260823,64.52598659096928,1531.7949727130074,0.01483488160128035,0.5028334852803286,0.0046359005004001095,0.01483488160128035,-0.08589179725695756,64.52598659094997,84.03708102831203,0.7866954513162338,False,,True,validity_envelope_gamma_exceeded,1115,11.14,0,
traj_02661,normal,20260823,52.06441908397116,936.2014009985854,0.04222506393210628,0.378542284816887,0.013195332478783213,0.061329341163041964,0.04222506393210628,47.601230556345485,52.06441908400357,0.08470715337474234,False,,False,completed_normally,2001,20.0,0,
traj_02662,gradual_approach_v3,20260823,31.857685427851866,1182.5881182858243,0.16707755392420584,0.3454276711178191,0.05221173560131433,0.2435808937869104,0.027708148326838378,21.103694873901947,49.52405441131141,0.4805360472564029,False,,False,completed_normally,2001,20.0,0,
traj_02663,gradual_approach_v3,20260823,30.761828193130516,1884.6537821322602,0.1806532958671994,0.35519151442085234,0.05645415495849981,0.4763678305416046,0.15757055462768677,25.977747337870415,34.906992757918964,0.1482822820488601,True,6.83,False,completed_normally,2001,20.0,0,
traj_02664,gradual_approach_v3,20260823,70.68071109045997,1683.2083754535024,0.0062675354911784446,0.5821548474434319,0.001958604840993264,0.09237649468137286,0.0062675354911784446,30.03775405427785,70.68071109045997,0.6365222581513822,False,,False,completed_normally,2001,20.0,0,
traj_02665,gradual_approach_v3,20260823,63.58854963560258,608.2930240093781,0.016359859400115286,0.49171370518387136,0.005112456062536027,0.01635985940025835,-0.05923451503104915,63.58854963560258,114.24502778317243,0.7049353260098618,False,,False,completed_normally,2001,20.0,0,
traj_02666,gradual_approach_v3,20260823,55.55567084304204,1626.141389969041,0.03270164594573813,0.40788448518370446,0.010219264358043165,0.03270164594573813,-0.06513914815836974,55.55567084303043,106.99866142323093,0.7529003506278826,False,,False,completed_normally,2001,20.0,0,
traj_02667,gradual_approach_v3,20260823,74.25538600687057,1028.5409806051039,0.002230903339530916,0.6330120416138009,0.0006971572936034112,0.002230903339663309,-0.07887489302281214,74.25538600687057,92.09307066484648,0.7854161771368972,False,,True,validity_envelope_gamma_exceeded,1023,10.22,0,
traj_02668,normal,20260823,33.86677752159037,1921.0792810999387,0.14517332989017148,0.33235681112673304,0.04536666559067858,0.14783709030278214,0.1429226476608505,33.3482767546311,34.29017487445731,0.01663602654149345,False,,False,completed_normally,2001,20.0,0,
traj_02669,gradual_approach_v3,20260823,57.388117546662166,1136.8567069487246,0.02837237372498249,0.42510170230088234,0.008866366789057029,0.1711111599313541,0.02837237372498249,21.526887017006878,57.388117546679815,0.6779771685645641,False,,False,completed_normally,2001,20.0,0,
traj_02670,gradual_approach_v3,20260823,36.205880616704086,565.7439201279076,0.12362011385062915,0.3237092262210891,0.03863128557832161,0.12362011385076493,-0.024843496358841533,35.10355247361038,62.88577054448355,0.5987266583420919,False,,False,completed_normally,2001,20.0,0,
traj_02671,normal,20260823,38.09714654284122,939.9603659589318,0.10873837073903891,0.3209812180842632,0.03398074085594966,0.10957666282205063,0.10801212646838637,37.88995602868999,38.287175941896244,0.005318605321444371,False,,False,completed_normally,2001,20.0,0,
traj_02672,gradual_approach_v3,20260823,37.42737264654916,1188.0731437636,0.11377518153582566,0.3215545922081908,0.03555474422994552,0.24880087902776132,0.07964114097518218,23.261184119795857,48.19676217381433,0.3696634166083676,False,,False,completed_normally,2001,20.0,0,
traj_02673,gradual_approach_v3,20260823,66.9042009670442,522.188686367568,0.011246440533206756,0.5322066402070622,0.0035145126666271116,0.011246440533221144,-0.08161501447677993,66.9042009670442,88.02658819552491,0.787767123662774,False,,True,validity_envelope_gamma_exceeded,943,9.42,0,
traj_02674,gradual_approach_v3,20260823,48.130322912832106,1832.7579568893282,0.055472625969365544,0.3515303824660418,0.017335195615426735,0.22982027487171186,0.04930545763145289,19.062549148446152,48.130322912832106,0.6122114692801179,False,,False,completed_normally,2001,20.0,0,
traj_02675,normal,20260823,73.78630740729635,1000.4674294995917,0.0027276744265817094,0.6261452760514031,0.0008523982583067841,0.020288549522351755,0.0027276744265140847,67.07703737634425,73.78630740729635,0.09361311751386572,False,,False,completed_normally,2001,20.0,0,
traj_02676,normal,20260823,73.32293936651416,1362.6317483011017,0.003227700292586803,0.6194188608539846,0.001008656341433376,0.0036753122113054653,0.0031415200972696763,72.71481047742824,73.4478489214674,0.00603968260058276,False,,False,completed_normally,2001,20.0,0,
traj_02677,gradual_approach_v3,20260823,43.53075943653035,763.9831388282972,0.0755738569367842,0.3295933335345016,0.023616830292745063,0.34933587111788666,0.03497714334787899,16.596181728767988,64.10697214158846,0.644270113332604,True,7.73,False,completed_normally,2001,20.0,0,
traj_02678,gradual_approach_v3,20260823,48.28090807294482,574.0180973158004,0.05490687366820579,0.3524346319436759,0.01715839802131431,0.20874009373012936,0.05475038872622173,20.644564116641007,48.28090807294482,0.571101417271708,False,,False,completed_normally,2001,20.0,0,
traj_02679,gradual_approach_v3,20260823,49.69676646911701,985.9790970265472,0.0498296979676112,0.36145847962089817,0.0155717806148785,0.04982969796763483,-0.070430960858067,49.69676646911701,99.21084963335542,0.7803751512969227,False,,False,completed_normally,2001,20.0,0,
traj_02680,gradual_approach_v3,20260823,67.63248661964562,712.560936824052,0.01022171379071446,0.5415280995935874,0.0031942855595982686,0.010221713790739372,-0.0773146099114912,67.63248661964562,87.01118409989041,0.7856145281819975,False,,True,validity_envelope_gamma_exceeded,1139,11.38,0,
traj_02681,gradual_approach_v3,20260823,30.650572889202422,816.9289974400364,0.18210691767875092,0.3562992644332044,0.05690841177460966,0.4541565259419878,0.16052096335788377,25.773717624297568,34.4966362192212,0.1497295976446637,True,7.04,False,completed_normally,2001,20.0,0,
traj_02682,stall,20260823,43.352520257042606,1213.725262211664,0.07647845912017615,0.32898479222876914,0.023899518475055045,0.8725738891988071,-0.3094450651390237,38.29699784703005,43.352520257042606,0.7862701435934456,True,6.86,True,validity_envelope_gamma_exceeded,1340,13.39,0,
traj_02683,gradual_approach_v3,20260823,73.01354119774578,1918.9139610243546,0.003566838945735597,0.6149590658725845,0.0011146371705423742,0.0035668389457361982,-0.0805324989171281,73.01354119774578,92.90479339754393,0.7860304806004254,False,,True,validity_envelope_gamma_exceeded,1200,11.99,0,
traj_02684,normal,20260823,65.7262808049619,1572.5129705762288,0.0129756600372157,0.5174521772187547,0.004054893761629905,0.013216967609707347,0.012426007039741836,65.47117262091386,66.29585455014778,0.006726477104942562,False,,False,completed_normally,2001,20.0,0,
traj_02685,gradual_approach_v3,20260823,54.16747263543966,1853.6721647840068,0.03627260664536349,0.39565542300609935,0.011335189576676091,0.14395053747738357,0.03627260664536349,25.653475837951834,54.167472635462914,0.5101016113952264,False,,False,completed_normally,2001,20.0,0,
traj_02686,gradual_approach_v3,20260823,53.40838607396073,823.0805800847152,0.03834179579399705,0.38927747047679695,0.011981811185624077,0.24675515391649633,0.03834179579399705,16.74566680030827,53.40838607397239,0.7739841423025611,False,,False,completed_normally,2001,20.0,0,
traj_02687,gradual_approach_v3,20260823,62.84295952879052,1336.923193950698,0.01762117471439672,0.48305908783699625,0.005506617098248975,0.12846647715972492,0.017621174714271482,39.340432542636904,62.84295952879052,0.785691790233543,False,,True,validity_envelope_gamma_exceeded,1232,12.31,0,
traj_02688,gradual_approach_v3,20260823,69.49810416050356,733.9447692161046,0.007740595817911103,0.5660877251613281,0.0024189361930972196,0.09920583748720657,0.007740595817772669,47.50019336587625,69.49810416050356,0.7865101430534747,False,,True,validity_envelope_gamma_exceeded,902,9.01,0,
traj_02689,gradual_approach_v3,20260823,55.26946712551387,849.7547471891546,0.03341629812518226,0.4053045878977123,0.010442593164119456,0.03341629812522221,-0.05384559854222448,55.26946712551387,103.04975927244605,0.702575368630218,False,,False,completed_normally,2001,20.0,0,
traj_02690,gradual_approach_v3,20260823,73.0437840841706,1884.1479088750737,0.0035335006523092016,0.6153938830146468,0.0011042189538466255,0.003533500652478236,-0.08187901113855611,73.0437840841706,91.91877188664995,0.7869383100068533,False,,True,validity_envelope_gamma_exceeded,754,7.53,0,
traj_02691,gradual_approach_v3,20260823,68.32318579021693,524.3216669575501,0.009279671369002845,0.5505072152744865,0.002899897302813389,0.11671193899030696,0.009279671368923059,46.88180537809003,68.32318579021693,0.7861455901906806,False,,True,validity_envelope_gamma_exceeded,916,9.15,0,
traj_02692,gradual_approach_v3,20260823,40.58753495422256,880.3944450131863,0.09198840473461722,0.3222167531960643,0.028746376479567883,0.0919884047347564,-0.0044563593822412595,40.58753495422256,65.14135830385862,0.42551418776498706,False,,False,completed_normally,2001,20.0,0,
traj_02693,gradual_approach_v3,20260823,34.89133868995033,1973.990182544329,0.1352614992831567,0.327781351600023,0.04226921852598647,0.13526149928320097,-0.03392099059005227,34.89133868995033,64.4366582902334,0.5496948205079576,False,,False,completed_normally,2001,20.0,0,
traj_02694,gradual_approach_v3,20260823,55.14253568394572,1022.7611814138712,0.0337367508260244,0.4041700553638008,0.010542734633132624,0.13620353003377111,0.02676793715899506,26.40086065967623,57.44563595875321,0.5223099268682332,False,,False,completed_normally,2001,20.0,0,
traj_02695,gradual_approach_v3,20260823,61.959889478690734,1880.7746847723593,0.019173599884531697,0.4730293436405151,0.0059917499639161554,0.019173599884615457,-0.06743273543014361,61.959889478690734,112.55059599366268,0.7019502130627011,False,,False,completed_normally,2001,20.0,0,
traj_02696,gradual_approach_v3,20260823,74.18476823556108,1729.4132122087442,0.0023050935417236688,0.6319745939801785,0.0007203417317886465,0.08831472483584502,0.0023050935417236688,58.65117757405779,74.18476823556996,0.7855141144085579,False,,True,validity_envelope_gamma_exceeded,848,8.47,0,
traj_02697,gradual_approach_v3,20260823,36.43838923470726,825.0753338538098,0.1216772817946046,0.32318353552595624,0.03802415056081394,0.12167728179474514,-0.02873269876597928,36.43838923470726,69.40611328602034,0.6031767145854576,False,,False,completed_normally,2001,20.0,0,
traj_02698,gradual_approach_v3,20260823,63.737715682309855,1487.1329571437252,0.016112749162317027,0.4934654378896278,0.005035234113224071,0.016112749162317027,-0.06520791892627964,63.73771568230606,115.59913211169288,0.6978731507956175,False,,False,completed_normally,2001,20.0,0,
traj_02699,gradual_approach_v3,20260823,58.80458789888134,1594.2401085331735,0.0252953053328579,0.43921267888485743,0.007904782916518095,0.025295305332987003,-0.06196652206402664,58.80458789888134,105.94456164642172,0.657831313297189,False,,False,completed_normally,2001,20.0,0,
traj_02700,normal,20260823,35.52437013149818,1068.936656508458,0.12951218917186083,0.3255806678292638,0.040472559116206515,0.13244056538462642,0.1275222323377834,34.88915395843709,35.94614854491742,0.01930919954287142,False,,False,completed_normally,2001,20.0,0,
traj_02701,gradual_approach_v3,20260823,54.51083849324544,1967.57927054051,0.03536436333440256,0.3986130078558029,0.011051363542000798,0.14455195772364549,0.03536436333440256,26.814490363757233,54.51083849325281,0.5066674308071936,False,,False,completed_normally,2001,20.0,0,
traj_02702,stall,20260823,34.62497634237418,1304.0165327085415,0.13776415811016693,0.32884694553260874,0.04305129940942717,0.13776415811016693,-0.2035801587968713,34.624976342373174,40.37784357966066,0.7904078945999269,False,,True,validity_envelope_gamma_exceeded,431,4.3,0,
traj_02703,gradual_approach_v3,20260823,71.39583506607714,1897.5280924699996,0.005411724414239002,0.5920554966190484,0.001691163879449688,0.11518980276358581,0.005411724414200984,49.61075622065066,71.39583506607714,0.7861959741156712,False,,True,validity_envelope_gamma_exceeded,1162,11.61,0,
traj_02704,normal,20260823,38.488962773889405,1958.4334814329848,0.1059027980674851,0.32083340659852055,0.03309462439608909,0.10632465945575316,0.061511074593908234,38.34067569356005,45.706699894851454,0.13895268305592623,False,,False,completed_normally,2001,20.0,0,
traj_02705,gradual_approach_v3,20260823,68.73732513349938,753.8269942625428,0.00872825332376062,0.5559552499105301,0.002727579163675194,0.14975037599669688,0.00872825332362906,22.360513786175094,68.73732513349938,0.7742564037343141,False,,False,completed_normally,2001,20.0,0,
traj_02706,gradual_approach_v3,20260823,61.28728031710013,1590.2105360199446,0.020400731792830775,0.4655529942974794,0.0063752286852596166,0.12585579806311886,0.020400731792747828,27.0327480765512,61.28728031710013,0.5991362242060359,False,,False,completed_normally,2001,20.0,0,
traj_02707,gradual_approach_v3,20260823,59.40686215461953,1851.2494403127664,0.024052176832505483,0.4454175073895874,0.007516305260157964,0.024052176832505483,-0.07630531482372727,59.40686215457652,81.67074890587952,0.7859451488438397,False,,True,validity_envelope_gamma_exceeded,1310,13.09,0,
traj_02708,gradual_approach_v3,20260823,48.091669450484815,1934.6669002461858,0.055618680792044115,0.35130003467705917,0.017380837747513787,0.16646468779911744,0.041259639170678764,25.470621137508633,54.139595778691806,0.44908008763290413,False,,False,completed_normally,2001,20.0,0,
traj_02709,gradual_approach_v3,20260823,66.26578411012564,889.169403304912,0.01217233506459824,0.5241601890756383,0.0038038547076869496,0.01217233506459824,-0.08707225912802319,66.2657841101033,86.0928508386875,0.7868284045188884,False,,True,validity_envelope_gamma_exceeded,1050,10.49,0,
traj_02710,normal,20260823,74.71301897287341,537.8151457173057,0.0017551609902200672,0.6397667077814677,0.000548487809443771,0.03931939643941837,0.0017551609901721498,51.965615888753284,74.71301897287341,0.3150167581849801,False,,False,completed_normally,2001,20.0,0,
traj_02711,stall,20260823,48.00664770373732,1920.21476037753,0.055941147211261505,0.3507959085359436,0.01748160850351922,0.9947052942635423,0.040502368290614765,43.34422655647424,53.40312138116499,0.2518478221186941,True,5.7700000000000005,False,completed_normally,2001,20.0,0,
traj_02712,gradual_approach_v3,20260823,37.994649821206856,1839.1123020588182,0.10949342998322181,0.32104239317128314,0.03421669686975682,0.39397493478285883,0.06376929369095505,18.402125805168616,54.572144102519445,0.5257586789146446,True,8.88,False,completed_normally,2001,20.0,0,
traj_02713,gradual_approach_v3,20260823,30.369620045362208,1873.9494961518308,0.1858457200731781,0.3591977097277705,0.05807678752286815,0.26616155275662945,-0.0031580730683780645,18.385297517472598,53.624056049436255,0.6664798797553241,False,,False,completed_normally,2001,20.0,0,
traj_02714,stall,20260823,41.20116195181253,1213.3269227377505,0.08829048079720428,0.3232632254287341,0.02759077524912634,0.08960950188792696,-0.23223479283419068,40.78009446843468,45.06747277994666,0.7862580181657367,False,,True,validity_envelope_gamma_exceeded,796,7.95,0,
traj_02715,gradual_approach_v3,20260823,55.8296279327998,1969.5453504508098,0.03202766503507616,0.410382043375563,0.0100086453234613,0.21414748164145564,0.03202766503503611,18.380946283617778,55.8296279327998,0.7199472481599642,False,,False,completed_normally,2001,20.0,0,
traj_02716,gradual_approach_v3,20260823,66.31865343619306,1237.4445520489899,0.012094653369480159,0.524822085151029,0.0037795791779625496,0.1428956876278765,0.012094653369357153,23.315434055645728,66.31865343619306,0.7207591648759356,False,,False,completed_normally,2001,20.0,0,
traj_02717,gradual_approach_v3,20260823,62.493280151229676,884.1110284153631,0.018228140613481974,0.47905867019921433,0.005696293941713117,0.018228140613481974,-0.0793110761061172,62.493280151213234,81.9361875054829,0.7860713305425664,False,,True,validity_envelope_gamma_exceeded,1066,10.65,0,
traj_02718,gradual_approach_v3,20260823,34.023874191361124,1031.1263750286873,0.14360249456741514,0.3315700265569598,0.04487577955231723,0.45450024772950587,0.10278100337931644,22.036975520986463,44.58827542579573,0.34550128433254845,True,6.3,False,completed_normally,2001,20.0,0,
traj_02719,gradual_approach_v3,20260823,36.827076986964265,1697.0067115391062,0.11850301735588264,0.3224281243828366,0.03703219292371333,0.36111702396455214,0.0857030748268782,21.38814886894106,46.254275783592085,0.4157318552552353,True,9.620000000000001,False,completed_normally,2001,20.0,0,
traj_02720,gradual_approach_v3,20260823,42.21570288135766,1332.2563532197073,0.08250685265103752,0.32557741844336047,0.025783391453449225,0.08250685265108475,-0.02576072310212557,42.21570288135766,70.61876529839664,0.5010580115595978,False,,False,completed_normally,2001,20.0,0,
traj_02721,gradual_approach_v3,20260823,70.24939469061462,1718.6120221649157,0.006796260223997365,0.5762505598073407,0.0021238313199991765,0.006796260224139633,-0.0792033966280839,70.24939469061462,93.27075786787151,0.7866350633186543,False,,True,validity_envelope_gamma_exceeded,1108,11.07,0,
traj_02722,gradual_approach_v3,20260823,61.32975492413076,966.0120415167816,0.02032205935555293,0.4660209054963321,0.006350643548610291,0.16633187819819217,0.02032205935555293,38.74853881531571,61.32975492413554,0.7866080022316618,False,,True,validity_envelope_gamma_exceeded,1111,11.1,0,
traj_02723,gradual_approach_v3,20260823,56.494402961282255,1160.3390654274997,0.030432091467013353,0.4165552570663556,0.009510028583441672,0.16636322206359122,0.030432091467013353,22.093316000686418,56.494402961288934,0.622624100376655,False,,False,completed_normally,2001,20.0,0,
traj_02724,gradual_approach_v3,20260823,49.71544497761378,1537.8813595780193,0.04976552677778168,0.36158368402041524,0.015551727118056774,0.04976552677778168,-0.07559261742027246,49.71544497760749,68.70236654510033,0.7855609591611192,False,,True,validity_envelope_gamma_exceeded,973,9.72,0,
traj_02725,normal,20260823,32.04911571119829,517.2923171276996,0.16483387362992902,0.34392511688203553,0.051510585509352814,0.19783335047918343,0.13673397521679354,28.030532520727576,35.037611679389016,0.13984957978823362,False,,False,completed_normally,2001,20.0,0,
traj_02726,normal,20260823,68.91043804191264,1818.6543225470737,0.008500667264305248,0.5582467455080686,0.00265645852009539,0.00850066726449381,-0.0307976719284518,68.91043804191264,87.02028561320165,0.24901369210694865,False,,False,completed_normally,2001,20.0,0,
traj_02727,gradual_approach_v3,20260823,53.389813391732375,1461.6666899639654,0.03839350997718045,0.3891242236037541,0.01199797186786889,0.15367468860425698,0.03839350997718045,25.25944229897482,53.38981339174264,0.5347546063989597,False,,False,completed_normally,2001,20.0,0,
traj_02728,gradual_approach_v3,20260823,34.63719892777334,1109.145978604788,0.13764820541613745,0.32879618849739994,0.04301506419254295,0.2840949605959553,0.09847226905929332,23.317177270076826,45.16651688652069,0.31861799174672817,True,7.0,False,completed_normally,2001,20.0,0,
traj_02729,gradual_approach_v3,20260823,73.7360408469435,1905.5661417203883,0.002781466426494223,0.6254128564044117,0.0008692082582794447,0.09457166646491433,0.002781466426404689,51.503986650688304,73.7360408469435,0.7864490285587465,False,,True,validity_envelope_gamma_exceeded,760,7.59,0,
traj_02730,gradual_approach_v3,20260823,52.48803123565852,1483.461599150055,0.04096950864007015,0.38184763132562466,0.012802971450021922,0.23493187574317825,0.03621045820657598,17.49060388523209,52.48803123566333,0.685715564695496,False,,False,completed_normally,2001,20.0,0,
traj_02731,gradual_approach_v3,20260823,55.64667910894341,1473.847514340766,0.03247666492410255,0.4087111390502989,0.010148957788782045,0.22950678103484393,0.03247666492410255,17.45581120145871,55.646679108959596,0.7564807020060438,False,,False,completed_normally,2001,20.0,0,
traj_02732,gradual_approach_v3,20260823,42.670748439576805,1256.2201872060489,0.0800387923528468,0.32684122741446225,0.025012122610264625,0.0800387923528468,-0.04244897913435661,42.670748439572684,78.47513075757443,0.5989044672089244,False,,False,completed_normally,2001,20.0,0,
traj_02733,gradual_approach_v3,20260823,51.351228333845825,518.7333497616912,0.044407956027074556,0.3731444080315817,0.0138774862584608,0.1528681825194472,0.033398364120118595,24.41059854039435,55.61389086657805,0.5037336042595582,False,,False,completed_normally,2001,20.0,0,
traj_02734,gradual_approach_v3,20260823,40.93113406766401,1701.7157521928555,0.08989851953515371,0.3227689666020974,0.028093287354735534,0.08989851953515371,-0.004485565748151843,40.93113406766401,63.72718354580662,0.3967599378937552,False,,False,completed_normally,2001,20.0,0,
traj_02735,normal,20260823,67.51219016726863,1571.0067128973703,0.010388716795997226,0.539978010246242,0.003246473998749133,0.010388716796000409,-0.03245845592321846,67.51219016726863,90.02898675892168,0.28654727919421447,False,,False,completed_normally,2001,20.0,0,
traj_02736,stall,20260823,66.99619701629642,757.7969422891146,0.011115172250771996,0.5333757748521671,0.003473491328366249,0.6388241922273883,0.011115172250745715,57.33073205929854,66.99619701629642,0.7866104413156751,True,6.61,True,validity_envelope_gamma_exceeded,755,7.54,0,
traj_02737,gradual_approach_v3,20260823,61.245907543004456,1939.7930327583917,0.020477518702154703,0.46509776993171525,0.006399224594423345,0.020477518702154703,-0.06806401262694861,61.24590754299907,83.89934813138582,0.7854954317634982,False,,True,validity_envelope_gamma_exceeded,1206,12.05,0,
traj_02738,gradual_approach_v3,20260823,34.697813811120994,1890.0055421281954,0.1370747584447479,0.3285471312612204,0.04283586201398371,0.13707475844484782,0.002768208605443162,31.33719468534904,56.39391686618947,0.5233200437801948,False,,False,completed_normally,2001,20.0,0,
traj_02739,gradual_approach_v3,20260823,71.51122340818729,1637.9841983324895,0.005276012366361294,0.5936659566159457,0.0016487538644879042,0.12309462741895028,0.00527601236621947,50.13377258190435,71.51122340818729,0.7870642492771514,False,,True,validity_envelope_gamma_exceeded,1204,12.030000000000001,0,
traj_02740,gradual_approach_v3,20260823,35.187826371210704,1635.209348097298,0.13253456634004548,0.32669348566324236,0.04141705198126421,0.4489668393167711,0.09408122115216712,23.677497720586413,45.92025660074658,0.31872797358567245,True,6.38,False,completed_normally,2001,20.0,0,
traj_02741,gradual_approach_v3,20260823,74.16447241649078,1703.5020828946708,0.0023264549469427707,0.6316766689162175,0.0007270171709196159,0.002326454947040118,-0.05831373704440401,74.16447241649078,132.38583953914045,0.7580585053274289,False,,False,completed_normally,2001,20.0,0,
traj_02742,gradual_approach_v3,20260823,58.483587316178614,1623.3555637799313,0.025973378727878107,0.435955123170854,0.008116680852461908,0.21751044596352703,0.025973378727828237,17.899379755944803,58.483587316178614,0.7692198788968441,False,,False,completed_normally,2001,20.0,0,
traj_02743,gradual_approach_v3,20260823,41.25758652223942,1154.3923246554973,0.08795821495930664,0.32337310500849503,0.027486942174783327,0.08795821495930664,-0.021140552828941617,41.25758652220803,68.37340887466543,0.4715942845242105,False,,False,completed_normally,2001,20.0,0,
traj_02744,gradual_approach_v3,20260823,72.3531754522918,1399.264690612741,0.004305148926978047,0.6055251758071739,0.0013453590396806398,0.09493567460842334,0.004305148926855495,47.907172233114466,72.3531754522918,0.7856212795075108,False,,True,validity_envelope_gamma_exceeded,1048,10.47,0,
traj_02745,gradual_approach_v3,20260823,33.932450387880245,574.3310605766062,0.14451433560429747,0.33202403214164494,0.04516072987634295,0.14744663790522383,0.013489012167341607,30.55778982720763,52.965880376460625,0.47601994641781453,False,,False,completed_normally,2001,20.0,0,
traj_02746,normal,20260823,68.23585253729355,1644.1777846715931,0.009397223859853709,0.549364468080542,0.002936632456204284,0.03501254326708457,-0.016186937243780994,62.61410576215749,71.94497952372113,0.1326138433477284,False,,False,completed_normally,2001,20.0,0,
traj_02747,gradual_approach_v3,20260823,33.39160628518605,1986.410537394681,0.1500429312403879,0.3349337354197576,0.04688841601262121,0.5226745910115352,0.11550032591483986,22.029184429704664,41.40210777250517,0.33817078303741716,True,8.36,False,completed_normally,2001,20.0,0,
traj_02748,normal,20260823,35.476968707135875,1018.3091456865836,0.12993327365541887,0.3257296940577786,0.0406041480173184,0.13061352612669197,0.12920465056413893,35.32789611223104,35.62973815732758,0.004529500767363398,False,,False,completed_normally,2001,20.0,0,
traj_02749,gradual_approach_v3,20260823,43.76902999430221,1578.598429878778,0.07438102682088502,0.33043731663780024,0.02324407088152657,0.3017697074030857,0.07381072328812305,19.63796972395989,43.76902999432302,0.5563188999899991,True,12.07,False,completed_normally,2001,20.0,0,
traj_02750,gradual_approach_v3,20260823,57.00174106221139,820.2248927213434,0.029251153118508837,0.4213724271140824,0.009140985349534012,0.15959075619560126,0.029251153118382455,22.851487747372897,57.00174106221139,0.6226906321185538,False,,False,completed_normally,2001,20.0,0,
traj_02751,gradual_approach_v3,20260823,49.02985413063689,1040.3110041256768,0.05216791442710844,0.35709202987802435,0.016302473258471388,0.05216791442710844,-0.07261925563965488,49.02985413062342,72.38632932330852,0.7865841614862861,False,,True,validity_envelope_gamma_exceeded,1247,12.46,0,
traj_02752,gradual_approach_v3,20260823,55.23053388062785,641.4318093498683,0.03351435879061697,0.40495596391858407,0.010473237122067802,0.03351435879061697,-0.07298024856846397,55.23053388061106,75.31413378653323,0.7862989881333872,False,,True,validity_envelope_gamma_exceeded,1169,11.68,0,
traj_02753,gradual_approach_v3,20260823,39.57920344363015,1650.3443015991581,0.09841764745438092,0.3211113486280494,0.030755514829494037,0.3367428543048583,0.05792879845800211,20.471296694559268,55.456696148986076,0.4831044922769923,True,7.16,False,completed_normally,2001,20.0,0,
traj_02754,gradual_approach_v3,20260823,73.60566246115242,1817.7924081343228,0.0029214980875801435,0.6235162464509563,0.0009129681523687948,0.002921498087657993,-0.06714006719223892,73.60566246115242,95.83951004421843,0.7856289410749042,False,,True,validity_envelope_gamma_exceeded,884,8.83,0,
traj_02755,gradual_approach_v3,20260823,44.524725687714415,1970.9947783507641,0.07071834647230718,0.3333395784782719,0.022099483272595994,0.2642728909349432,0.039178073702598126,17.449041163663647,58.40924540540275,0.6273572937047577,False,,False,completed_normally,2001,20.0,0,
traj_02756,normal,20260823,51.9165508862931,941.921308235128,0.04267043033902933,0.3774057870900107,0.013334509480946664,0.04803721380925116,-0.00545889967687177,51.916550886288356,63.62224758143893,0.26676371006557104,False,,False,completed_normally,2001,20.0,0,
traj_02757,normal,20260823,55.960463551129514,1323.0272425704686,0.031709214178649095,0.4115844359524026,0.009909129430827843,0.051602453402252106,0.01822977241567245,50.433935192867644,58.883370884262014,0.10442200787086672,False,,False,completed_normally,2001,20.0,0,
traj_02758,gradual_approach_v3,20260823,66.98246435879994,539.8541441876882,0.01113473328999745,0.5332010993382826,0.0034796041531242033,0.15885343357869153,0.0111347332898613,21.627459267491403,66.98246435879994,0.7824545905973255,False,,False,completed_normally,2001,20.0,0,
traj_02759,stall,20260823,68.71775524030924,1726.0117631247565,0.008754088372202797,0.5556967283300608,0.002735652616313374,0.009141869599108888,0.008659841983841537,68.27460913623236,68.83202801544725,0.004541595396223945,False,,False,completed_normally,2001,20.0,0,
traj_02760,normal,20260823,71.84435686926832,1391.601493211364,0.00488782993435109,0.5983355535196214,0.0015274468544847156,0.0048878299343845955,-0.011932139815039162,71.84435686926832,77.95981915760336,0.0840292113196653,False,,False,completed_normally,2001,20.0,0,
traj_02761,gradual_approach_v3,20260823,67.18637921067344,521.9251849827804,0.010845491956680359,0.535800373472628,0.003389216236462612,0.010845491956704582,-0.07626206578838668,67.18637921067344,86.612614663397,0.7859525357492542,False,,True,validity_envelope_gamma_exceeded,1195,11.94,0,
traj_02762,normal,20260823,62.76396543794243,1824.8037470019501,0.017757415602411602,0.4821520889155018,0.005549192375753625,0.018127204614448503,0.01724011803447356,62.43002341678103,63.23989128823356,0.002896235212039044,False,,False,completed_normally,2001,20.0,0,
traj_02763,gradual_approach_v3,20260823,39.83331071158511,1554.5366395593396,0.096754451401979,0.3213155950719348,0.03023576606311844,0.09675445140210721,-0.04533951593318647,39.83331071158511,78.82653853339839,0.6709851715864087,False,,False,completed_normally,2001,20.0,0,
traj_02764,gradual_approach_v3,20260823,34.03506974417845,1335.3632167765454,0.14349127411085313,0.3315151667082045,0.0448410231596416,0.14349127411085313,-0.0025566408659266626,31.270823279956762,57.46340026351027,0.5774489473653655,False,,False,completed_normally,2001,20.0,0,
traj_02765,gradual_approach_v3,20260823,50.143977542394055,1527.0671819184151,0.0483124190635002,0.3644990816232633,0.015097630957343813,0.15960919324483958,0.0483124190635002,26.299419682107136,50.143977542400144,0.4472944620228833,False,,False,completed_normally,2001,20.0,0,
traj_02766,gradual_approach_v3,20260823,50.766082442675454,1754.2125838221252,0.04626646766067942,0.3688755396605307,0.01445827114396232,0.04626646766067942,-0.04081915874215236,50.7660824426538,88.57768392352631,0.5845823426709564,False,,False,completed_normally,2001,20.0,0,
traj_02767,normal,20260823,35.0037367100877,732.6994809239093,0.13422052174059404,0.32735690349254415,0.04194391304393564,0.13651191440835406,0.13110413738848514,34.54750114037565,35.6789728595452,0.016490738000717757,False,,False,completed_normally,2001,20.0,0,
traj_02768,gradual_approach_v3,20260823,48.544167754312596,1913.5369850770644,0.05393005809267966,0.3540415528404093,0.016853143153962392,0.05393005809284194,-0.038716354540059505,48.544167754312596,87.11579625018584,0.6060055509048183,False,,False,completed_normally,2001,20.0,0,
traj_02769,gradual_approach_v3,20260823,34.83840125378397,681.5020419398355,0.13575486040967513,0.3279864067279655,0.042423393878023484,0.13575486040967513,0.0011791440791341645,34.83840125375911,59.215574217427,0.4254784121234028,False,,False,completed_normally,2001,20.0,0,
traj_02770,normal,20260823,61.171211961469055,1569.591350897372,0.020616541446955263,0.46427726793379404,0.00644266920217352,0.021326331626000238,0.020616541446863063,60.57542691119602,61.171211961469055,0.010227646850213979,False,,False,completed_normally,2001,20.0,0,
traj_02771,stall,20260823,66.04527133104193,1313.2972524427844,0.012498329226694915,0.5214082015126288,0.003905727883342161,0.012498329226857677,-0.25457848119642046,66.04527133104193,67.41552730388275,0.7865788837408489,False,,True,validity_envelope_gamma_exceeded,493,4.92,0,
traj_02772,normal,20260823,70.2855578966445,1661.9888285077488,0.006751559541090633,0.5767436486926131,0.002109862356590823,0.020639482143381217,0.006751559541090633,66.28379152939644,70.28555789664756,0.05788563408604484,False,,False,completed_normally,2001,20.0,0,
traj_02773,gradual_approach_v3,20260823,64.74943015035731,549.9360593246479,0.014481019000351203,0.5055226742360621,0.004525318437609751,0.014481019000536367,-0.07083891129721798,64.74943015035731,114.25302866182147,0.7667622139794729,False,,True,ground_contact,1359,13.58,0,
traj_02774,gradual_approach_v3,20260823,56.69682856019818,948.4543535731485,0.02995716277229352,0.41846637918366564,0.009361613366341726,0.02995716277229352,-0.05890034072287176,56.69682856019795,101.89469834824301,0.6506278939682095,False,,False,completed_normally,2001,20.0,0,
traj_02775,gradual_approach_v3,20260823,31.60796973560679,779.047820955829,0.1700589793919527,0.3474757003814638,0.053143431059985216,0.5581516029766156,0.1323445900608787,23.82449238449591,39.43037509840756,0.26405268334741777,True,8.06,False,completed_normally,2001,20.0,0,
traj_02776,gradual_approach_v3,20260823,46.62944105810126,1688.401810429389,0.061404894892655916,0.3431289410344406,0.019189029653954977,0.06140489489265622,-0.035953162795536564,46.62944105810126,76.0394890495462,0.4879204281641808,False,,False,completed_normally,2001,20.0,0,
traj_02777,gradual_approach_v3,20260823,74.86792810394473,669.3112116520942,0.001596076884820906,0.6420655312771223,0.0004987740265065331,0.10404044396522799,0.001596076884820906,27.549895681185554,74.86792810395032,0.7257754684878065,False,,False,completed_normally,2001,20.0,0,
traj_02778,gradual_approach_v3,20260823,49.783046567335916,1455.9602399846756,0.04953386526053086,0.36203813791924844,0.015479332893915893,0.04953386526067787,-0.06294706202018807,49.783046567335916,96.32828556913758,0.7295124601757452,False,,False,completed_normally,2001,20.0,0,
traj_02779,normal,20260823,67.23218383575627,1095.342849343435,0.010780878520841433,0.5363858692380413,0.003369024537762948,0.010780878520841433,-0.014354095310847796,67.2321838357274,73.16977090164522,0.08811723987268046,False,,False,completed_normally,2001,20.0,0,
traj_02780,gradual_approach_v3,20260823,43.773001076029566,1175.9727501970567,0.0743613043262048,0.3304516757186987,0.023237907601939,0.0743613043262048,-0.03372522214060181,43.77300107601752,81.15686881025911,0.6167455786006238,False,,False,completed_normally,2001,20.0,0,
traj_02781,stall,20260823,36.46540481409305,1404.7766134814294,0.12145370072184547,0.3231260747101506,0.03795428147557671,0.12145370072184547,-0.3297423694006886,36.465404814090725,40.04462640087049,0.7907030189153629,True,2.66,True,validity_envelope_gamma_exceeded,329,3.2800000000000002,0,
traj_02782,gradual_approach_v3,20260823,74.68267814083394,1714.9647798882231,0.0017864344741529163,0.6393171866615053,0.0005582607731727863,0.0017864344743260252,-0.0766065354483636,74.68267814083394,94.37145891821255,0.7862803790495895,False,,True,validity_envelope_gamma_exceeded,748,7.47,0,
traj_02783,stall,20260823,71.38313911545077,518.7555768115876,0.005426696350451861,0.5918785200016233,0.0016958426095162067,0.2655424463680667,0.005426696350342022,63.58306466182646,71.38313911545077,0.7886499777279725,False,,True,validity_envelope_gamma_exceeded,638,6.37,0,
traj_02784,gradual_approach_v3,20260823,72.1800955584759,866.8123594036286,0.00450198482542104,0.603071783335444,0.0014068702579440751,0.08969581772935031,0.004501984825382922,50.15691322630894,72.1800955584759,0.785426706233404,False,,True,validity_envelope_gamma_exceeded,1202,12.01,0,
traj_02785,gradual_approach_v3,20260823,48.53914184874475,1205.0066135821235,0.05394856206713132,0.3540105663623577,0.01685892564597854,0.20237537008959244,0.04322478477444758,20.673028571328395,50.96839713833135,0.5725340808107946,False,,False,completed_normally,2001,20.0,0,
traj_02786,gradual_approach_v3,20260823,70.50507135683716,1687.7028142411684,0.006481682434837613,0.5797443967504359,0.002025525760886754,0.12357331611751832,0.006481682434837613,50.737750710411554,70.50507135683716,0.7861016413582733,False,,True,validity_envelope_gamma_exceeded,842,8.41,0,
traj_02787,gradual_approach_v3,20260823,44.455875477960724,1274.804227014314,0.07104465457797887,0.3330612131685348,0.022201454555618397,0.07104465457814188,-0.04678725145398671,44.455875477960724,74.97094074079594,0.5360573846638494,False,,False,completed_normally,2001,20.0,0,
traj_02788,gradual_approach_v3,20260823,45.642735824031625,1742.2588105545433,0.06561668697902329,0.3382375577961972,0.020505214680944777,0.27783980640618255,0.030241640518019808,17.397388518194038,64.60088349685272,0.6387493800448814,False,,False,completed_normally,2001,20.0,0,
traj_02789,gradual_approach_v3,20260823,65.93449867038987,1431.3133681968325,0.012663311084733595,0.5200310812655293,0.003957284713979248,0.1293728269203651,0.012663311084733595,41.65811999875618,65.93449867039918,0.7856489685983709,False,,True,validity_envelope_gamma_exceeded,979,9.78,0,
traj_02790,gradual_approach_v3,20260823,37.90017590777908,781.1198814849166,0.11019435369417083,0.3211071759288571,0.034435735529428385,0.31443573602234015,0.09196409989008253,21.712353541920155,42.297015778445534,0.42253411113050715,True,10.450000000000001,False,completed_normally,2001,20.0,0,
traj_02791,gradual_approach_v3,20260823,30.703574087113985,612.4994450667015,0.18141256310696466,0.3557687454076762,0.056691425970926454,0.18141256310696466,0.007383013561118534,30.703574087108468,49.21443024907555,0.5048122729739689,False,,False,completed_normally,2001,20.0,0,
traj_02792,gradual_approach_v3,20260823,68.46191273045753,1434.390520926483,0.00909385610578398,0.5523268378479016,0.0028418300330574934,0.009093856105835489,-0.08675482399191392,68.46191273045753,87.22106535117847,0.786791042897648,False,,True,validity_envelope_gamma_exceeded,968,9.67,0,
traj_02793,gradual_approach_v3,20260823,45.871856311817645,831.1850816450223,0.06461526366716891,0.33932697332250567,0.020192269895990288,0.06461526366726175,-0.06302663272820053,45.871856311817645,89.0407820858526,0.6861594275068491,False,,False,completed_normally,2001,20.0,0,
traj_02794,gradual_approach_v3,20260823,53.79682692117801,1465.2160339751342,0.0372722174480897,0.3925133862322664,0.011647567952528031,0.0372722174480897,-0.06580684891688349,53.79682692117569,102.880392377124,0.7324713205114252,False,,False,completed_normally,2001,20.0,0,
traj_02795,gradual_approach_v3,20260823,34.57892962213661,660.3340500865963,0.1382019630978733,0.32903978726378985,0.043188113468085404,0.48897790750495496,0.09517739286707469,21.97946633487799,46.409785116469926,0.35756596778609406,True,3.68,False,completed_normally,2001,20.0,0,
traj_02796,normal,20260823,57.27055059655344,925.5881641614034,0.028637917775883717,0.4239614451747837,0.00894934930496366,0.028957599649434923,0.028137272156176278,57.0409309594684,57.6306213055289,0.0032192386672050084,False,,False,completed_normally,2001,20.0,0,
traj_02797,gradual_approach_v3,20260823,69.1133407235001,948.2796326001572,0.008236068788566905,0.5609431739591682,0.002573771496427158,0.13209835660951952,0.008236068788538286,24.270219829781347,69.1133407235001,0.7565796333117761,False,,False,completed_normally,2001,20.0,0,
traj_02798,gradual_approach_v3,20260823,47.98613007468591,752.3438658194017,0.056019214747506346,0.35067477689230137,0.017506004608595735,0.2287036538530505,0.03733919298769561,18.48779676059134,54.68846917049568,0.6268958439173384,False,,False,completed_normally,2001,20.0,0,
traj_02799,gradual_approach_v3,20260823,64.55734956985555,1930.064285714929,0.014784993617969193,0.5032100508828561,0.004620310505615372,0.014784993617996806,-0.07385698830400045,64.55734956985555,85.58499592910218,0.7873933468145023,False,,True,validity_envelope_gamma_exceeded,785,7.84,0,
traj_02800,gradual_approach_v3,20260823,70.27333901696615,1739.5337737536784,0.00676665543522979,0.5765770030906834,0.002114579823509309,0.006766655435400397,-0.0858341272203973,70.27333901696615,89.2411645391267,0.7857913918168589,False,,True,validity_envelope_gamma_exceeded,684,6.83,0,
traj_02801,normal,20260823,43.57376913364906,1009.4658165336036,0.07535715881589031,0.32974311080256713,0.02354911212996572,0.0763391544272293,0.055468973384421395,43.13765763714076,46.22741160105744,0.06507016489141451,False,,False,completed_normally,2001,20.0,0,
traj_02802,gradual_approach_v3,20260823,56.874637911331504,1687.780411191849,0.029544096700257694,0.4201570578329517,0.00923253021883053,0.13751251094460648,0.02954409670025767,25.336490664580197,56.874637911331504,0.5819766418192521,False,,False,completed_normally,2001,20.0,0,
traj_02803,normal,20260823,54.07298389805477,1669.9367313540727,0.03652552366401865,0.39484941820127917,0.011414226145005828,0.037118356414962556,0.036427275372987226,53.71304315486263,54.14471830038128,0.0077668734497801616,False,,False,completed_normally,2001,20.0,0,
traj_02804,gradual_approach_v3,20260823,63.45220253965434,1177.613111714152,0.016587241031089932,0.4901183965578292,0.005183512822215603,0.016587241031089932,-0.0820991674988788,63.452202539643174,87.56942266455368,0.7864316338401127,False,,True,validity_envelope_gamma_exceeded,1286,12.85,0,
traj_02805,gradual_approach_v3,20260823,32.83767894996355,1501.442265964672,0.15595367578739858,0.33832674274651114,0.04873552368356206,0.15595367578739996,0.034609728243161386,32.83767894993645,49.06513882460281,0.3327583258402656,False,,False,completed_normally,2001,20.0,0,
traj_02806,gradual_approach_v3,20260823,39.019919296240225,1793.8770506896021,0.10218502876273544,0.32084506003120616,0.03193282148835483,0.10218502876273544,-0.025834238537746024,39.01991929622311,68.1099576549383,0.5142320408512973,False,,False,completed_normally,2001,20.0,0,
traj_02807,gradual_approach_v3,20260823,38.08009236107769,1509.67509380956,0.10886361640794509,0.32099074253041315,0.034019880127482846,0.10886361640806752,-0.015505147146751663,38.08009236107769,65.7549721957949,0.5494975013419385,False,,False,completed_normally,2001,20.0,0,
traj_02808,gradual_approach_v3,20260823,38.34241661426903,993.1793416258058,0.10695401844058808,0.32087286774327295,0.03342313076268378,0.2881736884666695,0.08114730568079614,21.731606017305136,45.765161932450084,0.4285853690821509,True,10.44,False,completed_normally,2001,20.0,0,
traj_02809,gradual_approach_v3,20260823,45.961339100230155,1486.479412315235,0.06422807384953746,0.33976015300812307,0.020071273077980456,0.06422807384958451,-0.05040646763326678,45.961339100230155,86.2244640502767,0.6625094054564107,False,,False,completed_normally,2001,20.0,0,
traj_02810,gradual_approach_v3,20260823,30.04789325340936,1695.002254111103,0.19025333119334492,0.3626995958561854,0.059454165997920284,0.19025333119334492,0.01848267121124697,30.047893253392083,54.14932767762927,0.6759579395496722,False,,False,completed_normally,2001,20.0,0,
traj_02811,normal,20260823,34.48878900952082,854.0337433703063,0.13906346936376104,0.3294247497488402,0.04345733417617533,0.1474506115829084,0.10753029992039265,32.73047579606999,37.27371622271272,0.07541923149091927,False,,False,completed_normally,2001,20.0,0,
traj_02812,gradual_approach_v3,20260823,63.84103540995285,947.1684546633472,0.0159425905548222,0.49468270798479197,0.004982059548381938,0.1338651799547529,0.0159425905548222,24.641331697086727,63.84103540995285,0.6819544594480828,False,,False,completed_normally,2001,20.0,0,
traj_02813,gradual_approach_v3,20260823,62.11690279083693,1041.1914003224254,0.018892788390856095,0.47479500956032367,0.005903996372142529,0.127471972380799,0.018892788390690335,25.682876209452377,62.11690279083693,0.6248854425732259,False,,False,completed_normally,2001,20.0,0,
traj_02814,gradual_approach_v3,20260823,44.26069874951425,1866.8576512878321,0.07197761992663632,0.3322871557537932,0.02249300622707385,0.21284496536316566,0.07197761992648384,23.09475901969134,44.26069874951425,0.4674672418588022,False,,False,completed_normally,2001,20.0,0,
traj_02815,gradual_approach_v3,20260823,55.02434723004871,1175.4066593126106,0.03403709104886085,0.40311903038068836,0.010636590952769016,0.03403709104898054,-0.03859236764738677,55.02434723004871,89.59588826496841,0.5161017138171847,False,,False,completed_normally,2001,20.0,0,
traj_02816,gradual_approach_v3,20260823,31.428733536494523,1529.6653499342983,0.17223823688068615,0.34900848893190506,0.05382444902521442,0.4012378779830672,0.13971657185268885,24.26990370180917,37.872017626953806,0.21966078160339617,True,3.35,False,completed_normally,2001,20.0,0,
traj_02817,gradual_approach_v3,20260823,47.30380494104148,1046.3460753304294,0.05867175795137334,0.3467642247255108,0.018334924359804168,0.2740191622208543,0.03076116486712055,16.164404270391923,60.12809063908218,0.6887104020511867,False,,False,completed_normally,2001,20.0,0,
traj_02818,gradual_approach_v3,20260823,37.49747855016244,1301.0676127631757,0.11323643133331687,0.32147510771923976,0.03538638479166152,0.42309948488057014,0.07517413589954205,19.951568906655837,49.556168121100185,0.4704432974794213,True,9.61,False,completed_normally,2001,20.0,0,
traj_02819,gradual_approach_v3,20260823,51.596293147622674,1635.3547749501797,0.04364788878631515,0.3749753233444682,0.013639965245723484,0.043647888786338906,-0.07024229114994518,51.596293147622674,73.63707219776818,0.7855161087269094,False,,True,validity_envelope_gamma_exceeded,1088,10.870000000000001,0,
traj_02820,gradual_approach_v3,20260823,69.69149716536647,845.3638229746077,0.007494618658919839,0.5686889603190834,0.00234206833091245,0.10764880553497636,0.007494618658919839,45.423003006744565,69.6914971653686,0.7867510112078301,False,,True,validity_envelope_gamma_exceeded,883,8.82,0,
traj_02821,normal,20260823,72.78919891113847,595.2002095162646,0.003815429558959579,0.6117411517656988,0.0011923217371748685,0.004121709201035911,0.0037682754591335395,72.37980718013529,72.85735645223205,0.004106869875393484,False,,False,completed_normally,2001,20.0,0,
traj_02822,gradual_approach_v3,20260823,47.59344793734943,1423.8466112604956,0.057532254989019704,0.3483961231474507,0.017978829684068658,0.21080000170524132,0.05048443858568408,21.124348868607733,48.09523234856728,0.552541612726393,False,,False,completed_normally,2001,20.0,0,
traj_02823,normal,20260823,50.32670269593122,1963.0878838874942,0.04770379668382111,0.36576697931732177,0.014907436463694097,0.04877991534186793,0.04709291142724405,49.77832496544266,50.64040948971439,0.00854755733499813,False,,False,completed_normally,2001,20.0,0,
traj_02824,gradual_approach_v3,20260823,50.09678567096496,1691.5070012278782,0.048470662299696834,0.364174020126318,0.015147081968655262,0.21490400890718292,0.027084258769489944,19.06864935974766,60.46885304660784,0.6271580442707528,False,,False,completed_normally,2001,20.0,0,
traj_02825,gradual_approach_v3,20260823,61.948414031812035,1139.9661712630095,0.019194205902545964,0.4729005998337088,0.0059981893445456135,0.14703962939381077,0.019194205902497753,38.787759735059176,61.948414031812035,0.7860273860855685,False,,True,validity_envelope_gamma_exceeded,1065,10.64,0,
traj_02826,gradual_approach_v3,20260823,44.05594439942959,1072.3171567283662,0.07296915957167135,0.3314992492487368,0.0228028623661473,0.25574929471410185,0.042718875251783306,19.720373799835837,57.336084095969184,0.5569293097221394,False,,False,completed_normally,2001,20.0,0,
traj_02827,gradual_approach_v3,20260823,56.45098138750746,936.591886638972,0.03053462168490699,0.41614720532450505,0.009542069276533434,0.03053462168505842,-0.07382559329560123,56.45098138750746,80.03530118916224,0.786198829147379,False,,True,validity_envelope_gamma_exceeded,1097,10.96,0,
traj_02828,normal,20260823,32.30521007086954,1083.7217853275974,0.1618872648210849,0.3420043074710668,0.05058977025658903,0.1640458183646695,0.1601598940754885,31.942666094754113,32.61395961408449,0.010416354771580715,False,,False,completed_normally,2001,20.0,0,
traj_02829,gradual_approach_v3,20260823,63.36779929082158,1256.6635173204438,0.016728724598557627,0.48913367197114715,0.005227726437049259,0.016728724598557627,-0.055414233801402424,63.367799290816805,112.36841111833624,0.6677985159881858,False,,False,completed_normally,2001,20.0,0,
traj_02830,gradual_approach_v3,20260823,40.21190214704633,1846.9428246449058,0.09433076798082374,0.32171362251098834,0.029478364994007418,0.4415484582474709,0.05176172755374803,17.1177846370403,57.35343943217832,0.5970570452916465,True,9.36,False,completed_normally,2001,20.0,0,
traj_02831,gradual_approach_v3,20260823,69.35464917977224,1220.5187128679418,0.00792437374227787,0.5641648470413986,0.0024763667944618342,0.12861539370599995,0.00792437374227787,45.28810017878274,69.354649179799,0.7857948268024006,False,,True,validity_envelope_gamma_exceeded,1172,11.71,0,
traj_02832,gradual_approach_v3,20260823,68.39113032847233,825.0752036650114,0.009188524512185166,0.5513977416875583,0.0028714139100578643,0.009188524512185166,-0.08776838480197857,68.3911303284672,85.69757170916097,0.7858882763190156,False,,True,validity_envelope_gamma_exceeded,826,8.25,0,
traj_02833,gradual_approach_v3,20260823,70.2597967854605,1761.5289881366125,0.006783395382795058,0.5763923567862308,0.002119811057123456,0.006783395382910753,-0.0563923234838567,70.2597967854605,117.56134399237942,0.6174796473803914,False,,False,completed_normally,2001,20.0,0,
traj_02834,stall,20260823,47.63764712042915,1186.494633735663,0.05736013753242414,0.3486488155770602,0.017925042978882543,0.05738209318382928,-0.3272123329144262,47.617257786923396,49.7940912100049,0.792817300399853,True,4.58,True,validity_envelope_gamma_exceeded,514,5.13,0,
traj_02835,gradual_approach_v3,20260823,66.36505100202717,1717.7853493547518,0.012026631911049752,0.5254036230046002,0.0037583224722030476,0.012026631911190843,-0.08467110386884591,66.36505100202717,83.89097049859409,0.7867106826866275,False,,True,validity_envelope_gamma_exceeded,1036,10.35,0,
traj_02836,gradual_approach_v3,20260823,35.185681120315486,824.9245453741025,0.13255407866100152,0.32670099158671945,0.04142314958156297,0.1325540786610506,-0.010100699360223453,35.185681120315486,58.74336568490803,0.515805673969424,False,,False,completed_normally,2001,20.0,0,
traj_02837,gradual_approach_v3,20260823,50.69747382412966,826.5552465608133,0.04648850418879355,0.36838461941292217,0.014527657558997984,0.046488504188835746,-0.05809312706181757,50.69747382412966,94.75533334083572,0.682619687252414,False,,False,completed_normally,2001,20.0,0,
traj_02838,gradual_approach_v3,20260823,51.73664098132507,1579.1206314705703,0.04321734810650481,0.3760351929121012,0.013505421283282752,0.17917626059436126,0.04321734810650481,23.09640029273306,51.73664098132658,0.566167369366218,False,,False,completed_normally,2001,20.0,0,
traj_02839,normal,20260823,70.15062305685592,1388.770787574362,0.006918698940611356,0.5749056205639703,0.002162093418941049,0.007347442463173243,0.006769549097812069,69.63221862660482,70.33861150646024,0.005290157391670203,False,,False,completed_normally,2001,20.0,0,
traj_02840,gradual_approach_v3,20260823,43.489231570256194,1678.012322543554,0.07578367171433842,0.32944979618736947,0.023682397410730756,0.07578367171433842,-0.06031942617179842,43.48923157025565,84.0296039789005,0.6981579198185545,False,,False,completed_normally,2001,20.0,0,
traj_02841,gradual_approach_v3,20260823,38.739353201642025,1436.148331829113,0.10413200240543247,0.32080901199383793,0.03254125075169765,0.10413200240545636,-0.04568797439167882,38.739353201642025,69.54730701592663,0.5781115774995421,False,,False,completed_normally,2001,20.0,0,
traj_02842,gradual_approach_v3,20260823,48.89556342253663,985.3116012531335,0.05265003763470416,0.3562375438015541,0.01645313676084505,0.2532820969009346,0.029422468293355153,16.951187246122185,59.1073468881945,0.677161892309558,False,,False,completed_normally,2001,20.0,0,
traj_02843,gradual_approach_v3,20260823,55.69521902311689,1423.3184444096908,0.03235711257078272,0.4091532761581005,0.0101115976783696,0.03235711257088117,-0.07736592374295626,55.69521902311689,101.26801502186095,0.6871078260542932,False,,False,completed_normally,2001,20.0,0,
traj_02844,gradual_approach_v3,20260823,71.40317343208498,1107.0108374610932,0.005403074115670474,0.5921578104063948,0.0016884606611470231,0.00540307411568497,-0.08106221687352566,71.40317343208498,91.31239304071636,0.7854258856040282,False,,True,validity_envelope_gamma_exceeded,1187,11.86,0,
traj_02845,normal,20260823,42.38990183563428,1409.3199597604669,0.08155312599648953,0.3260451222510406,0.025485351873902978,0.1406073232725597,0.07923799920646,33.05742231569502,43.096732605553264,0.19985043916119494,False,,False,completed_normally,2001,20.0,0,
traj_02846,gradual_approach_v3,20260823,70.6453654280052,1264.8046101249886,0.0063105032691244105,0.5816690947669767,0.0019720322716013784,0.006310503269147236,-0.0643951936998074,70.6453654280052,92.9445954816069,0.7873469023722347,False,,True,validity_envelope_gamma_exceeded,1116,11.15,0,
traj_02847,gradual_approach_v3,20260823,55.00139083565736,1184.921034439698,0.03409564840611441,0.4029154852951426,0.010654890126910755,0.18348600277028412,0.020442985204677577,20.759604594630705,61.184050976763714,0.6735914132691642,False,,False,completed_normally,2001,20.0,0,
traj_02848,normal,20260823,55.81985561504994,1199.5822041220592,0.032051538994727055,0.41029248362775383,0.010016105935852204,0.05223113432150679,0.03205048305215213,51.63927826911559,55.842995205713365,0.07710845389486873,False,,False,completed_normally,2001,20.0,0,
traj_02849,gradual_approach_v3,20260823,64.44962554938525,538.5316139494988,0.014956647459198936,0.5019178650456362,0.004673952330999667,0.15837084652889677,0.014956647459119428,40.53186640473996,64.44962554938525,0.7857949618148051,False,,True,validity_envelope_gamma_exceeded,1111,11.1,0,
traj_02850,gradual_approach_v3,20260823,41.806690888653,1301.3977158209236,0.08479069484766547,0.32455924288497184,0.026497092139895456,0.08479069484766547,-0.02792982897708912,41.8066908886522,70.76333531577943,0.5146602396492733,False,,False,completed_normally,2001,20.0,0,
traj_02851,gradual_approach_v3,20260823,52.99982214801593,889.8476393493625,0.03949174418144294,0.3859376641156286,0.012341170056700919,0.22490042255220777,0.028167855558224986,18.02361900125472,55.32222158695457,0.6916831605745352,False,,False,completed_normally,2001,20.0,0,
traj_02852,gradual_approach_v3,20260823,31.96319609500531,569.1937757798134,0.16583648709355117,0.34459235880061284,0.051823902216734746,0.19394356877841035,-0.00018989596971391576,22.81905850092775,58.4214248694017,0.705944556627533,False,,False,completed_normally,2001,20.0,0,
traj_02853,gradual_approach_v3,20260823,49.1726767014493,1817.0721227200409,0.05165937189244947,0.3580099771762258,0.01614355371639046,0.19127382311219404,0.05165937189243653,21.989979095397658,49.1726767014493,0.5440994536047616,False,,False,completed_normally,2001,20.0,0,
traj_02854,gradual_approach_v3,20260823,66.03276257216775,511.8126674029718,0.012516918335103575,0.521252514945585,0.003911536979719867,0.10403705729513224,0.012516918335103575,28.611521548223504,66.032762572171,0.6082657980531737,False,,False,completed_normally,2001,20.0,0,
traj_02855,gradual_approach_v3,20260823,57.62049735263148,1273.9759116022647,0.02785220432591103,0.4273696058321923,0.008703813851847198,0.1676183336536065,0.02785220432591103,21.820192665610328,57.62049735264425,0.6573345686661425,False,,False,completed_normally,2001,20.0,0,
traj_02856,gradual_approach_v3,20260823,39.03434442865924,582.568689473657,0.10208597302434871,0.32084869894554385,0.031901866570108975,0.2576018805942879,0.06452979360890027,22.084582617755864,52.82374967480366,0.4283948967250764,False,,False,completed_normally,2001,20.0,0,
traj_02857,stall,20260823,48.10694344701199,1545.245290396992,0.05556092608180849,0.3513909708107276,0.01736278940056515,0.05556092608195085,-0.2539063609929798,48.10694344701199,51.04434414341464,0.7888352586595339,False,,True,validity_envelope_gamma_exceeded,242,2.41,0,
traj_02858,gradual_approach_v3,20260823,48.57741123756644,609.0352029666925,0.053807805433826406,0.3542468118388891,0.016814939198070752,0.053807805433826406,-0.05586950545991576,48.577411237566096,86.99234626563799,0.6234120856844133,False,,False,completed_normally,2001,20.0,0,
traj_02859,gradual_approach_v3,20260823,47.868024609514904,579.5175012812175,0.05647048994493126,0.3499814921002435,0.017647028107791018,0.05647048994505502,-0.057496384742071194,47.868024609514904,91.39820313759617,0.6733080393161072,False,,False,completed_normally,2001,20.0,0,
traj_02860,gradual_approach_v3,20260823,38.024845622469996,1695.3128817978657,0.10927040708317332,0.32102338904730765,0.03414700221349166,0.42558013315184984,0.08394613738473117,22.09578254672491,45.17403256277667,0.41398927822234377,True,10.39,False,completed_normally,2001,20.0,0,
traj_02861,gradual_approach_v3,20260823,71.68839555567604,834.8450043899144,0.005068896117561244,0.5961457008887301,0.0015840300367378887,0.005068896117561244,-0.08411318114536093,71.68839555564288,90.40435843689417,0.7862840823302427,False,,True,validity_envelope_gamma_exceeded,1161,11.6,0,
traj_02862,gradual_approach_v3,20260823,54.49414486473111,903.5357105199394,0.03540813067443419,0.39846818382587584,0.011065040835760685,0.17048962556318045,0.03540813067441884,21.994986945083692,54.49414486473111,0.5858938970936559,False,,False,completed_normally,2001,20.0,0,
traj_02863,gradual_approach_v3,20260823,35.40667355039012,1515.1119504067797,0.1305604961916559,0.32595532079796047,0.04080015505989248,0.1305604961916827,-0.01458086595832303,35.40667355039012,64.25908499309216,0.5618879729498378,False,,False,completed_normally,2001,20.0,0,
traj_02864,gradual_approach_v3,20260823,42.92579814237646,1170.5459123546404,0.07868796225948743,0.32760853116169386,0.024589988206089822,0.2560186136556249,0.06595455760860314,19.51790684877447,45.40644695681142,0.5508964712398055,False,,False,completed_normally,2001,20.0,0,
traj_02865,gradual_approach_v3,20260823,71.15755215822495,1026.7162136745826,0.005694048488249753,0.5887411780305218,0.001779390152578048,0.005694048488274009,-0.08306821318845536,71.15755215822495,91.314599284308,0.7874089665984729,False,,True,validity_envelope_gamma_exceeded,1141,11.4,0,
traj_02866,gradual_approach_v3,20260823,44.97437264727073,1173.6241163726957,0.06862254524035194,0.3352247237020367,0.02144454538760998,0.06862254524041445,-0.05137677089939552,44.97437264727073,83.63451273749241,0.6482801736381117,False,,False,completed_normally,2001,20.0,0,
traj_02867,gradual_approach_v3,20260823,73.60441403809305,933.112312765084,0.0029228425088193713,0.6234981072985268,0.0009133882840060535,0.12121341569078248,0.0029228425088193713,25.204534691451546,73.60441403810019,0.7725948429918625,False,,False,completed_normally,2001,20.0,0,
traj_02868,gradual_approach_v3,20260823,45.29106118716774,1703.6399673866022,0.06718232655810205,0.33662131660389366,0.020994477049406893,0.2394672410027336,0.03784033890898403,19.65358506258368,59.0145160383776,0.5709747544180231,False,,False,completed_normally,2001,20.0,0,
traj_02869,gradual_approach_v3,20260823,54.832141107397064,1056.6773251520467,0.03452960325494934,0.40142087234363144,0.010790501017171668,0.15761083446510848,0.029062774360820942,23.231072489757683,55.00136337686435,0.5823720124660419,False,,False,completed_normally,2001,20.0,0,
traj_02870,gradual_approach_v3,20260823,65.52424876083666,1580.6982548153958,0.013281547535129504,0.514961964270846,0.00415048360472797,0.1514124225914198,0.013281547535129504,22.49579417757073,65.52424876083666,0.7462925254329792,False,,False,completed_normally,2001,20.0,0,
traj_02871,gradual_approach_v3,20260823,72.30323318843571,998.7786810300428,0.004361802316978207,0.6048164278250447,0.0013630632240556897,0.1142765451854757,0.004361802316978207,50.22804051262492,72.30323318844894,0.786428927609189,False,,True,validity_envelope_gamma_exceeded,1152,11.51,0,
traj_02872,gradual_approach_v3,20260823,34.17294057389748,1736.0799392797658,0.14212945372981897,0.3308526557733317,0.044415454290568424,0.14212945372981897,-0.010641676038960546,34.17294057389402,57.44103171754226,0.5392984019402763,False,,False,completed_normally,2001,20.0,0,
traj_02873,gradual_approach_v3,20260823,32.916438770784694,742.7182970180444,0.155097354998845,0.3378179550079814,0.048467923437139064,0.15509735499899022,-0.0032069305891316846,29.966090978241994,60.07023174277164,0.6955220048073489,False,,False,completed_normally,2001,20.0,0,
traj_02874,normal,20260823,62.59369702216059,1357.8762337222843,0.01805281085547156,0.48020361157589264,0.0056415033923348625,0.026678881858774747,-0.018274540388864086,62.59369702216059,70.57404059494465,0.20694498783287427,False,,False,completed_normally,2001,20.0,0,
traj_02875,gradual_approach_v3,20260823,57.79933039882236,1213.6289901602158,0.02745609438843931,0.42912761329143995,0.008580029496387285,0.02745609438843931,-0.05858075155967113,57.799330398811755,103.50423862900115,0.6712587356408733,False,,False,completed_normally,2001,20.0,0,
traj_02876,gradual_approach_v3,20260823,73.80938868163565,1847.2203058591276,0.002703010818576051,0.6264818090882528,0.000844690880805016,0.11275231762325663,0.002703010818496803,26.343888706777978,73.80938868163565,0.7385989708255639,False,,False,completed_normally,2001,20.0,0,
traj_02877,gradual_approach_v3,20260823,49.732190978231145,1556.949756317276,0.049708054720604244,0.3616960681004421,0.015533767100188826,0.2670021133510524,0.020728764233448826,16.180193415387027,66.48152142168746,0.7052383478771351,False,,False,completed_normally,2001,20.0,0,
traj_02878,gradual_approach_v3,20260823,62.42803691089094,734.6360788803751,0.0183425044559701,0.47831644233030124,0.005732032642490657,0.18090948684491245,0.018342504455819655,20.124342684441125,62.42803691089094,0.7834193676913405,False,,False,completed_normally,2001,20.0,0,
traj_02879,normal,20260823,55.42328904012551,1889.2964848827994,0.033030852189795415,0.4066874315226059,0.010322141309311068,0.0334328666801303,0.03277112782859488,55.161565971094056,55.59893018833891,0.0038873257779396303,False,,False,completed_normally,2001,20.0,0,
traj_02880,stall,20260823,55.446108365271215,1347.9976970965333,0.03297393994837795,0.40689331565773956,0.010304356233868111,0.03297393994837795,-0.2638464309716859,55.446108365265665,57.72385697171743,0.7926372603386151,False,,True,validity_envelope_gamma_exceeded,581,5.8,0,
traj_02881,gradual_approach_v3,20260823,59.761679206028326,1019.5220619770823,0.023337091251514962,0.44912908826103837,0.007292841016098426,0.023337091251550132,-0.06834533754429328,59.761679206028326,111.56832094082998,0.7737560873618077,False,,False,completed_normally,2001,20.0,0,
traj_02882,stall,20260823,62.80180756147711,981.31979402739,0.0176920860571045,0.4825863478704683,0.005528776892845156,0.0176920860571045,-0.20157241303731022,62.80180756147391,66.47229992583217,0.7902250651162224,False,,True,validity_envelope_gamma_exceeded,568,5.67,0,
traj_02883,stall,20260823,37.42238958811053,1444.656099726311,0.11381358013766107,0.3215604183437721,0.035566743793019086,0.11381358013773728,-0.22562066203998,37.42238958811053,42.2801290636741,0.7895886419539945,False,,True,validity_envelope_gamma_exceeded,310,3.09,0,
traj_02884,gradual_approach_v3,20260823,71.15266089789246,1221.3927912362326,0.005699873219777525,0.5886733052595621,0.0017812103811804764,0.12324870291569756,0.005699873219777525,50.795298913380776,71.15266089791062,0.7870093810447211,False,,True,validity_envelope_gamma_exceeded,995,9.94,0,
traj_02885,normal,20260823,57.70488776106793,1013.8969887380998,0.027664830330102048,0.42819782892792085,0.00864525947815689,0.027817759019150484,0.02694915389678313,57.59395147310295,58.23272676481226,0.006989778642111173,False,,False,completed_normally,2001,20.0,0,
traj_02886,gradual_approach_v3,20260823,34.60149360928059,1550.3393000937926,0.13798723628696616,0.3289449694883664,0.043121011339676926,0.13798723628696616,-0.009593190995139445,34.60149360927831,58.41211004925027,0.5207180938294436,False,,False,completed_normally,2001,20.0,0,
traj_02887,gradual_approach_v3,20260823,57.92337300685303,1019.6825245381276,0.027183462550287325,0.4303534604228469,0.008494832046964789,0.027183462550307742,-0.06466940511844427,57.92337300685303,111.66783730952353,0.7580810598379368,False,,False,completed_normally,2001,20.0,0,
traj_02888,gradual_approach_v3,20260823,73.36754822841442,1894.3835262124676,0.0031791537284494745,0.6200639578107261,0.0009934855401404607,0.08189491808657466,0.0031791537284494745,31.77942414139408,73.36754822845342,0.6315212158914864,False,,False,completed_normally,2001,20.0,0,
traj_02889,stall,20260823,47.17022903290854,1758.8461787165968,0.05920413087144406,0.346025788358719,0.018501290897326272,1.0395487476060765,0.04104425608425674,42.727293574747094,54.648153488982736,0.27078032658493684,True,4.53,False,completed_normally,2001,20.0,0,
traj_02890,gradual_approach_v3,20260823,47.343138740581516,1190.7125114065416,0.058515822494801556,0.34698338002773166,0.018286194529625488,0.058515822494801556,-0.0487688238204419,47.343138740579505,87.36829125154358,0.6408960631262057,False,,False,completed_normally,2001,20.0,0,
traj_02891,gradual_approach_v3,20260823,42.69326172992903,1304.3191750600247,0.0799186274821746,0.3269072704841777,0.024974571088179562,0.29996340102336677,0.05374302109317247,17.124922671878107,51.1405868977293,0.6198946908289018,True,10.700000000000001,False,completed_normally,2001,20.0,0,
traj_02892,gradual_approach_v3,20260823,57.42605809640721,940.6462128896204,0.02828702119785117,0.42547070452517083,0.00883969412432849,0.02828702119785117,-0.07515270807299568,57.42605809639627,77.04710950263112,0.7859675636826009,False,,True,validity_envelope_gamma_exceeded,1032,10.31,0,
traj_02893,normal,20260823,60.570844357088724,593.8981710743908,0.02175242965453868,0.45774697525793906,0.006797634267043338,0.05961352893714103,0.02175242965453868,47.54763524627862,60.57084435711672,0.22079184614471503,False,,False,completed_normally,2001,20.0,0,
traj_02894,gradual_approach_v3,20260823,43.393068829186625,838.9338566271178,0.07627173153226119,0.32912150469292045,0.02383491610383162,0.07627173153226119,-0.06247680249921428,43.39306882918505,85.8667568624904,0.7169556042975032,False,,False,completed_normally,2001,20.0,0,
traj_02895,gradual_approach_v3,20260823,65.91019541584649,876.3374855679917,0.012699617756189177,0.5197294208973183,0.003968630548809118,0.01269961775623254,-0.06459186033710762,65.91019541584649,118.65774060973288,0.7005253742238464,False,,False,completed_normally,2001,20.0,0,
traj_02896,gradual_approach_v3,20260823,74.0005393387379,989.8029377884535,0.0024996338333940875,0.6292742272616391,0.0007811355729356523,0.002499633833503155,-0.08353736846136128,74.0005393387379,90.52152043565327,0.7876798462649945,False,,True,validity_envelope_gamma_exceeded,990,9.89,0,
traj_02897,gradual_approach_v3,20260823,31.47070774976973,1200.5555383987505,0.17172488510583947,0.34864476291341123,0.05366402659557483,0.24098565851916165,-0.003401681331184514,19.712198688179686,55.16175856172121,0.6474829999055823,False,,False,completed_normally,2001,20.0,0,
traj_02898,gradual_approach_v3,20260823,41.018403551290305,900.6075108087194,0.08937555560467131,0.3229229587948762,0.027929861126459784,0.23769218850070783,0.0817322877739462,23.277795014291716,42.38606245466056,0.42254224133506696,False,,False,completed_normally,2001,20.0,0,
traj_02899,normal,20260823,41.14087522767866,1473.0096068836524,0.0886469124031675,0.3231483339914421,0.02770216012598984,0.09828934820663696,0.04291242965253049,37.901637351766624,48.87884861512336,0.16979596959897492,False,,False,completed_normally,2001,20.0,0,
traj_02900,gradual_approach_v3,20260823,70.06561506042594,1115.362230327845,0.007024486719498957,0.5737502333979624,0.002195152099843424,0.007024486719498957,-0.05982913753876573,70.06561506042527,129.37234292937154,0.7584644498065757,False,,False,completed_normally,2001,20.0,0,
traj_02901,gradual_approach_v3,20260823,41.39651834157788,1199.597628183706,0.08714553939078756,0.32365328038144797,0.027232981059621113,0.08714553939078756,-0.047873162148542536,41.39651834155945,76.72316877520942,0.6253999184154108,False,,False,completed_normally,2001,20.0,0,
traj_02902,gradual_approach_v3,20260823,46.53046820287993,1010.3079488577688,0.06181572210684204,0.34261508104286176,0.019317413158388138,0.06181572210684204,-0.058347705108964754,46.530468202854046,93.39731094460812,0.7548359074711074,False,,False,completed_normally,2001,20.0,0,
traj_02903,gradual_approach_v3,20260823,65.33690680530871,920.8573838170223,0.013567703359003806,0.5126634814510777,0.00423990729968869,0.013567703359053211,-0.061924481681100985,65.33690680530871,114.89234053100833,0.7277103970530108,False,,False,completed_normally,2001,20.0,0,
traj_02904,gradual_approach_v3,20260823,59.315574092272485,502.5712066169512,0.024238204092518815,0.4444692890886412,0.007574438778912129,0.024238204092518815,-0.06618456244287219,59.315574092254096,108.4778310845161,0.7817823302453139,False,,True,ground_contact,1859,18.580000000000002,0,
traj_02905,gradual_approach_v3,20260823,69.30117446139025,1776.2596855201655,0.007993168524868092,0.563449524027149,0.002497865164021279,0.007993168524868092,-0.06012071202272429,69.30117446138946,93.3786317605908,0.7856286072924935,False,,True,validity_envelope_gamma_exceeded,1175,11.74,0,
traj_02906,gradual_approach_v3,20260823,42.69679323777862,1227.877901582496,0.07989979441894804,0.32691765999500005,0.02496868575592126,0.0798997944190172,-0.05384387079340691,42.69679323777862,83.45526853921892,0.6722062576758763,False,,False,completed_normally,2001,20.0,0,
traj_02907,gradual_approach_v3,20260823,34.10399915341832,517.7969034861958,0.1428086162505056,0.33118092429525825,0.044627692578282994,0.502528880926781,0.09976312608146276,21.97387165777934,45.48542988593453,0.349694005431581,True,3.58,False,completed_normally,2001,20.0,0,
traj_02908,gradual_approach_v3,20260823,51.1715439173242,1161.285406398754,0.044972039684503605,0.37181803216109743,0.014053762401407377,0.04497203968457216,-0.03950422386851177,51.1715439173242,91.54022154717374,0.6124022640608889,False,,False,completed_normally,2001,20.0,0,
traj_02909,gradual_approach_v3,20260823,57.125557539125616,1742.0159651359131,0.02896763236911017,0.42256181828623607,0.009052385115346928,0.02896763236911017,-0.06871152443999207,57.125557539124884,106.00576217995864,0.7100954658147028,False,,False,completed_normally,2001,20.0,0,
traj_02910,gradual_approach_v3,20260823,31.903074541616302,1421.375072486489,0.1665423266903036,0.3450661689965835,0.05204447709071988,0.5597398041054178,0.12826332782673938,23.34140142984675,40.11712985146076,0.28075973502370866,True,7.51,False,completed_normally,2001,20.0,0,
traj_02911,gradual_approach_v3,20260823,57.86706526185484,1025.5383066809504,0.02730700679048555,0.4297963471481649,0.008533439622026734,0.02730700679048555,-0.06998076895178051,57.86706526182045,79.80539010496445,0.7863987201534697,False,,True,validity_envelope_gamma_exceeded,1204,12.030000000000001,0,
traj_02912,gradual_approach_v3,20260823,55.05458055924237,794.9667590680554,0.03396008134890861,0.4033873957989388,0.010612525421533943,0.03396008134890861,-0.06045727043874327,55.05458055923918,75.85741910503684,0.7860757569174911,False,,True,validity_envelope_gamma_exceeded,935,9.34,0,
traj_02913,normal,20260823,72.53569350620029,1655.4279600690159,0.004099089365764815,0.6081210077640452,0.0012809654268015047,0.004422212023426407,0.004014760187772225,72.1081898424165,72.65284867278912,0.004229538696611711,False,,False,completed_normally,2001,20.0,0,
traj_02914,gradual_approach_v3,20260823,47.49420572997605,1643.7250264795434,0.057920415637910797,0.3478322693054749,0.018100129886847123,0.2382031523530018,0.05504132728567179,17.982328488473108,47.49420572999162,0.6371591235550278,False,,False,completed_normally,2001,20.0,0,
traj_02915,stall,20260823,68.98332496313458,1065.6743248297753,0.008405351962816696,0.5592140435924327,0.002626672488380218,0.008405351962816696,-0.21001206851916376,68.98332496313458,71.32110493397344,0.7867823384032797,False,,True,validity_envelope_gamma_exceeded,285,2.84,0,
traj_02916,stall,20260823,32.51782574583369,1039.0391217735094,0.159487335355831,0.34048547364432524,0.04983979229869719,0.1594873353559421,-0.21249577452120794,32.51782574583369,38.169463852137085,0.7854646947693081,False,,True,validity_envelope_gamma_exceeded,428,4.2700000000000005,0,
traj_02917,gradual_approach_v3,20260823,60.852229417907644,1552.98914032026,0.02121592308643822,0.4607933170030604,0.006629975964511943,0.02121592308643822,-0.08467561554654524,60.85222941790132,79.35209149932919,0.7856893853068748,False,,True,validity_envelope_gamma_exceeded,837,8.36,0,
traj_02918,gradual_approach_v3,20260823,32.99744885838126,1030.7161435215435,0.15422215066173153,0.3373038665460375,0.0481944220817911,0.5232021894458572,0.112289528322505,22.717149980195444,43.030790183870245,0.3208839165496329,True,2.79,False,completed_normally,2001,20.0,0,
traj_02919,gradual_approach_v3,20260823,73.2234462514956,604.0363977144235,0.0033362926360587797,0.6179819651845638,0.0010425914487683687,0.0033362926362531377,-0.07647909028018851,73.2234462514956,95.81963871322459,0.7856782776125839,False,,True,validity_envelope_gamma_exceeded,847,8.46,0,
traj_02920,normal,20260823,54.06083175551842,900.338834247468,0.03655814562509365,0.39474600624373046,0.011424420507841766,0.0687499006303581,0.03655814562509365,42.64969259138394,54.06083175552016,0.20745645929279038,False,,False,completed_normally,2001,20.0,0,
traj_02921,stall,20260823,51.32899068478255,990.1535396792507,0.04447745299407573,0.37297951658772105,0.013899204060648665,0.04447745299420597,-0.3069998479506646,51.32899068478255,53.311922596231156,0.7894608891592534,True,2.2600000000000002,True,validity_envelope_gamma_exceeded,271,2.7,0,
traj_02922,gradual_approach_v3,20260823,42.13971150551533,1235.2821883577294,0.0829264157177983,0.3253797191350692,0.025914504911811968,0.30340870157843897,0.04350405626072873,18.354763224557914,60.07589358843331,0.5767235313952648,True,8.120000000000001,False,completed_normally,2001,20.0,0,
traj_02923,gradual_approach_v3,20260823,52.42347434511051,1635.7266890019805,0.041158928278559576,0.38133919725434445,0.012862165087049867,0.04115892827870473,-0.07763987653410553,52.42347434511051,73.59133285997288,0.7854150164608403,False,,True,validity_envelope_gamma_exceeded,850,8.49,0,
traj_02924,gradual_approach_v3,20260823,53.597841809811854,1778.9181048187597,0.037817278072073884,0.3908484056844631,0.011817899397523089,0.1344554601159232,0.03781727807205955,26.232863583511545,53.597841809811854,0.5006190125268436,False,,False,completed_normally,2001,20.0,0,
traj_02925,gradual_approach_v3,20260823,68.18287848613153,1165.8009071565918,0.00946874595913649,0.5486723504606461,0.0029589831122301532,0.1442369242151691,0.00946874595913649,22.985657414821503,68.18287848614412,0.764908495701574,False,,False,completed_normally,2001,20.0,0,
traj_02926,gradual_approach_v3,20260823,71.42813677118879,1196.9611433908958,0.005373667663814036,0.5925059657396183,0.0016792711449418862,0.005373667663814036,-0.07621161610625393,71.42813677117776,91.64445502057482,0.7873106262228913,False,,True,validity_envelope_gamma_exceeded,902,9.01,0,
traj_02927,normal,20260823,53.275560295167104,1069.970256428255,0.03871280569413403,0.38818447383282545,0.012097751779416886,0.03923706765591322,0.03808244195980366,52.96341805626488,53.65150960956675,0.0049181990664797426,False,,False,completed_normally,2001,20.0,0,
traj_02928,stall,20260823,33.75614820648437,1600.278377911477,0.14629104626157766,0.33293007768225413,0.04571595195674302,0.14629104626157766,-0.2286477174422209,33.756148206471835,38.85797355644583,0.7887708523291829,False,,True,validity_envelope_gamma_exceeded,619,6.18,0,
traj_02929,gradual_approach_v3,20260823,49.61172038131124,788.6452582134203,0.05012277234694344,0.36089039389367966,0.015663366358419827,0.05012277234694344,-0.04025440773678157,49.6117203812994,88.0962337628117,0.5878409152513917,False,,False,completed_normally,2001,20.0,0,
traj_02930,gradual_approach_v3,20260823,58.77362147290338,908.5075966625625,0.025360241390429642,0.43889691980941953,0.007925075434509262,0.025360241390452065,-0.06854086642047541,58.77362147290338,107.65511547547771,0.7039985293181387,False,,False,completed_normally,2001,20.0,0,
traj_02931,gradual_approach_v3,20260823,40.56232036489331,1049.682466612988,0.09214373236924295,0.3221796630681746,0.02879491636538842,0.09214373236924295,-0.03153805455107411,40.562320364892166,70.35649128858255,0.525848856033868,False,,False,completed_normally,2001,20.0,0,
traj_02932,gradual_approach_v3,20260823,50.514611661126274,825.7513293187765,0.04708461594012652,0.36708613005113366,0.014713942481289537,0.20885904598725188,0.04708461594012652,19.43202116979961,50.514611661135966,0.6004144457445978,False,,False,completed_normally,2001,20.0,0,
traj_02933,normal,20260823,36.29517074402586,595.5397839835227,0.1228700497592348,0.3235007103678235,0.03839689054976088,0.12461468023901312,0.0897278043649753,35.91396197686813,41.9937538202493,0.12196297699181208,False,,False,completed_normally,2001,20.0,0,
traj_02934,gradual_approach_v3,20260823,43.59906748585808,1379.292371930076,0.07522998266005768,0.32983174021274664,0.023509369581268025,0.07522998266005768,-0.0475465920917118,43.59906748585454,86.94120710005802,0.7140513989568278,False,,False,completed_normally,2001,20.0,0,
traj_02935,normal,20260823,41.180754556543455,1330.328992345072,0.08841096997094883,0.3232240433034476,0.02762842811592151,0.1281159925907092,0.08841096997094883,34.27383139041717,41.180754556546525,0.15120738722116564,False,,False,completed_normally,2001,20.0,0,
traj_02936,gradual_approach_v3,20260823,42.41401051236959,1752.5899919022083,0.08142201000386606,0.32611143340626125,0.02544437812620814,0.08142201000391326,-0.025152658790151328,42.41401051236959,71.76244467795496,0.49767846024998624,False,,False,completed_normally,2001,20.0,0,
traj_02937,gradual_approach_v3,20260823,65.11882777546786,1687.7284907212952,0.013903888051809664,0.5100008546772887,0.00434496501619052,0.013903888051809664,-0.06888579209215184,65.11882777544785,113.73956033474713,0.7353561793791283,False,,False,completed_normally,2001,20.0,0,
traj_02938,normal,20260823,62.94062895485122,1702.651330526124,0.01745342431141498,0.484183159268026,0.0054541950973171814,0.017973372744959023,0.01712531964936818,62.46848988292508,63.24851859299829,0.0060383540390089785,False,,False,completed_normally,2001,20.0,0,
traj_02939,normal,20260823,60.80831630210489,968.1771689237786,0.021299167097249896,0.46031623415340356,0.006655989717890593,0.021773961234366427,0.021096483406049478,60.41406309104898,60.98528662575492,0.005487226712488504,False,,False,completed_normally,2001,20.0,0,
traj_02940,gradual_approach_v3,20260823,50.77243044523154,537.0022266061719,0.04624596816369493,0.36892106466918834,0.014451865051154667,0.25258407491692664,0.04624596816369493,16.74729032692522,50.7724304452492,0.695671726934264,False,,False,completed_normally,2001,20.0,0,
traj_02941,gradual_approach_v3,20260823,69.11494337205286,1717.0824312999607,0.008233988004062113,0.560964517471342,0.00257312125126941,0.008233988004142156,-0.08946098731391106,69.11494337205286,79.81947400886155,0.7857669431814949,False,,True,validity_envelope_gamma_exceeded,894,8.93,0,
traj_02942,normal,20260823,41.49699422223493,1792.0022982613245,0.08656259845644285,0.3238643769511523,0.027050812017638388,0.0878972447852965,0.08511188841207541,41.06777354257849,41.95208633188898,0.011485505437227693,False,,False,completed_normally,2001,20.0,0,
traj_02943,gradual_approach_v3,20260823,56.27635304680563,1740.1189199136782,0.030949326082841903,0.4145129355339835,0.009671664400888094,0.030949326082989614,-0.0692908965942251,56.27635304680563,105.71321377031488,0.696205635601294,False,,False,completed_normally,2001,20.0,0,
traj_02944,gradual_approach_v3,20260823,72.70994352062297,1604.8018356270993,0.0039037966649521595,0.6106075225558264,0.0012199364577975497,0.09249502974807441,0.003903796664855734,29.759562651318067,72.70994352062297,0.6703436566669939,False,,False,completed_normally,2001,20.0,0,
traj_02945,gradual_approach_v3,20260823,74.74496182769633,1228.5207430012608,0.0017222770087856997,0.6402402229849525,0.0005382115652455312,0.0017222770089270738,-0.0816940941147053,74.74496182769633,97.01471198044956,0.7860060064578577,False,,True,validity_envelope_gamma_exceeded,955,9.540000000000001,0,
traj_02946,gradual_approach_v3,20260823,43.86164178930984,1255.7371463691695,0.0739223996247366,0.3307746771037969,0.023100749882730184,0.07392239962480854,-0.04046519729337228,43.86164178930984,81.29601511640371,0.6174927270490157,False,,False,completed_normally,2001,20.0,0,
traj_02947,gradual_approach_v3,20260823,72.03684015177299,1646.6668166030897,0.004665966589920536,0.6010472041126403,0.0014581145593501675,0.1101888389907727,0.004665966589896835,50.84421389571121,72.03684015177299,0.7867190958206011,False,,True,validity_envelope_gamma_exceeded,872,8.71,0,
traj_02948,gradual_approach_v3,20260823,35.83659938797053,696.1764959541435,0.12677557431866995,0.32466100797971814,0.039617366974584366,0.12677557431877795,-0.02917258161715197,35.83659938797053,69.13920574337578,0.6750712948578582,False,,False,completed_normally,2001,20.0,0,
traj_02949,gradual_approach_v3,20260823,66.14821057676312,1722.1580244998868,0.012345748253881437,0.5226911262848536,0.0038580463293379492,0.012345748253909663,-0.07012551496640751,66.14821057676312,87.42043320114325,0.7859669905454557,False,,True,validity_envelope_gamma_exceeded,1057,10.56,0,
traj_02950,gradual_approach_v3,20260823,50.826630691542434,1234.3303636059984,0.046071245468113184,0.3693104713765451,0.014397264208785369,0.20203624534202724,0.046071245468113184,20.124685892466974,50.82663069155307,0.6046923844940822,False,,False,completed_normally,2001,20.0,0,
traj_02951,stall,20260823,72.3060343234749,1435.3967684051447,0.004358621694125538,0.6048561620894517,0.0013620692794142305,0.21706471162261376,0.004358621694031789,64.2767280069445,72.3060343234749,0.7916867816621197,False,,True,validity_envelope_gamma_exceeded,424,4.23,0,
traj_02952,stall,20260823,40.85685936499513,1878.3482071204962,0.09034609394546064,0.32264226102723026,0.028233154357956453,1.088684432828423,0.04426142528525567,38.71251010195248,58.18595234119419,0.49068494604926044,True,4.19,False,completed_normally,2001,20.0,0,
traj_02953,gradual_approach_v3,20260823,38.24124251684364,596.106520607533,0.10768625205172908,0.3209111028827762,0.03365195376616534,0.4568265489225603,0.06254616396987468,20.542553258145386,55.332809454454306,0.4634577658482577,True,6.54,False,completed_normally,2001,20.0,0,
traj_02954,normal,20260823,55.76996827121889,1848.6281902148273,0.03217360698283898,0.4098358242161454,0.01005425218213718,0.03266376931555003,0.03187079406462296,55.44547967730732,55.97889935112313,0.004939982623552605,False,,False,completed_normally,2001,20.0,0,
traj_02955,gradual_approach_v3,20260823,61.620477789055606,531.7355209480805,0.01978787829086452,0.4692388667618641,0.006183711965895162,0.01978787829086452,-0.054068806924973345,61.620477789035554,109.39021383058753,0.6702213450592799,False,,True,ground_contact,1982,19.81,0,
traj_02956,gradual_approach_v3,20260823,53.718079299813766,1783.2366878424962,0.0374872131464451,0.3918526416142694,0.011714754108264093,0.16348601388643225,0.024665437794883394,23.43945451743648,59.73056018391212,0.5551948934803148,False,,False,completed_normally,2001,20.0,0,
traj_02957,gradual_approach_v3,20260823,35.35056987571468,775.5573679942615,0.1310634745406883,0.326139381581849,0.0409573357939651,0.1310634745406883,-0.030709629383749548,35.35056987571291,68.84640293145472,0.5980039431056894,False,,False,completed_normally,2001,20.0,0,
traj_02958,normal,20260823,63.96429526013542,1726.7363128141615,0.01574065684872728,0.4961391064581799,0.004918955265227275,0.01574065684872728,-0.01744613463114525,63.964295260111285,85.55185667029404,0.3049701625405415,False,,False,completed_normally,2001,20.0,0,
traj_02959,gradual_approach_v3,20260823,53.17658720325762,1238.213424531617,0.038991031208790314,0.3873745526746055,0.012184697252746974,0.23099865086026147,0.03899103120869588,17.63754446060174,53.17658720325762,0.6853738165141131,False,,False,completed_normally,2001,20.0,0,
traj_02960,gradual_approach_v3,20260823,64.56181575825515,1624.7470957245848,0.014777895252909866,0.5032636988081927,0.0046180922665343335,0.014777895252909866,-0.07842300942140423,64.56181575825269,121.77330076782324,0.77964137017759,False,,False,completed_normally,2001,20.0,0,
traj_02961,gradual_approach_v3,20260823,71.69672383886449,1611.378806601669,0.005059197659260432,0.5962624732309434,0.0015809992685188851,0.005059197659274989,-0.0875409273579485,71.69672383886449,90.80405005171141,0.7855692499294648,False,,True,validity_envelope_gamma_exceeded,772,7.71,0,
traj_02962,gradual_approach_v3,20260823,55.151599895225274,1264.4316117138105,0.033713795133771124,0.4042508752011076,0.010535560979303476,0.033713795133771124,-0.046678691192833854,55.15159989522419,100.1543864923265,0.6507212030438252,False,,False,completed_normally,2001,20.0,0,
traj_02963,gradual_approach_v3,20260823,65.9840398060754,1323.1789940120989,0.012589424291169406,0.5206465340860201,0.00393419509099044,0.16618537716359372,0.012589424290996274,21.044721401005127,65.9840398060754,0.7678693408043237,False,,False,completed_normally,2001,20.0,0,
traj_02964,gradual_approach_v3,20260823,42.446441987006864,1547.7918551931502,0.08124596442384968,0.3262012403708012,0.025389363882453025,0.08124596442396247,-0.04821150947388175,42.446441987006864,80.13236885455663,0.648207035988131,False,,False,completed_normally,2001,20.0,0,
traj_02965,gradual_approach_v3,20260823,32.28186694153387,868.5975587229599,0.16215329315776947,0.3421752198058284,0.05067290411180296,0.16272918824167898,0.041819356511666794,29.698387559345417,49.00568678676711,0.448412960676152,False,,False,completed_normally,2001,20.0,0,
traj_02966,normal,20260823,51.43450168284221,1422.7369758949883,0.04414849279593808,0.37376372763310184,0.013796403998730649,0.0653617897256441,0.04414849279586665,46.36206676918997,51.43450168284221,0.0944091428914587,False,,False,completed_normally,2001,20.0,0,
traj_02967,gradual_approach_v3,20260823,53.28193639876262,686.3000926307394,0.038694933759889485,0.388236783252331,0.012092166799965463,0.03869493375999631,-0.07088384843662054,53.28193639876262,75.95225828809781,0.7861325214268364,False,,True,validity_envelope_gamma_exceeded,885,8.84,0,
traj_02968,gradual_approach_v3,20260823,55.14311591193726,742.005188008657,0.033735281028978756,0.4041752279795136,0.01054227532155586,0.17068917558834013,0.018272212038927704,21.878039261701876,63.73014426500225,0.6117116821132392,False,,False,completed_normally,2001,20.0,0,
traj_02969,gradual_approach_v3,20260823,50.645530839485424,1828.8849776958032,0.04665719229115993,0.3680143015794901,0.014580372590987479,0.04665719229119095,-0.06315026526187201,50.645530839485424,98.48180300581711,0.724418917876487,False,,False,completed_normally,2001,20.0,0,
traj_02970,gradual_approach_v3,20260823,59.47059995448623,1797.3688539417399,0.023922791860050942,0.4460811888763666,0.007475872456265919,0.02392279186022155,-0.07598350878710153,59.47059995448623,79.64489806624606,0.7873338256962538,False,,True,validity_envelope_gamma_exceeded,877,8.76,0,
traj_02971,gradual_approach_v3,20260823,39.244770610260375,540.1185322942874,0.10065246950348272,0.32092138334482967,0.03145389671983835,0.10065246950348797,-0.03665750726568351,39.244770610260375,75.12860915312464,0.632457908344364,False,,False,completed_normally,2001,20.0,0,
traj_02972,normal,20260823,47.18230890661592,1159.869044788771,0.059155805841216644,0.3460921986192404,0.018486189325380202,0.059504589515973906,0.058791475021099486,47.03315311758667,47.342719378522474,0.002790355018489756,False,,False,completed_normally,2001,20.0,0,
traj_02973,gradual_approach_v3,20260823,70.92102664446547,1279.565088736291,0.005977081392020118,0.5854664829971654,0.001867837935006287,0.11846602555256391,0.005977081392020118,51.25084252589236,70.92102664447127,0.7862395046740934,False,,True,validity_envelope_gamma_exceeded,909,9.08,0,
traj_02974,gradual_approach_v3,20260823,67.06052998212621,698.9577895800634,0.011023693437986953,0.5341947891937407,0.003444904199370923,0.1131196193484719,0.011023693437986953,27.037581472288732,67.06052998212668,0.641874376398528,False,,False,completed_normally,2001,20.0,0,
traj_02975,gradual_approach_v3,20260823,56.53608140989184,779.2124917405412,0.03033389567663199,0.4169475588128601,0.009479342398947497,0.21001067761150186,0.016096086449444602,18.578092597578472,62.87158333672637,0.7131744853562015,False,,False,completed_normally,2001,20.0,0,
traj_02976,gradual_approach_v3,20260823,44.226411923261594,972.3503308032765,0.07214273782115685,0.3321534878555896,0.022544605569111514,0.07214273782115685,-0.029683294025242946,44.22641192325693,75.33216890623017,0.5486729825225884,False,,False,completed_normally,2001,20.0,0,
traj_02977,stall,20260823,57.06155294200583,1895.6115672494825,0.029113966365011394,0.4219463145795711,0.009098114489066061,0.02911396636515715,-0.22194030487211736,57.06155294200583,60.76765106159067,0.7890955916710438,False,,True,validity_envelope_gamma_exceeded,553,5.5200000000000005,0,
traj_02978,gradual_approach_v3,20260823,34.75408257082822,861.6316572120314,0.13654478935953632,0.3283198777326975,0.0426702466748551,0.1365447893596248,-0.017013292836178417,30.249222044019287,63.43826973387836,0.679938110384972,False,,False,completed_normally,2001,20.0,0,
traj_02979,gradual_approach_v3,20260823,72.29212009286096,1190.4837787730223,0.004374424584667029,0.6046588085481144,0.0013670076827084466,0.10228980136044541,0.004374424584604933,59.19299810231197,72.29212009286096,0.7863711831380366,False,,True,validity_envelope_gamma_exceeded,811,8.1,0,
traj_02980,stall,20260823,36.84667204681358,711.2683217593458,0.11834538451736193,0.32239405615239,0.036982932661675606,0.9366342589232195,0.08915762316929249,35.68053948792072,44.87407648455278,0.2937376837800297,True,6.23,False,completed_normally,2001,20.0,0,
traj_02981,gradual_approach_v3,20260823,48.535222520427084,1398.3969384572756,0.05396299581125609,0.3539864106288513,0.016863436191017527,0.05396299581125609,-0.07099469173834694,48.53522252042402,69.18613181587911,0.7863834347177922,False,,True,validity_envelope_gamma_exceeded,817,8.16,0,
traj_02982,normal,20260823,48.09471771889817,1899.2494438073013,0.05560715027890057,0.35131817401276083,0.017377234462156426,0.055986550251811165,0.055131011661277984,47.916521529173856,48.31168990106313,0.004462825501819494,False,,False,completed_normally,2001,20.0,0,
traj_02983,gradual_approach_v3,20260823,63.947387547626384,822.9453219875921,0.01576828810839145,0.495939060186262,0.0049275900338723285,0.13113355299358223,0.01576828810839145,24.966461282757674,63.94738754762711,0.6605235459373664,False,,False,completed_normally,2001,20.0,0,
traj_02984,gradual_approach_v3,20260823,33.25629003544256,1919.6414188836486,0.15146306830024092,0.33572315898542265,0.04733220884382529,0.1974627237889247,0.014174583930611218,23.97604392704492,52.99724397943191,0.5058415749269788,False,,False,completed_normally,2001,20.0,0,
traj_02985,gradual_approach_v3,20260823,68.52794857587716,1486.4469889086754,0.009005797593026336,0.5531948940675683,0.0028143117478207297,0.11301110335582398,0.009005797593026336,43.80350146572184,68.52794857588563,0.7862233229128833,False,,True,validity_envelope_gamma_exceeded,1053,10.52,0,
traj_02986,gradual_approach_v3,20260823,31.28139995487238,543.9783736024095,0.17405495784315855,0.35030858005948673,0.05439217432598705,0.4449673459573249,0.1416607535991075,24.21051775223792,37.617160630127664,0.21722893076587077,True,2.52,False,completed_normally,2001,20.0,0,
traj_02987,normal,20260823,68.83263245771865,936.7335627961692,0.008602745588775433,0.557215800873743,0.002688357996492323,0.008682201931986822,0.008419260337745472,68.73809982608536,69.04595778045949,0.002270325749236969,False,,False,completed_normally,2001,20.0,0,
traj_02988,gradual_approach_v3,20260823,47.122162679836045,988.3821550535272,0.05939677486418654,0.34576226972776314,0.018561492145058294,0.05939677486418654,-0.054602910386491066,47.12216267982876,83.62308416908772,0.6102911837859764,False,,False,completed_normally,2001,20.0,0,
traj_02989,gradual_approach_v3,20260823,32.93411216710444,782.4358320586983,0.15490593685004472,0.33770500380797625,0.048408105265638976,0.1549059368501224,0.008526907624864077,28.82244163193146,57.37833187326781,0.6282815165699559,False,,False,completed_normally,2001,20.0,0,
traj_02990,gradual_approach_v3,20260823,69.92752281429908,1777.2448551058035,0.007197149677608938,0.5718775716455524,0.0022491092742527932,0.1237518090189471,0.007197149677608938,25.229777127536615,69.92752281430148,0.7389128867824702,False,,False,completed_normally,2001,20.0,0,
traj_02991,gradual_approach_v3,20260823,31.946045907289598,773.2145587800021,0.16603747383060588,0.34472693484028755,0.051886710572064336,0.5613994270045229,0.12215397911756457,22.778727623281156,41.6992756186759,0.32396361266814055,True,6.93,False,completed_normally,2001,20.0,0,
traj_02992,gradual_approach_v3,20260823,37.31038367547878,1980.6728559473902,0.11468036786753771,0.3216975855419733,0.03583761495860553,0.4710295179522449,0.08483006395191872,22.285464954962208,45.97040853720619,0.3977597920500231,True,9.91,False,completed_normally,2001,20.0,0,
traj_02993,normal,20260823,56.53719589107595,530.0156811847808,0.03033127285387498,0.4169580574336061,0.009478522766835931,0.030409375487600518,0.029629909818666998,56.46833956632111,57.024154458294944,0.009213845375873239,False,,False,completed_normally,2001,20.0,0,
traj_02994,gradual_approach_v3,20260823,44.90810724903187,1469.0370765903479,0.06892761400650946,0.33493964510988156,0.021539879377034204,0.06892761400650946,-0.03060977598903597,44.908107249025605,78.44269611515048,0.5390002918176499,False,,False,completed_normally,2001,20.0,0,
traj_02995,gradual_approach_v3,20260823,67.6933507169431,1984.102669338459,0.010137553794486328,0.5423139295364275,0.0031679855607769777,0.010137553794486328,-0.07029228370676033,67.69335071694248,125.24036061347849,0.7724690327038201,False,,False,completed_normally,2001,20.0,0,
traj_02996,gradual_approach_v3,20260823,37.01686777529362,864.6425866495368,0.11698573765967904,0.322114098339507,0.0365580430186497,0.2636867907967479,0.08700366161273221,22.192664929605478,45.55194808961383,0.3944265445178428,False,,False,completed_normally,2001,20.0,0,
traj_02997,gradual_approach_v3,20260823,70.16820303839796,1991.4705781095868,0.006896869098891124,0.5751448059085414,0.0021552715934034764,0.10411758391657244,0.006896869098891124,45.16125475810611,70.16820303843068,0.7861983738340403,False,,True,validity_envelope_gamma_exceeded,1124,11.23,0,
traj_02998,gradual_approach_v3,20260823,32.028488976478656,1843.378867084661,0.16507392020672682,0.3440842460751297,0.05158560006460213,0.25932395603075176,0.018037518811756303,19.68765204243709,51.802596326667235,0.531765032464299,False,,False,completed_normally,2001,20.0,0,
traj_02999,gradual_approach_v3,20260823,71.77148005939517,848.5739348728241,0.0049722921356384455,0.5973114776289077,0.0015538412923870142,0.0049722921356384455,-0.06692346934420501,71.77148005939229,92.84764991010665,0.7860543384234585,False,,True,validity_envelope_gamma_exceeded,946,9.450000000000001,0,
traj_03000,gradual_approach_v3,20260823,70.97016734678027,1916.0437076637954,0.005918047625904458,0.5861455891640589,0.001849389883095143,0.1107031430045835,0.005918047625904458,47.552036023454235,70.97016734679949,0.7856976944960079,False,,True,validity_envelope_gamma_exceeded,1284,12.83,0,
traj_03001,gradual_approach_v3,20260823,68.71398332594163,938.6616958089879,0.008759070347450191,0.5556469129778833,0.0027372094835781844,0.008759070347637834,-0.08300717014388698,68.71398332594163,89.83879710866684,0.7864391431888995,False,,True,validity_envelope_gamma_exceeded,762,7.61,0,
traj_03002,gradual_approach_v3,20260823,33.307109921876254,1683.1856317845723,0.15092794522994993,0.3354237371246552,0.04716498288435935,0.48739668921620205,0.10957569269868317,22.58252426693375,43.41920249192301,0.31991916151150196,True,4.05,False,completed_normally,2001,20.0,0,
traj_03003,stall,20260823,37.84836786832351,1210.9734192810065,0.11058076659007887,0.32114614387498513,0.03455648955939965,0.1128825256161247,0.10866769668111814,37.29067656450811,38.345092689806734,0.013990629328724838,False,,False,completed_normally,2001,20.0,0,
traj_03004,gradual_approach_v3,20260823,64.55652289853904,711.7051959381139,0.014786307652797384,0.5032001215437051,0.0046207211414991825,0.1109525793774104,0.014786307652797384,27.707451143023814,64.55652289854201,0.6170474305693459,False,,False,completed_normally,2001,20.0,0,
traj_03005,gradual_approach_v3,20260823,50.10332857562294,504.7788811048648,0.04844869667123829,0.3642190293167394,0.015140217709761965,0.16247215608724036,0.04807271071432834,23.604803293331926,50.10332857562294,0.5123065986559462,False,,False,completed_normally,2001,20.0,0,
traj_03006,gradual_approach_v3,20260823,38.22634492454626,966.7223873869856,0.10779452189805422,0.3209174964571193,0.03368578809314195,0.43576191309702855,0.058793980791120234,18.721511841944903,57.48607674521714,0.5185019090086187,True,6.7700000000000005,False,completed_normally,2001,20.0,0,
traj_03007,gradual_approach_v3,20260823,32.318376567746554,1008.3594023028722,0.16173743728687626,0.34190827130842677,0.05054294915214883,0.4844691858892586,0.12360728661057149,23.03607822485995,40.77733571343829,0.2860566722202958,True,7.05,False,completed_normally,2001,20.0,0,
traj_03008,gradual_approach_v3,20260823,58.349201910021414,592.9663008582844,0.0262605295241212,0.43460167229389984,0.008206415476287875,0.026260529524256167,-0.07192099612157032,58.349201910021414,79.90513824878428,0.7862101278955541,False,,True,validity_envelope_gamma_exceeded,1071,10.700000000000001,0,
traj_03009,gradual_approach_v3,20260823,46.03518596464505,615.3929968717756,0.06391017909129271,0.3401208796376322,0.01997193096602897,0.06391017909137575,-0.061838836446763135,46.03518596464505,91.96023885799903,0.7585916205078094,False,,False,completed_normally,2001,20.0,0,
traj_03010,gradual_approach_v3,20260823,52.35856777810749,881.246279335084,0.04135006573510236,0.3808297112779981,0.012921895542219487,0.1841645476275387,0.024472072560795533,21.092961282320662,60.664842194083576,0.5912359625602664,False,,False,completed_normally,2001,20.0,0,
traj_03011,normal,20260823,37.702373753644174,1013.4567604753353,0.11167750009425279,0.3212691735946475,0.034899218779454,0.12196734213055968,0.04855624915437454,34.30215099496577,48.20124127763405,0.2588484876151551,False,,False,completed_normally,2001,20.0,0,
traj_03012,gradual_approach_v3,20260823,44.37954816572044,740.4261613642849,0.0714081027171449,0.3327558471300359,0.022315032099107783,0.07140810271726865,-0.03782660973456253,44.37954816572044,79.95717974674602,0.603740360651373,False,,False,completed_normally,2001,20.0,0,
traj_03013,normal,20260823,52.35122813316712,1378.8323911024509,0.04137172339211298,0.3807722061052127,0.012928663560035306,0.042051062293336494,0.04056784791621962,51.96286246405851,52.809823874916894,0.007768637287687541,False,,False,completed_normally,2001,20.0,0,
traj_03014,normal,20260823,66.84696990118383,1393.9131787913834,0.011328373558689764,0.5314805389013034,0.003540116737090551,0.04093436759416823,-0.013131208755026193,60.87446135054138,68.94860343863185,0.16320048390661826,False,,False,completed_normally,2001,20.0,0,
traj_03015,gradual_approach_v3,20260823,56.33571848398699,748.8594108768832,0.030807920570789033,0.4150672885296966,0.009627475178371573,0.15585833447335165,0.03036737533234346,23.176535628798703,56.33571848398799,0.5956636910527016,False,,False,completed_normally,2001,20.0,0,
traj_03016,normal,20260823,45.7604419952196,1628.1802769515061,0.06510041458659047,0.3387936649163128,0.020343879558309522,0.0841250906725877,0.06510041458644272,41.84289493467343,45.7604419952196,0.08320904464700382,False,,False,completed_normally,2001,20.0,0,
traj_03017,normal,20260823,43.2100419651883,1465.5567333852575,0.07720925779034812,0.3285125384861473,0.02412789305948379,0.10694488737732608,0.06446587898015044,39.421929108582766,46.13205364938484,0.1150668730058152,False,,False,completed_normally,2001,20.0,0,
traj_03018,gradual_approach_v3,20260823,74.97086694143088,1552.2701629365256,0.0014909037326752345,0.6435965755139915,0.0004659074164610108,0.10663842453287531,0.0014909037326268678,53.870813399080674,74.97086694143088,0.7865624646220293,False,,True,validity_envelope_gamma_exceeded,1098,10.97,0,
traj_03019,gradual_approach_v3,20260823,72.28697113474307,1205.613624494256,0.004380274732310249,0.6045857910090476,0.0013688358538469527,0.004380274732310249,-0.08602482600745964,72.28697113473305,90.85975323586554,0.7861755030367884,False,,True,validity_envelope_gamma_exceeded,1013,10.120000000000001,0,
traj_03020,stall,20260823,58.2094702907158,1722.1668211515816,0.02656118334534942,0.4332008623767392,0.008300369795421694,0.8110155382630957,0.012956431632400012,20.85442330348424,65.68263502078915,0.7246619271574656,True,3.34,False,completed_normally,2001,20.0,0,
traj_03021,gradual_approach_v3,20260823,52.39139358702666,549.9425128913181,0.04125331308607764,0.3810871648649524,0.012891660339399263,0.15124293740081657,0.04125331308599626,25.808830153810185,52.39139358702666,0.4979854310203604,False,,False,completed_normally,2001,20.0,0,
traj_03022,gradual_approach_v3,20260823,54.32318044077542,916.6171750250605,0.03585864675221774,0.3969910668163434,0.011205827110068045,0.03585864675221774,-0.07017824577506176,54.32318044076827,79.71131134369939,0.7858604961409522,False,,True,validity_envelope_gamma_exceeded,968,9.67,0,
traj_03023,gradual_approach_v3,20260823,57.30895129128046,1295.3585400023094,0.02855100669446885,0.42433335684573964,0.008922189592021516,0.13048553662967732,0.028551006694337366,26.04330318562179,57.30895129128046,0.5480649298626212,False,,False,completed_normally,2001,20.0,0,
traj_03024,gradual_approach_v3,20260823,63.5789905406242,1796.5771097424679,0.01637575370877732,0.49160167705088237,0.005117423033992913,0.01637575370877732,-0.0799586714824645,63.57899054062104,83.87228368121939,0.7878567751648908,False,,True,validity_envelope_gamma_exceeded,984,9.83,0,
traj_03025,gradual_approach_v3,20260823,40.38021658466859,1780.3031119557074,0.09327363357317692,0.32192591003433957,0.029148010491617787,0.38494015092730827,0.06886069444657822,20.592139969918733,47.85412147385633,0.4899568190203115,True,10.200000000000001,False,completed_normally,2001,20.0,0,
traj_03026,stall,20260823,58.759735198940966,1669.2226157110376,0.02538939351596945,0.43875542829337827,0.007934185473740453,0.2839911517413596,0.02538939351596945,50.260941918442846,58.759735198942465,0.7891568887809925,True,2.79,True,validity_envelope_gamma_exceeded,293,2.92,0,
traj_03027,normal,20260823,58.21470131030319,916.5845727974728,0.026549889585610085,0.4332531839757527,0.00829684049550315,0.026963020665061125,0.02610562643083772,57.908360534260424,58.55111263833239,0.0030674365697744223,False,,False,completed_normally,2001,20.0,0,
traj_03028,gradual_approach_v3,20260823,41.435434312345805,1449.2909066009845,0.08691928225875933,0.32373420107518197,0.027162275705862292,0.08691928225875933,-0.03086331311666657,41.43543431233629,70.6648404271882,0.5092699813642677,False,,False,completed_normally,2001,20.0,0,
traj_03029,gradual_approach_v3,20260823,50.31588596693095,1254.564861519673,0.047739645130255595,0.36569151478183276,0.014918639103204873,0.047739645130255595,-0.046956003938711854,50.31588596692715,91.47127900668465,0.638872625556631,False,,False,completed_normally,2001,20.0,0,
traj_03030,gradual_approach_v3,20260823,56.794924690545855,518.8847524360788,0.029728805330048236,0.4193977347826343,0.009290251665640074,0.16866279751950916,0.029728805330048236,21.832990154463477,56.79492469054834,0.6694113732552458,False,,False,completed_normally,2001,20.0,0,
traj_03031,normal,20260823,46.562599659803524,1506.5387387216733,0.061682069800436556,0.3427813464574986,0.019275646812636424,0.06335124247412768,0.06038429487585599,45.85969281849712,47.110669825330575,0.015816564215137628,False,,False,completed_normally,2001,20.0,0,
traj_03032,normal,20260823,64.04090704770161,1328.266822689998,0.015615725613167635,0.49704662629126206,0.004879914254114886,0.05093419049306773,0.015615725613167635,54.76862361678348,64.04090704770604,0.14766101707639806,False,,False,completed_normally,2001,20.0,0,
traj_03033,normal,20260823,42.92302434218716,1579.2332905280732,0.0787025301638746,0.3275999619031482,0.02459454067621081,0.07956799617348081,0.07790052479732394,42.6321419784202,43.203920611284154,0.0068647450291549105,False,,False,completed_normally,2001,20.0,0,
traj_03034,gradual_approach_v3,20260823,45.840899902509555,1890.663577989131,0.0647497205385309,0.3391781203110059,0.020234287668290905,0.0647497205385309,-0.03734087527863128,45.84089990249091,78.65883487782733,0.549176453464449,False,,False,completed_normally,2001,20.0,0,
traj_03035,normal,20260823,32.803317699180894,720.3651056616834,0.1563289596668352,0.33855150815276436,0.04885279989588599,0.1748940217167059,0.11197839015599928,29.649662607247393,36.74130395782482,0.10823633709660185,False,,False,completed_normally,2001,20.0,0,
traj_03036,gradual_approach_v3,20260823,67.42320351102393,1302.5628132983938,0.010512822951629579,0.5388340054814986,0.0032852571723842434,0.010512822951761433,-0.08906433090295174,67.42320351102393,86.51125804104754,0.7860172744735499,False,,True,validity_envelope_gamma_exceeded,667,6.66,0,
traj_03037,gradual_approach_v3,20260823,74.42343258697959,1394.652810011086,0.0020551962733917507,0.63548606071524,0.0006422488354349221,0.0020551962735296876,-0.07890346289467698,74.42343258697959,93.94322944364711,0.7867753815033935,False,,True,validity_envelope_gamma_exceeded,1171,11.700000000000001,0,
traj_03038,gradual_approach_v3,20260823,45.352695456804916,1852.0708892769273,0.06690539795970038,0.3368996409195332,0.02090793686240637,0.248597468058538,0.05827739272482235,18.679582475897423,45.79659736683651,0.5990117627154088,False,,False,completed_normally,2001,20.0,0,
traj_03039,gradual_approach_v3,20260823,49.430712463319274,1912.4701365014337,0.05075144943558603,0.3596922098997927,0.015859827948620633,0.05075144943558603,-0.05892277326975037,49.430712463298406,90.36863907805332,0.6607529979018639,False,,False,completed_normally,2001,20.0,0,
traj_03040,gradual_approach_v3,20260823,43.93009900018206,1380.6412361894995,0.07358517082067192,0.3310273755229182,0.022995365881459975,0.07358517082072892,-0.048421453434857764,43.93009900018206,79.96215084008443,0.5870321845168992,False,,False,completed_normally,2001,20.0,0,
traj_03041,gradual_approach_v3,20260823,41.31396425451324,938.9377658571073,0.08762750458675991,0.3234851524689641,0.027383595183362475,0.08762750458688524,-0.01708958166686908,41.31396425451324,67.43466070706774,0.4561755718972727,False,,False,completed_normally,2001,20.0,0,
traj_03042,gradual_approach_v3,20260823,57.16199670574415,870.1774797790179,0.028884537308862136,0.4229128774766702,0.009026417909019417,0.02888453730891763,-0.07178923837019546,57.16199670574415,108.20424641647925,0.7576103040766097,False,,False,completed_normally,2001,20.0,0,
traj_03043,gradual_approach_v3,20260823,53.05809399231615,514.2968396653328,0.03932613878819184,0.3864099778481731,0.012289418371309951,0.14116039378129525,0.0329827843644106,25.536136627131615,54.53503491673296,0.5132813293305863,False,,False,completed_normally,2001,20.0,0,
traj_03044,gradual_approach_v3,20260823,61.476912414693,1901.6536254905209,0.02005073413421869,0.4676464375227038,0.0062658544169433405,0.14945097733174706,0.02005073413421869,40.57476876192781,61.47691241469509,0.7871874933413879,False,,True,validity_envelope_gamma_exceeded,815,8.14,0,
traj_03045,gradual_approach_v3,20260823,38.80059733099301,1862.7745195093771,0.10370367550453868,0.3208112111803668,0.032407398595168335,0.10370367550464897,-0.053644803523371865,38.80059733099301,76.82521380274004,0.6743998172962872,False,,False,completed_normally,2001,20.0,0,
traj_03046,gradual_approach_v3,20260823,50.03245441393168,737.9525085913849,0.04868708074102314,0.3637324908808512,0.015214712731569732,0.17707483236484467,0.04868708074102314,23.356318573485684,50.03245441394678,0.5163831308419932,False,,False,completed_normally,2001,20.0,0,
traj_03047,normal,20260823,31.478215252396758,1220.5199313340506,0.17163326216419758,0.34858001604904976,0.05363539442631174,0.19473010628900012,0.11201447000062711,28.03404557749827,35.705815004076,0.12725116569866793,False,,False,completed_normally,2001,20.0,0,
traj_03048,gradual_approach_v3,20260823,57.06729449280614,765.3035100391061,0.029100819650270636,0.42200146997680155,0.009094006140709574,0.17182452685285574,0.02470306151266799,21.50382867857476,57.06729449280839,0.6605323909652097,False,,False,completed_normally,2001,20.0,0,
traj_03049,gradual_approach_v3,20260823,56.45759141212403,800.0463561746403,0.030518998595965945,0.41620927933579577,0.009537187061239358,0.030518998595965945,-0.06130690745921469,56.45759141212253,106.93126845665294,0.7084511266415068,False,,False,completed_normally,2001,20.0,0,
traj_03050,gradual_approach_v3,20260823,72.45558584750499,772.6858698516157,0.004189339553139456,0.6069805973894706,0.00130916861035608,0.004189339553290434,-0.0737884876063114,72.45558584750499,93.76982810428042,0.7860388369659105,False,,True,validity_envelope_gamma_exceeded,1046,10.450000000000001,0,
traj_03051,gradual_approach_v3,20260823,53.79262655214021,567.9527617417217,0.03728366186773545,0.3924780818130246,0.011651144333667327,0.0372836618678017,-0.06737883416531676,53.79262655214021,98.85734337483422,0.6830877545665733,False,,False,completed_normally,2001,20.0,0,
traj_03052,gradual_approach_v3,20260823,64.90838308734389,1646.8116226137276,0.014231484058967323,0.5074447101516568,0.004447338768427288,0.1370959790764874,0.014231484058932013,39.61766325580873,64.90838308734389,0.785547981201172,False,,True,validity_envelope_gamma_exceeded,1283,12.82,0,
traj_03053,gradual_approach_v3,20260823,37.09033264599051,891.325974914687,0.11640406871753103,0.32200202716960785,0.03637627147422844,0.11640406871767064,0.000741540917697403,37.09033264599051,60.50047272452849,0.48447753411742,False,,False,completed_normally,2001,20.0,0,
traj_03054,gradual_approach_v3,20260823,35.9157848780614,1526.7535005534692,0.12609161996783189,0.3244446523321348,0.039403631239947466,0.12609161996783189,-0.010817528446472324,35.915784878058965,61.761788429668,0.563035066574795,False,,False,completed_normally,2001,20.0,0,
traj_03055,normal,20260823,66.29795554375143,1840.5880577263554,0.012125043207207416,0.5245628623065275,0.0037890760022523174,0.012260864431422117,0.011864115136900328,66.15229499918367,66.57295175326102,0.003114455989844022,False,,False,completed_normally,2001,20.0,0,
traj_03056,gradual_approach_v3,20260823,45.28837385840124,1790.5443561484556,0.06719442573604054,0.3366092293701127,0.020998258042512666,0.06719442573604054,-0.05957331220298301,45.28837385838477,83.02417714725745,0.6543818783769045,False,,False,completed_normally,2001,20.0,0,
traj_03057,gradual_approach_v3,20260823,71.45845841104521,1193.1561814329596,0.005337990247668439,0.5929290773638686,0.001668121952396387,0.005337990247744639,-0.07310806215310373,71.45845841104521,90.0766403585854,0.7864901095069705,False,,True,validity_envelope_gamma_exceeded,649,6.48,0,
traj_03058,gradual_approach_v3,20260823,68.18459013559982,836.7169071035238,0.009466432423409856,0.548694701219864,0.00295826013231558,0.12982612392413095,0.009466432423395756,48.07837293391795,68.18459013559982,0.7862939952028004,False,,True,validity_envelope_gamma_exceeded,1234,12.33,0,
traj_03059,gradual_approach_v3,20260823,53.178572192192654,1408.9761670887438,0.038985436197844225,0.3873907583932643,0.01218294881182632,0.03898543619798731,-0.049030263800739105,53.178572192192654,95.74472869719872,0.6408082905312966,False,,False,completed_normally,2001,20.0,0,
traj_03060,normal,20260823,43.47361938994709,1997.0010401572026,0.07586269893139591,0.3293961089606779,0.023707093416061222,0.07636546098776226,0.07498780526355213,43.29867502844595,43.78729734029552,0.006206192061485242,False,,False,completed_normally,2001,20.0,0,
traj_03061,gradual_approach_v3,20260823,62.070800686283874,705.9625756797465,0.018975021917199013,0.4742757801029676,0.005929694349124691,0.1758227014403239,0.018975021917199013,20.57889459381577,62.07080068629437,0.7578644783686611,False,,False,completed_normally,2001,20.0,0,
traj_03062,gradual_approach_v3,20260823,33.407264148607524,712.3756372421775,0.14987957420381176,0.33484400350352395,0.04683736693869118,0.4842496601465959,0.11512245470432904,22.299923413669752,41.537278565343904,0.3257066128738534,True,8.05,False,completed_normally,2001,20.0,0,
traj_03063,gradual_approach_v3,20260823,30.151859565857986,1296.4169741445362,0.18881368315383554,0.36154619577099134,0.059004275985573604,0.5150708392999301,0.1534154755084336,23.868740915520988,36.54862741331679,0.2289531203895517,True,5.3,False,completed_normally,2001,20.0,0,
traj_03064,gradual_approach_v3,20260823,56.02938345320297,1186.5121811064712,0.0315423457948255,0.41222030496174455,0.009856983060882969,0.1661950623964407,0.0315423457948255,22.1762436514879,56.02938345320377,0.6430630172065991,False,,False,completed_normally,2001,20.0,0,
traj_03065,gradual_approach_v3,20260823,58.70387636147026,1038.4745626032627,0.02550686661410622,0.4381869185035825,0.007970895816908194,0.02550686661410622,-0.0560177188614322,58.70387636144711,104.61662920680452,0.656341235982898,False,,False,completed_normally,2001,20.0,0,
traj_03066,gradual_approach_v3,20260823,70.94480485436827,1032.4057468794992,0.005948500959057937,0.5857950072650111,0.0018589065497056055,0.11780662582042278,0.005948500959057937,50.56097486018999,70.94480485436827,0.7868080459499488,False,,True,validity_envelope_gamma_exceeded,1225,12.24,0,
traj_03067,gradual_approach_v3,20260823,32.34519095228582,1294.5638345524037,0.16143280139420335,0.34171350108796705,0.05044775043568855,0.538585562169963,0.12013969455366072,22.730355841549805,41.696138791445044,0.30873025840306584,True,7.0600000000000005,False,completed_normally,2001,20.0,0,
traj_03068,normal,20260823,63.71562106695827,1532.3223509253685,0.016149243236262028,0.49320554586862175,0.005046638511331884,0.058342843636796454,0.016149243236166306,49.76508060779615,63.71562106695827,0.22693053997812523,False,,False,completed_normally,2001,20.0,0,
traj_03069,gradual_approach_v3,20260823,32.27312472062,545.7924556472857,0.16225305395176012,0.3422394416974536,0.05070407935992504,0.4701173250133489,0.1249768924696647,23.03635927497338,40.47116358672876,0.27977402157159453,True,7.01,False,completed_normally,2001,20.0,0,
traj_03070,normal,20260823,61.66675735549981,742.7772509384629,0.019703530266930988,0.4697535815284153,0.006157353208415934,0.019703530266930988,-0.015255154952794642,61.666757355494276,71.03164861861991,0.14788346414830122,False,,False,completed_normally,2001,20.0,0,
traj_03071,gradual_approach_v3,20260823,46.00217617966066,637.609474113707,0.06405209655407884,0.3399592724609804,0.020016280173149638,0.06405209655407884,-0.056164478286791164,46.00217617964643,88.74751036319259,0.6987261890384432,False,,False,completed_normally,2001,20.0,0,
traj_03072,gradual_approach_v3,20260823,72.81267618126292,1136.3363728413763,0.0037893080467277986,0.6120772789910159,0.001184158764602437,0.0037893080467277986,-0.07151822684044551,72.81267618126196,92.51336403878575,0.7856387603514303,False,,True,validity_envelope_gamma_exceeded,1041,10.4,0,
traj_03073,gradual_approach_v3,20260823,61.92106909208479,1447.5555379462423,0.01924335373872045,0.47259398078476866,0.006013548043350141,0.01924335373872045,-0.07718944352746027,61.92106909207774,82.90221064647248,0.7856370669655762,False,,True,validity_envelope_gamma_exceeded,995,9.94,0,
traj_03074,gradual_approach_v3,20260823,45.408677656304164,1186.3680315938561,0.06665480455452194,0.3371542680595421,0.020829626423288106,0.06665480455452194,-0.06197876748867076,45.40867765630016,89.34702639707714,0.7070207407615218,False,,False,completed_normally,2001,20.0,0,
traj_03075,gradual_approach_v3,20260823,53.83598355073332,515.9716260223041,0.03716565676966338,0.39284282849021895,0.011614267740519806,0.03716565676970111,-0.05899965170700283,53.83598355073332,95.57638574885134,0.6376862103811378,False,,False,completed_normally,2001,20.0,0,
traj_03076,gradual_approach_v3,20260823,32.1744633754351,1787.9830437674145,0.1633838813085854,0.3429723323379305,0.051057462908932934,0.5495308001973285,0.12297873141251583,23.091476322402375,41.110119549207155,0.29477867313985995,True,3.92,False,completed_normally,2001,20.0,0,
traj_03077,gradual_approach_v3,20260823,36.02108923473437,1718.4168939577871,0.12518829621281805,0.32416736090705767,0.03912134256650564,0.49189375490457105,0.0919668902612468,20.216706444667267,44.86687093971656,0.43868792372698734,True,11.21,False,completed_normally,2001,20.0,0,
traj_03078,gradual_approach_v3,20260823,53.36992040807976,1501.7045041856188,0.038448959139480834,0.388960232514056,0.012015299731087762,0.03844895913964812,-0.06518490672488558,53.36992040807976,104.07409861976598,0.7488586398226094,False,,False,completed_normally,2001,20.0,0,
traj_03079,stall,20260823,69.86590269379275,1892.4765462994021,0.007274523287551495,0.5710436323179768,0.0022732885273598425,1.0387550474721934,0.007274523287422986,24.618951495737264,69.87169325472323,0.7296157693678584,True,4.8100000000000005,False,completed_normally,2001,20.0,0,
traj_03080,gradual_approach_v3,20260823,46.74597400875869,924.4152869658134,0.06092440727692524,0.3437404860419394,0.019038877274039138,0.17613907098445242,0.05124472577414707,25.055384451788182,49.66884274234983,0.44519254604636466,False,,False,completed_normally,2001,20.0,0,
traj_03081,gradual_approach_v3,20260823,70.13669632598015,1245.74098265533,0.006936003914831771,0.5747161997420637,0.0021675012233849282,0.006936003914997628,-0.065266762599418,70.13669632598015,128.1496106266725,0.751252814257595,False,,False,completed_normally,2001,20.0,0,
traj_03082,gradual_approach_v3,20260823,70.22566575466199,1050.777633060427,0.006825628282220544,0.575927207619396,0.0021330088381939197,0.006825628282393074,-0.08912724748499246,70.22566575466199,90.4632553180791,0.7857449836930417,False,,True,validity_envelope_gamma_exceeded,690,6.890000000000001,0,
traj_03083,gradual_approach_v3,20260823,46.75860166586152,594.947455513969,0.06087254952323602,0.3438071752860457,0.019022671726011256,0.06087254952323602,-0.062198931455464734,46.75860166585152,91.4645106830153,0.7353195076056244,False,,False,completed_normally,2001,20.0,0,
traj_03084,gradual_approach_v3,20260823,33.066875224986774,620.3729878666771,0.15347655833791235,0.33687068352036464,0.047961424480597606,0.46399019896441496,0.11232605620308417,22.097731341385753,42.955609796253405,0.32548062704532327,True,7.11,False,completed_normally,2001,20.0,0,
traj_03085,stall,20260823,71.56414180822199,1846.5784598841349,0.005213990590777555,0.5944057310156686,0.001629372059617986,0.005220549821663003,-0.3183524797328253,71.31646300128591,71.6423999265863,0.7883318984254016,True,6.68,True,validity_envelope_gamma_exceeded,702,7.01,0,
traj_03086,gradual_approach_v3,20260823,61.53723306762473,985.3147271053188,0.019940071063418184,0.4683147250296703,0.006231272207318183,0.18464755067493777,0.019940071063418184,19.91195929688196,61.53723306764293,0.7440013399186296,False,,False,completed_normally,2001,20.0,0,
traj_03087,stall,20260823,70.41902598343455,1262.6663340598298,0.006587171763390843,0.5785665904761007,0.0020584911760596386,0.006587171763542734,-0.22129930500008843,70.41902598343455,72.3947291916325,0.7919366443303859,False,,True,validity_envelope_gamma_exceeded,224,2.23,0,
traj_03088,gradual_approach_v3,20260823,41.64176144894762,888.4532649368379,0.08572967831046813,0.32418092741399823,0.02679052447202129,0.3999298394755104,0.04955550762927713,16.757372562672543,55.70753680748181,0.6210619978442685,True,10.02,False,completed_normally,2001,20.0,0,
traj_03089,stall,20260823,43.93109692484625,769.7799551499879,0.07358026606588455,0.3310310800421275,0.02299383314558892,0.07358026606588455,-0.3416088158500683,43.93109692484163,46.64331550832402,0.7864079101035351,True,6.8,True,validity_envelope_gamma_exceeded,740,7.390000000000001,0,
traj_03090,gradual_approach_v3,20260823,32.50378129487728,1678.362488146692,0.15964459034330233,0.34058371138898463,0.04988893448228198,0.43367598747021274,0.11984621195319374,22.693494737545166,41.51488083334193,0.2937567273732551,True,7.09,False,completed_normally,2001,20.0,0,
traj_03091,normal,20260823,72.7033518894473,1514.6282067245618,0.003911159008885614,0.6105133143285778,0.0012222371902767541,0.03262591588043352,-0.03515115954564947,68.3993816292267,77.61521811057641,0.151139635303243,False,,False,completed_normally,2001,20.0,0,
traj_03092,gradual_approach_v3,20260823,47.26470523075381,1313.8269326482502,0.0588271392408458,0.34654714339061365,0.018383481012764314,0.17588741644018901,0.05882713924068726,25.429863741690234,47.26470523075381,0.406356325625511,False,,False,completed_normally,2001,20.0,0,
traj_03093,gradual_approach_v3,20260823,56.58981647105076,1412.3074212367865,0.030207608855098746,0.4174542552244029,0.009439877767218358,0.030207608855124274,-0.04357418413298675,56.58981647105076,97.87126768061584,0.5883624458478153,False,,False,completed_normally,2001,20.0,0,
traj_03094,gradual_approach_v3,20260823,35.96245468962863,806.0660886711088,0.12569040208323665,0.3243202962229535,0.039278250651011454,0.12569040208327018,-0.04415395348767359,35.96245468962863,68.28624021488413,0.624509668980674,False,,False,completed_normally,2001,20.0,0,
traj_03095,stall,20260823,41.656812290360364,1647.3559521093332,0.08564355320212105,0.3242146730814051,0.026763610375662827,0.08564355320212105,-0.2958495907251759,41.65681229035926,44.59025563712133,0.785972472110839,True,3.04,True,validity_envelope_gamma_exceeded,344,3.43,0,
traj_03096,gradual_approach_v3,20260823,35.028509197597685,1378.636553341057,0.1339922791494956,0.32726534217127246,0.04187258723421738,0.13399227914960338,-0.01899925072274189,35.028509197597685,60.78592567793752,0.4912591078147474,False,,False,completed_normally,2001,20.0,0,
traj_03097,gradual_approach_v3,20260823,64.32059370473381,1231.1879525425907,0.015163377149073991,0.5003746328323269,0.0047385553590856225,0.15039339788515937,0.015163377149073991,40.95646915308102,64.32059370477278,0.7860307008892621,False,,True,validity_envelope_gamma_exceeded,1277,12.76,0,
traj_03098,gradual_approach_v3,20260823,50.35618249352174,1906.2805165755426,0.04760621008754631,0.36597291019749073,0.014876940652358223,0.04760621008754631,-0.0746548827737672,50.35618249352174,71.07252887975432,0.7862980320679125,False,,True,validity_envelope_gamma_exceeded,669,6.68,0,
traj_03099,gradual_approach_v3,20260823,67.66993246023819,739.856757103856,0.010169908866061082,0.5420114471566719,0.0031780965206440882,0.10682925325462729,0.010169908866061082,27.930262378655105,67.66993246023819,0.646287733460922,False,,False,completed_normally,2001,20.0,0,
traj_03100,gradual_approach_v3,20260823,43.35156270632198,998.1881691505341,0.07648334766106718,0.3289815761206587,0.023901046144083494,0.07648334766106718,-0.05590679575979751,43.35156270631596,77.12397014980654,0.6008481653414867,False,,False,completed_normally,2001,20.0,0,
traj_03101,normal,20260823,59.291371744076095,887.2580631634647,0.0242876658196907,0.44421835876006305,0.007589895568653344,0.0242876658196907,-0.033482444173205006,59.29137174405444,94.22149044905503,0.49022092983712745,False,,False,completed_normally,2001,20.0,0,
traj_03102,gradual_approach_v3,20260823,37.31250098091056,1344.4715912398428,0.11466391680575966,0.3216948819664302,0.0358324740017999,0.3793189128754834,0.09500674856817404,21.923862663213892,42.09917924826448,0.4071461983159499,True,10.56,False,completed_normally,2001,20.0,0,
traj_03103,gradual_approach_v3,20260823,72.93693463087038,1798.2298427432372,0.0036514702039381697,0.6138587388171264,0.001141084438730678,0.0036514702039898528,-0.08025122181785893,72.93693463087038,94.43392134722431,0.7867809351526448,False,,True,validity_envelope_gamma_exceeded,815,8.14,0,
traj_03104,gradual_approach_v3,20260823,64.71244309848643,752.667588805208,0.014539344503630702,0.5050765046653589,0.0045435451573845945,0.13456468448160253,0.01453934450351459,24.45110431470625,64.71244309848643,0.6867124289316572,False,,False,completed_normally,2001,20.0,0,
traj_03105,stall,20260823,58.04155267710589,1354.2155394414103,0.026925316020576625,0.4315262667519558,0.008414161256430195,0.5349149806917395,0.026925316020458133,47.66193051063117,58.04155267710589,0.7869742237657789,True,4.23,True,validity_envelope_gamma_exceeded,543,5.42,0,
traj_03106,normal,20260823,69.12752882598141,768.9382954660801,0.008217652771259569,0.5611321508989641,0.0025680164910186153,0.0083103611090431,0.007939487150136117,69.01480174866003,69.45507475595703,0.0034360097388207557,False,,False,completed_normally,2001,20.0,0,
traj_03107,gradual_approach_v3,20260823,61.68016310439789,1259.3642258530442,0.019679132261417924,0.46990280396594286,0.006149728831693102,0.17249263689331626,0.019679132261417924,20.904085376471038,61.68016310441362,0.7533036437226388,False,,False,completed_normally,2001,20.0,0,
traj_03108,stall,20260823,33.54893343850985,1648.9087458602585,0.14841061556937146,0.3340472044622302,0.04637831736542858,1.1676380177075711,0.081360169818607,32.23121013379988,51.91973302128693,0.5369762264517923,True,4.92,False,completed_normally,2001,20.0,0,
traj_03109,gradual_approach_v3,20260823,62.65088348937961,1593.9484853649055,0.017953333964971094,0.4808570337768003,0.005610416864053467,0.1490198223877508,0.017953333964971094,42.33693818658996,62.65088348938065,0.7872767533826235,False,,True,validity_envelope_gamma_exceeded,719,7.18,0,
traj_03110,normal,20260823,34.35557568841819,1501.120559521098,0.14034754900791463,0.3300118906892273,0.043858609064973325,0.1422489135285147,0.1379898656919566,33.9924781773017,34.84364757308683,0.01289750592531921,False,,False,completed_normally,2001,20.0,0,
traj_03111,gradual_approach_v3,20260823,50.304091790477,1338.7437367067444,0.047778758709426744,0.36560928948620136,0.014930862096695858,0.18895978494927895,0.047778758709426744,21.987575895342008,50.304091790488485,0.5509486921792467,False,,False,completed_normally,2001,20.0,0,
traj_03112,gradual_approach_v3,20260823,74.84271725938738,1472.8436405405578,0.0016219005164992395,0.6416909816606445,0.0005068439114060124,0.08088292133953659,0.001621900516455296,31.806177551708547,74.84271725938738,0.6482398423575606,False,,False,completed_normally,2001,20.0,0,
traj_03113,gradual_approach_v3,20260823,46.68597454626021,1332.4294824700141,0.06117136208511639,0.34342474155258856,0.01911605065159887,0.20360998977510003,0.03605226995625521,22.113698990142364,58.98653698229316,0.5183647203990793,False,,False,completed_normally,2001,20.0,0,
traj_03114,gradual_approach_v3,20260823,64.81789661625785,949.4699836595858,0.014373313336010968,0.5063496445560552,0.004491660417503427,0.014373313336010968,-0.07983182112223886,64.81789661625673,82.7165707847816,0.786171349473721,False,,True,validity_envelope_gamma_exceeded,766,7.65,0,
traj_03115,gradual_approach_v3,20260823,56.358773181245375,1172.9828732780036,0.03075312383850907,0.4152829123695792,0.009610351199534085,0.03075312383850907,-0.06478727601823375,56.358773181239016,103.54329237975507,0.692062064161378,False,,False,completed_normally,2001,20.0,0,
traj_03116,normal,20260823,55.03558227849113,1224.1524381022066,0.034008458818412024,0.40321871838682394,0.010627643380753758,0.061472165051864744,0.034008458818256385,45.24488759623829,55.03558227849113,0.15674473093838706,False,,False,completed_normally,2001,20.0,0,
traj_03117,gradual_approach_v3,20260823,57.13165071536968,1710.348315544172,0.028953726733036953,0.4226204883486952,0.009048039604074049,0.21639175178621683,0.028953726733036953,18.10035915773129,57.1316507153702,0.7628232431739467,False,,False,completed_normally,2001,20.0,0,
traj_03118,normal,20260823,34.34126780071516,1790.6701781140064,0.14048624668269602,0.33007625587462247,0.04390195208834251,0.14188464963795133,0.13908386529425942,34.073608090089,34.629638686585764,0.009075742292236887,False,,False,completed_normally,2001,20.0,0,
traj_03119,gradual_approach_v3,20260823,54.36881679436553,962.5166485900156,0.03573798019144088,0.3973842771607106,0.011168118809825276,0.17023675986907927,0.03573798019138517,22.038324733341614,54.36881679436553,0.6040780791272501,False,,False,completed_normally,2001,20.0,0,
traj_03120,stall,20260823,45.408962743100766,770.653842002992,0.06665353070153618,0.3371555691760752,0.020829228344230056,0.06785156395700886,-0.2614994408935488,44.945421933923676,48.12264521882445,0.7880822288454109,False,,True,validity_envelope_gamma_exceeded,737,7.36,0,
traj_03121,gradual_approach_v3,20260823,31.687658853651318,931.9363687944268,0.16910071312475175,0.34681117183111926,0.05284397285148492,0.16910071312480895,0.02473378505055257,31.687658853651318,49.32451730807531,0.46567973808068225,False,,False,completed_normally,2001,20.0,0,
traj_03122,gradual_approach_v3,20260823,66.86832998058698,1788.8205881383528,0.011297769749079888,0.5317514285945037,0.003530553046587465,0.011297769749079888,-0.0704512034955809,66.86832998058698,86.7930982835638,0.7856847372897309,False,,True,validity_envelope_gamma_exceeded,774,7.73,0,
traj_03123,gradual_approach_v3,20260823,36.583318829537895,1781.5302180733538,0.1204830496627301,0.3228840060552161,0.03765095301960316,0.4009861199663667,0.07933200195048024,20.57126898662755,49.42381953501773,0.43776265298213174,True,9.290000000000001,False,completed_normally,2001,20.0,0,
traj_03124,gradual_approach_v3,20260823,51.027769056727685,1346.4943384010428,0.04542759108491676,0.3707665951141238,0.014196122214036487,0.2525713485349724,0.025426779817785516,16.717461719307565,59.49648405805975,0.6981432530298806,False,,False,completed_normally,2001,20.0,0,
traj_03125,normal,20260823,63.10716945305947,1557.674042575647,0.017169157445038562,0.4861065939210617,0.00536536170157455,0.017377568390586413,0.016639430732283966,62.90317541184357,63.5984743613726,0.008549430467693875,False,,False,completed_normally,2001,20.0,0,
traj_03126,gradual_approach_v3,20260823,45.95188681501076,530.8108649903148,0.06426887063985734,0.33971419172268114,0.020084022074955417,0.21107509563708138,0.06426887063971869,22.00160426942792,45.95188681501076,0.49682613462927677,False,,False,completed_normally,2001,20.0,0,
traj_03127,gradual_approach_v3,20260823,63.374128032012436,1765.7256991536249,0.01671809648409862,0.489207433824909,0.005224405151280819,0.13598970313547165,0.016718096484039147,38.70266882555425,63.374128032012436,0.7859502936883171,False,,True,validity_envelope_gamma_exceeded,721,7.2,0,
traj_03128,normal,20260823,45.24986496590126,1520.8454660660036,0.06736803241023884,0.33643646341987515,0.021052510128199635,0.06736803241023884,0.0012468785507916413,45.249864965900805,64.18473911801112,0.32813925477943795,False,,False,completed_normally,2001,20.0,0,
traj_03129,gradual_approach_v3,20260823,68.78310497404915,1929.191514837054,0.008667902611047648,0.5565604261493613,0.00270871956595239,0.008667902611047648,-0.07514855666445341,68.78310497403317,87.48394625797523,0.786817522111167,False,,True,validity_envelope_gamma_exceeded,1153,11.52,0,
traj_03130,gradual_approach_v3,20260823,32.40562765534544,621.4662302466361,0.1607486200373868,0.3412784969397239,0.05023394376168337,0.4552992946968407,0.12481952878588011,23.381618643260058,40.32867197723699,0.26933799842148626,True,6.97,False,completed_normally,2001,20.0,0,
traj_03131,gradual_approach_v3,20260823,48.705407492471274,1591.3960853091196,0.053339369855663676,0.35504198774858553,0.0166685530798949,0.15702321683669396,0.053339369855663676,25.8930431009787,48.70540749248229,0.4246717172778192,False,,False,completed_normally,2001,20.0,0,
traj_03132,gradual_approach_v3,20260823,39.531035867879964,845.0147362783309,0.09873628178940996,0.32107842390424207,0.030855088059190613,0.09873628178945622,-0.018264835058014628,39.531035867879964,67.15303023314128,0.4806578918469259,False,,False,completed_normally,2001,20.0,0,
traj_03133,gradual_approach_v3,20260823,35.814575427275756,1999.2050659455142,0.1269665225342226,0.32472238697600797,0.039677038291944564,0.35038197834255613,0.10410565203182576,21.280173900239273,41.112844890635785,0.40277868704060293,True,11.58,False,completed_normally,2001,20.0,0,
traj_03134,gradual_approach_v3,20260823,61.2655045412664,1854.5897878420221,0.020441127995727792,0.4653133280404834,0.006387852498664935,0.13297239806250982,0.020441127995703585,36.85145039372158,61.2655045412664,0.7863998578645879,False,,True,validity_envelope_gamma_exceeded,1215,12.14,0,
traj_03135,gradual_approach_v3,20260823,62.30146464126489,1181.888333094755,0.01856538331402904,0.4768802697049885,0.005801682285634075,0.13348247643453948,0.01856538331402904,38.74530506538139,62.30146464127417,0.785784782721838,False,,True,validity_envelope_gamma_exceeded,1053,10.52,0,
traj_03136,gradual_approach_v3,20260823,57.47655030536457,580.0573619942742,0.028173689866979455,0.42596255584111004,0.008804278083431078,0.17640619575099273,0.021206590715604934,21.042611217633382,58.05873734683995,0.6776836605565308,False,,False,completed_normally,2001,20.0,0,
traj_03137,gradual_approach_v3,20260823,72.22159760724686,1599.7003740208072,0.004454658661732149,0.6036593422846352,0.0013920808317912966,0.09528685306129847,0.004454658661601657,49.146975847315694,72.22159760724686,0.7863347662855764,False,,True,validity_envelope_gamma_exceeded,1072,10.71,0,
traj_03138,gradual_approach_v3,20260823,64.20847990367615,830.6594379859952,0.015344002098964617,0.4990377752010069,0.004795000655926443,0.13150124072675007,0.015344002098783244,41.451483743029975,64.20847990367615,0.7859731083235132,False,,True,validity_envelope_gamma_exceeded,1070,10.69,0,
traj_03139,stall,20260823,74.02291088723378,1663.7586366683017,0.0024759333454604585,0.6296016677786058,0.0007737291704563933,0.0024759333454604585,-0.24652735805072334,74.02291088723378,74.93699497709733,0.7922889307280435,False,,True,validity_envelope_gamma_exceeded,418,4.17,0,
traj_03140,gradual_approach_v3,20260823,35.34961417093876,1487.079549146985,0.1310720609752161,0.3261425477449957,0.04096001905475503,0.13107206097525545,-6.217706929356748e-05,35.34961417093876,56.6114448557534,0.4053741115922934,False,,False,completed_normally,2001,20.0,0,
traj_03141,gradual_approach_v3,20260823,48.662869530407406,1803.8168993561317,0.053494650038453856,0.3547768639141193,0.01671707813701683,0.053494650038453856,-0.06667628391503488,48.66286953038678,94.38603117337227,0.7295600603656558,False,,False,completed_normally,2001,20.0,0,
traj_03142,gradual_approach_v3,20260823,52.489232016601356,1313.2265280080105,0.040965991848185945,0.38185710434813597,0.012801872452558108,0.040965991848185945,-0.05034379812412826,52.48923201658877,93.50106121370705,0.6240725031508453,False,,False,completed_normally,2001,20.0,0,
traj_03143,gradual_approach_v3,20260823,66.52466616714999,1216.9946682499199,0.0117937008956082,0.527408947717538,0.0036855315298775625,0.0117937008956082,-0.08260203345828632,66.52466616714119,85.02748120750451,0.7856878150851048,False,,True,validity_envelope_gamma_exceeded,976,9.75,0,
traj_03144,gradual_approach_v3,20260823,51.64307487029469,1959.4289927505997,0.04350399657199691,0.3753276946096338,0.013594998928749035,0.043503996572012024,-0.07605370293506086,51.64307487029469,73.11076320199297,0.7862907129481493,False,,True,validity_envelope_gamma_exceeded,772,7.71,0,
traj_03145,gradual_approach_v3,20260823,51.57968730622438,895.2789115158412,0.04369905745598272,0.37485046384157666,0.0136559554549946,0.2204150189483501,0.024556865521807247,18.48828768112789,60.47067759103343,0.6530100464178799,False,,False,completed_normally,2001,20.0,0,
traj_03146,gradual_approach_v3,20260823,40.291111074353864,559.8727957678971,0.09383173683915846,0.3218108455434677,0.02932241776223702,0.09383173683922501,-0.055630360167200354,40.291111074353864,78.83321455421122,0.6870978223767241,False,,False,completed_normally,2001,20.0,0,
traj_03147,gradual_approach_v3,20260823,65.16083311547445,1333.4748287635355,0.013838874270290433,0.5105126302404822,0.00432464820946576,0.1434366191627215,0.013838874270239608,23.378422615521156,65.16083311547445,0.7142931636725232,False,,False,completed_normally,2001,20.0,0,
traj_03148,normal,20260823,30.681694969849794,666.088096063491,0.18169878313663398,0.3559871275609664,0.05678086973019812,0.20557813692682048,0.17038966082808502,28.503349012589503,32.56045942839804,0.06689448231473658,False,,False,completed_normally,2001,20.0,0,
traj_03149,gradual_approach_v3,20260823,46.11004610052749,1169.7131908014644,0.06358942525694522,0.34048953332958976,0.01987169539279538,0.06358942525694522,-0.04562106722013548,46.110046100527114,80.41896209202218,0.5749910558627769,False,,False,completed_normally,2001,20.0,0,
